namespace,block_id,block,jar,storage_candidate
another_furniture,another_furniture:acacia_bench,acacia_bench,another_furniture-forge-1.20.1-3.0.4.jar,False
another_furniture,another_furniture:acacia_chair,acacia_chair,another_furniture-forge-1.20.1-3.0.4.jar,False
another_furniture,another_furniture:acacia_drawer,acacia_drawer,another_furniture-forge-1.20.1-3.0.4.jar,True
another_furniture,another_furniture:acacia_flower_box,acacia_flower_box,another_furniture-forge-1.20.1-3.0.4.jar,False
another_furniture,another_furniture:acacia_shelf,acacia_shelf,another_furniture-forge-1.20.1-3.0.4.jar,True
another_furniture,another_furniture:acacia_shutter,acacia_shutter,another_furniture-forge-1.20.1-3.0.4.jar,False
another_furniture,another_furniture:acacia_table,acacia_table,another_furniture-forge-1.20.1-3.0.4.jar,True
another_furniture,another_furniture:bamboo_bench,bamboo_bench,another_furniture-forge-1.20.1-3.0.4.jar,False
another_furniture,another_furniture:bamboo_chair,bamboo_chair,another_furniture-forge-1.20.1-3.0.4.jar,False
another_furniture,another_furniture:bamboo_drawer,bamboo_drawer,another_furniture-forge-1.20.1-3.0.4.jar,True
another_furniture,another_furniture:bamboo_flower_box,bamboo_flower_box,another_furniture-forge-1.20.1-3.0.4.jar,False
another_furniture,another_furniture:bamboo_shelf,bamboo_shelf,another_furniture-forge-1.20.1-3.0.4.jar,True
another_furniture,another_furniture:bamboo_shutter,bamboo_shutter,another_furniture-forge-1.20.1-3.0.4.jar,False
another_furniture,another_furniture:bamboo_table,bamboo_table,another_furniture-forge-1.20.1-3.0.4.jar,True
another_furniture,another_furniture:birch_bench,birch_bench,another_furniture-forge-1.20.1-3.0.4.jar,False
another_furniture,another_furniture:birch_chair,birch_chair,another_furniture-forge-1.20.1-3.0.4.jar,False
another_furniture,another_furniture:birch_drawer,birch_drawer,another_furniture-forge-1.20.1-3.0.4.jar,True
another_furniture,another_furniture:birch_flower_box,birch_flower_box,another_furniture-forge-1.20.1-3.0.4.jar,False
another_furniture,another_furniture:birch_shelf,birch_shelf,another_furniture-forge-1.20.1-3.0.4.jar,True
another_furniture,another_furniture:birch_shutter,birch_shutter,another_furniture-forge-1.20.1-3.0.4.jar,False
another_furniture,another_furniture:birch_table,birch_table,another_furniture-forge-1.20.1-3.0.4.jar,True
another_furniture,another_furniture:black_curtain,black_curtain,another_furniture-forge-1.20.1-3.0.4.jar,False
another_furniture,another_furniture:black_lamp,black_lamp,another_furniture-forge-1.20.1-3.0.4.jar,False
another_furniture,another_furniture:black_lamp_connector,black_lamp_connector,another_furniture-forge-1.20.1-3.0.4.jar,False
another_furniture,another_furniture:black_sofa,black_sofa,another_furniture-forge-1.20.1-3.0.4.jar,False
another_furniture,another_furniture:black_stool,black_stool,another_furniture-forge-1.20.1-3.0.4.jar,False
another_furniture,another_furniture:black_tall_stool,black_tall_stool,another_furniture-forge-1.20.1-3.0.4.jar,False
another_furniture,another_furniture:blue_curtain,blue_curtain,another_furniture-forge-1.20.1-3.0.4.jar,False
another_furniture,another_furniture:blue_lamp,blue_lamp,another_furniture-forge-1.20.1-3.0.4.jar,False
another_furniture,another_furniture:blue_lamp_connector,blue_lamp_connector,another_furniture-forge-1.20.1-3.0.4.jar,False
another_furniture,another_furniture:blue_sofa,blue_sofa,another_furniture-forge-1.20.1-3.0.4.jar,False
another_furniture,another_furniture:blue_stool,blue_stool,another_furniture-forge-1.20.1-3.0.4.jar,False
another_furniture,another_furniture:blue_tall_stool,blue_tall_stool,another_furniture-forge-1.20.1-3.0.4.jar,False
another_furniture,another_furniture:brown_curtain,brown_curtain,another_furniture-forge-1.20.1-3.0.4.jar,False
another_furniture,another_furniture:brown_lamp,brown_lamp,another_furniture-forge-1.20.1-3.0.4.jar,False
another_furniture,another_furniture:brown_lamp_connector,brown_lamp_connector,another_furniture-forge-1.20.1-3.0.4.jar,False
another_furniture,another_furniture:brown_sofa,brown_sofa,another_furniture-forge-1.20.1-3.0.4.jar,False
another_furniture,another_furniture:brown_stool,brown_stool,another_furniture-forge-1.20.1-3.0.4.jar,False
another_furniture,another_furniture:brown_tall_stool,brown_tall_stool,another_furniture-forge-1.20.1-3.0.4.jar,False
another_furniture,another_furniture:cherry_bench,cherry_bench,another_furniture-forge-1.20.1-3.0.4.jar,False
another_furniture,another_furniture:cherry_chair,cherry_chair,another_furniture-forge-1.20.1-3.0.4.jar,False
another_furniture,another_furniture:cherry_drawer,cherry_drawer,another_furniture-forge-1.20.1-3.0.4.jar,True
another_furniture,another_furniture:cherry_flower_box,cherry_flower_box,another_furniture-forge-1.20.1-3.0.4.jar,False
another_furniture,another_furniture:cherry_shelf,cherry_shelf,another_furniture-forge-1.20.1-3.0.4.jar,True
another_furniture,another_furniture:cherry_shutter,cherry_shutter,another_furniture-forge-1.20.1-3.0.4.jar,False
another_furniture,another_furniture:cherry_table,cherry_table,another_furniture-forge-1.20.1-3.0.4.jar,True
another_furniture,another_furniture:crimson_bench,crimson_bench,another_furniture-forge-1.20.1-3.0.4.jar,False
another_furniture,another_furniture:crimson_chair,crimson_chair,another_furniture-forge-1.20.1-3.0.4.jar,False
another_furniture,another_furniture:crimson_drawer,crimson_drawer,another_furniture-forge-1.20.1-3.0.4.jar,True
another_furniture,another_furniture:crimson_flower_box,crimson_flower_box,another_furniture-forge-1.20.1-3.0.4.jar,False
another_furniture,another_furniture:crimson_shelf,crimson_shelf,another_furniture-forge-1.20.1-3.0.4.jar,True
another_furniture,another_furniture:crimson_shutter,crimson_shutter,another_furniture-forge-1.20.1-3.0.4.jar,False
another_furniture,another_furniture:crimson_table,crimson_table,another_furniture-forge-1.20.1-3.0.4.jar,True
another_furniture,another_furniture:cyan_curtain,cyan_curtain,another_furniture-forge-1.20.1-3.0.4.jar,False
another_furniture,another_furniture:cyan_lamp,cyan_lamp,another_furniture-forge-1.20.1-3.0.4.jar,False
another_furniture,another_furniture:cyan_lamp_connector,cyan_lamp_connector,another_furniture-forge-1.20.1-3.0.4.jar,False
another_furniture,another_furniture:cyan_sofa,cyan_sofa,another_furniture-forge-1.20.1-3.0.4.jar,False
another_furniture,another_furniture:cyan_stool,cyan_stool,another_furniture-forge-1.20.1-3.0.4.jar,False
another_furniture,another_furniture:cyan_tall_stool,cyan_tall_stool,another_furniture-forge-1.20.1-3.0.4.jar,False
another_furniture,another_furniture:dark_oak_bench,dark_oak_bench,another_furniture-forge-1.20.1-3.0.4.jar,False
another_furniture,another_furniture:dark_oak_chair,dark_oak_chair,another_furniture-forge-1.20.1-3.0.4.jar,False
another_furniture,another_furniture:dark_oak_drawer,dark_oak_drawer,another_furniture-forge-1.20.1-3.0.4.jar,True
another_furniture,another_furniture:dark_oak_flower_box,dark_oak_flower_box,another_furniture-forge-1.20.1-3.0.4.jar,False
another_furniture,another_furniture:dark_oak_shelf,dark_oak_shelf,another_furniture-forge-1.20.1-3.0.4.jar,True
another_furniture,another_furniture:dark_oak_shutter,dark_oak_shutter,another_furniture-forge-1.20.1-3.0.4.jar,False
another_furniture,another_furniture:dark_oak_table,dark_oak_table,another_furniture-forge-1.20.1-3.0.4.jar,True
another_furniture,another_furniture:gray_curtain,gray_curtain,another_furniture-forge-1.20.1-3.0.4.jar,False
another_furniture,another_furniture:gray_lamp,gray_lamp,another_furniture-forge-1.20.1-3.0.4.jar,False
another_furniture,another_furniture:gray_lamp_connector,gray_lamp_connector,another_furniture-forge-1.20.1-3.0.4.jar,False
another_furniture,another_furniture:gray_sofa,gray_sofa,another_furniture-forge-1.20.1-3.0.4.jar,False
another_furniture,another_furniture:gray_stool,gray_stool,another_furniture-forge-1.20.1-3.0.4.jar,False
another_furniture,another_furniture:gray_tall_stool,gray_tall_stool,another_furniture-forge-1.20.1-3.0.4.jar,False
another_furniture,another_furniture:green_curtain,green_curtain,another_furniture-forge-1.20.1-3.0.4.jar,False
another_furniture,another_furniture:green_lamp,green_lamp,another_furniture-forge-1.20.1-3.0.4.jar,False
another_furniture,another_furniture:green_lamp_connector,green_lamp_connector,another_furniture-forge-1.20.1-3.0.4.jar,False
another_furniture,another_furniture:green_sofa,green_sofa,another_furniture-forge-1.20.1-3.0.4.jar,False
another_furniture,another_furniture:green_stool,green_stool,another_furniture-forge-1.20.1-3.0.4.jar,False
another_furniture,another_furniture:green_tall_stool,green_tall_stool,another_furniture-forge-1.20.1-3.0.4.jar,False
another_furniture,another_furniture:jungle_bench,jungle_bench,another_furniture-forge-1.20.1-3.0.4.jar,False
another_furniture,another_furniture:jungle_chair,jungle_chair,another_furniture-forge-1.20.1-3.0.4.jar,False
another_furniture,another_furniture:jungle_drawer,jungle_drawer,another_furniture-forge-1.20.1-3.0.4.jar,True
another_furniture,another_furniture:jungle_flower_box,jungle_flower_box,another_furniture-forge-1.20.1-3.0.4.jar,False
another_furniture,another_furniture:jungle_shelf,jungle_shelf,another_furniture-forge-1.20.1-3.0.4.jar,True
another_furniture,another_furniture:jungle_shutter,jungle_shutter,another_furniture-forge-1.20.1-3.0.4.jar,False
another_furniture,another_furniture:jungle_table,jungle_table,another_furniture-forge-1.20.1-3.0.4.jar,True
another_furniture,another_furniture:light_blue_curtain,light_blue_curtain,another_furniture-forge-1.20.1-3.0.4.jar,False
another_furniture,another_furniture:light_blue_lamp,light_blue_lamp,another_furniture-forge-1.20.1-3.0.4.jar,False
another_furniture,another_furniture:light_blue_lamp_connector,light_blue_lamp_connector,another_furniture-forge-1.20.1-3.0.4.jar,False
another_furniture,another_furniture:light_blue_sofa,light_blue_sofa,another_furniture-forge-1.20.1-3.0.4.jar,False
another_furniture,another_furniture:light_blue_stool,light_blue_stool,another_furniture-forge-1.20.1-3.0.4.jar,False
another_furniture,another_furniture:light_blue_tall_stool,light_blue_tall_stool,another_furniture-forge-1.20.1-3.0.4.jar,False
another_furniture,another_furniture:light_gray_curtain,light_gray_curtain,another_furniture-forge-1.20.1-3.0.4.jar,False
another_furniture,another_furniture:light_gray_lamp,light_gray_lamp,another_furniture-forge-1.20.1-3.0.4.jar,False
another_furniture,another_furniture:light_gray_lamp_connector,light_gray_lamp_connector,another_furniture-forge-1.20.1-3.0.4.jar,False
another_furniture,another_furniture:light_gray_sofa,light_gray_sofa,another_furniture-forge-1.20.1-3.0.4.jar,False
another_furniture,another_furniture:light_gray_stool,light_gray_stool,another_furniture-forge-1.20.1-3.0.4.jar,False
another_furniture,another_furniture:light_gray_tall_stool,light_gray_tall_stool,another_furniture-forge-1.20.1-3.0.4.jar,False
another_furniture,another_furniture:lime_curtain,lime_curtain,another_furniture-forge-1.20.1-3.0.4.jar,False
another_furniture,another_furniture:lime_lamp,lime_lamp,another_furniture-forge-1.20.1-3.0.4.jar,False
another_furniture,another_furniture:lime_lamp_connector,lime_lamp_connector,another_furniture-forge-1.20.1-3.0.4.jar,False
another_furniture,another_furniture:lime_sofa,lime_sofa,another_furniture-forge-1.20.1-3.0.4.jar,False
another_furniture,another_furniture:lime_stool,lime_stool,another_furniture-forge-1.20.1-3.0.4.jar,False
another_furniture,another_furniture:lime_tall_stool,lime_tall_stool,another_furniture-forge-1.20.1-3.0.4.jar,False
another_furniture,another_furniture:magenta_curtain,magenta_curtain,another_furniture-forge-1.20.1-3.0.4.jar,False
another_furniture,another_furniture:magenta_lamp,magenta_lamp,another_furniture-forge-1.20.1-3.0.4.jar,False
another_furniture,another_furniture:magenta_lamp_connector,magenta_lamp_connector,another_furniture-forge-1.20.1-3.0.4.jar,False
another_furniture,another_furniture:magenta_sofa,magenta_sofa,another_furniture-forge-1.20.1-3.0.4.jar,False
another_furniture,another_furniture:magenta_stool,magenta_stool,another_furniture-forge-1.20.1-3.0.4.jar,False
another_furniture,another_furniture:magenta_tall_stool,magenta_tall_stool,another_furniture-forge-1.20.1-3.0.4.jar,False
another_furniture,another_furniture:mangrove_bench,mangrove_bench,another_furniture-forge-1.20.1-3.0.4.jar,False
another_furniture,another_furniture:mangrove_chair,mangrove_chair,another_furniture-forge-1.20.1-3.0.4.jar,False
another_furniture,another_furniture:mangrove_drawer,mangrove_drawer,another_furniture-forge-1.20.1-3.0.4.jar,True
another_furniture,another_furniture:mangrove_flower_box,mangrove_flower_box,another_furniture-forge-1.20.1-3.0.4.jar,False
another_furniture,another_furniture:mangrove_shelf,mangrove_shelf,another_furniture-forge-1.20.1-3.0.4.jar,True
another_furniture,another_furniture:mangrove_shutter,mangrove_shutter,another_furniture-forge-1.20.1-3.0.4.jar,False
another_furniture,another_furniture:mangrove_table,mangrove_table,another_furniture-forge-1.20.1-3.0.4.jar,True
another_furniture,another_furniture:oak_bench,oak_bench,another_furniture-forge-1.20.1-3.0.4.jar,False
another_furniture,another_furniture:oak_chair,oak_chair,another_furniture-forge-1.20.1-3.0.4.jar,False
another_furniture,another_furniture:oak_drawer,oak_drawer,another_furniture-forge-1.20.1-3.0.4.jar,True
another_furniture,another_furniture:oak_flower_box,oak_flower_box,another_furniture-forge-1.20.1-3.0.4.jar,False
another_furniture,another_furniture:oak_shelf,oak_shelf,another_furniture-forge-1.20.1-3.0.4.jar,True
another_furniture,another_furniture:oak_shutter,oak_shutter,another_furniture-forge-1.20.1-3.0.4.jar,False
another_furniture,another_furniture:oak_table,oak_table,another_furniture-forge-1.20.1-3.0.4.jar,True
another_furniture,another_furniture:orange_curtain,orange_curtain,another_furniture-forge-1.20.1-3.0.4.jar,False
another_furniture,another_furniture:orange_lamp,orange_lamp,another_furniture-forge-1.20.1-3.0.4.jar,False
another_furniture,another_furniture:orange_lamp_connector,orange_lamp_connector,another_furniture-forge-1.20.1-3.0.4.jar,False
another_furniture,another_furniture:orange_sofa,orange_sofa,another_furniture-forge-1.20.1-3.0.4.jar,False
another_furniture,another_furniture:orange_stool,orange_stool,another_furniture-forge-1.20.1-3.0.4.jar,False
another_furniture,another_furniture:orange_tall_stool,orange_tall_stool,another_furniture-forge-1.20.1-3.0.4.jar,False
another_furniture,another_furniture:pink_curtain,pink_curtain,another_furniture-forge-1.20.1-3.0.4.jar,False
another_furniture,another_furniture:pink_lamp,pink_lamp,another_furniture-forge-1.20.1-3.0.4.jar,False
another_furniture,another_furniture:pink_lamp_connector,pink_lamp_connector,another_furniture-forge-1.20.1-3.0.4.jar,False
another_furniture,another_furniture:pink_sofa,pink_sofa,another_furniture-forge-1.20.1-3.0.4.jar,False
another_furniture,another_furniture:pink_stool,pink_stool,another_furniture-forge-1.20.1-3.0.4.jar,False
another_furniture,another_furniture:pink_tall_stool,pink_tall_stool,another_furniture-forge-1.20.1-3.0.4.jar,False
another_furniture,another_furniture:purple_curtain,purple_curtain,another_furniture-forge-1.20.1-3.0.4.jar,False
another_furniture,another_furniture:purple_lamp,purple_lamp,another_furniture-forge-1.20.1-3.0.4.jar,False
another_furniture,another_furniture:purple_lamp_connector,purple_lamp_connector,another_furniture-forge-1.20.1-3.0.4.jar,False
another_furniture,another_furniture:purple_sofa,purple_sofa,another_furniture-forge-1.20.1-3.0.4.jar,False
another_furniture,another_furniture:purple_stool,purple_stool,another_furniture-forge-1.20.1-3.0.4.jar,False
another_furniture,another_furniture:purple_tall_stool,purple_tall_stool,another_furniture-forge-1.20.1-3.0.4.jar,False
another_furniture,another_furniture:red_curtain,red_curtain,another_furniture-forge-1.20.1-3.0.4.jar,False
another_furniture,another_furniture:red_lamp,red_lamp,another_furniture-forge-1.20.1-3.0.4.jar,False
another_furniture,another_furniture:red_lamp_connector,red_lamp_connector,another_furniture-forge-1.20.1-3.0.4.jar,False
another_furniture,another_furniture:red_sofa,red_sofa,another_furniture-forge-1.20.1-3.0.4.jar,False
another_furniture,another_furniture:red_stool,red_stool,another_furniture-forge-1.20.1-3.0.4.jar,False
another_furniture,another_furniture:red_tall_stool,red_tall_stool,another_furniture-forge-1.20.1-3.0.4.jar,False
another_furniture,another_furniture:service_bell,service_bell,another_furniture-forge-1.20.1-3.0.4.jar,False
another_furniture,another_furniture:spruce_bench,spruce_bench,another_furniture-forge-1.20.1-3.0.4.jar,False
another_furniture,another_furniture:spruce_chair,spruce_chair,another_furniture-forge-1.20.1-3.0.4.jar,False
another_furniture,another_furniture:spruce_drawer,spruce_drawer,another_furniture-forge-1.20.1-3.0.4.jar,True
another_furniture,another_furniture:spruce_flower_box,spruce_flower_box,another_furniture-forge-1.20.1-3.0.4.jar,False
another_furniture,another_furniture:spruce_shelf,spruce_shelf,another_furniture-forge-1.20.1-3.0.4.jar,True
another_furniture,another_furniture:spruce_shutter,spruce_shutter,another_furniture-forge-1.20.1-3.0.4.jar,False
another_furniture,another_furniture:spruce_table,spruce_table,another_furniture-forge-1.20.1-3.0.4.jar,True
another_furniture,another_furniture:warped_bench,warped_bench,another_furniture-forge-1.20.1-3.0.4.jar,False
another_furniture,another_furniture:warped_chair,warped_chair,another_furniture-forge-1.20.1-3.0.4.jar,False
another_furniture,another_furniture:warped_drawer,warped_drawer,another_furniture-forge-1.20.1-3.0.4.jar,True
another_furniture,another_furniture:warped_flower_box,warped_flower_box,another_furniture-forge-1.20.1-3.0.4.jar,False
another_furniture,another_furniture:warped_shelf,warped_shelf,another_furniture-forge-1.20.1-3.0.4.jar,True
another_furniture,another_furniture:warped_shutter,warped_shutter,another_furniture-forge-1.20.1-3.0.4.jar,False
another_furniture,another_furniture:warped_table,warped_table,another_furniture-forge-1.20.1-3.0.4.jar,True
another_furniture,another_furniture:white_curtain,white_curtain,another_furniture-forge-1.20.1-3.0.4.jar,False
another_furniture,another_furniture:white_lamp,white_lamp,another_furniture-forge-1.20.1-3.0.4.jar,False
another_furniture,another_furniture:white_lamp_connector,white_lamp_connector,another_furniture-forge-1.20.1-3.0.4.jar,False
another_furniture,another_furniture:white_sofa,white_sofa,another_furniture-forge-1.20.1-3.0.4.jar,False
another_furniture,another_furniture:white_stool,white_stool,another_furniture-forge-1.20.1-3.0.4.jar,False
another_furniture,another_furniture:white_tall_stool,white_tall_stool,another_furniture-forge-1.20.1-3.0.4.jar,False
another_furniture,another_furniture:yellow_curtain,yellow_curtain,another_furniture-forge-1.20.1-3.0.4.jar,False
another_furniture,another_furniture:yellow_lamp,yellow_lamp,another_furniture-forge-1.20.1-3.0.4.jar,False
another_furniture,another_furniture:yellow_lamp_connector,yellow_lamp_connector,another_furniture-forge-1.20.1-3.0.4.jar,False
another_furniture,another_furniture:yellow_sofa,yellow_sofa,another_furniture-forge-1.20.1-3.0.4.jar,False
another_furniture,another_furniture:yellow_stool,yellow_stool,another_furniture-forge-1.20.1-3.0.4.jar,False
another_furniture,another_furniture:yellow_tall_stool,yellow_tall_stool,another_furniture-forge-1.20.1-3.0.4.jar,False
apocalypsenow,apocalypsenow:acacia_crate,acacia_crate,apocalypsenow-3.0.5-forge-1.20.1.jar,True
apocalypsenow,apocalypsenow:acacia_log_spike,acacia_log_spike,apocalypsenow-3.0.5-forge-1.20.1.jar,False
apocalypsenow,apocalypsenow:acacia_planks_stash,acacia_planks_stash,apocalypsenow-3.0.5-forge-1.20.1.jar,False
apocalypsenow,apocalypsenow:apartment_door,apartment_door,apocalypsenow-3.0.5-forge-1.20.1.jar,False
apocalypsenow,apocalypsenow:barbed_wire,barbed_wire,apocalypsenow-3.0.5-forge-1.20.1.jar,False
apocalypsenow,apocalypsenow:bear_trap,bear_trap,apocalypsenow-3.0.5-forge-1.20.1.jar,False
apocalypsenow,apocalypsenow:beartrapactivated,beartrapactivated,apocalypsenow-3.0.5-forge-1.20.1.jar,False
apocalypsenow,apocalypsenow:beartrapneutral,beartrapneutral,apocalypsenow-3.0.5-forge-1.20.1.jar,False
apocalypsenow,apocalypsenow:birch_crate,birch_crate,apocalypsenow-3.0.5-forge-1.20.1.jar,True
apocalypsenow,apocalypsenow:birch_log_spike,birch_log_spike,apocalypsenow-3.0.5-forge-1.20.1.jar,False
apocalypsenow,apocalypsenow:birch_planks_stash,birch_planks_stash,apocalypsenow-3.0.5-forge-1.20.1.jar,False
apocalypsenow,apocalypsenow:black_concrete_bricks,black_concrete_bricks,apocalypsenow-3.0.5-forge-1.20.1.jar,False
apocalypsenow,apocalypsenow:black_petrol_barrel,black_petrol_barrel,apocalypsenow-3.0.5-forge-1.20.1.jar,True
apocalypsenow,apocalypsenow:blue_concrete_bricks,blue_concrete_bricks,apocalypsenow-3.0.5-forge-1.20.1.jar,False
apocalypsenow,apocalypsenow:blue_petrol_barrel,blue_petrol_barrel,apocalypsenow-3.0.5-forge-1.20.1.jar,True
apocalypsenow,apocalypsenow:broken_plasma_tv,broken_plasma_tv,apocalypsenow-3.0.5-forge-1.20.1.jar,False
apocalypsenow,apocalypsenow:broken_tv,broken_tv,apocalypsenow-3.0.5-forge-1.20.1.jar,False
apocalypsenow,apocalypsenow:brokenoldradio,brokenoldradio,apocalypsenow-3.0.5-forge-1.20.1.jar,False
apocalypsenow,apocalypsenow:brokenpremiunradio,brokenpremiunradio,apocalypsenow-3.0.5-forge-1.20.1.jar,False
apocalypsenow,apocalypsenow:brown_concrete_bricks,brown_concrete_bricks,apocalypsenow-3.0.5-forge-1.20.1.jar,False
apocalypsenow,apocalypsenow:brown_petrol_barrel,brown_petrol_barrel,apocalypsenow-3.0.5-forge-1.20.1.jar,True
apocalypsenow,apocalypsenow:bunker_hatch,bunker_hatch,apocalypsenow-3.0.5-forge-1.20.1.jar,False
apocalypsenow,apocalypsenow:cardboard_box,cardboard_box,apocalypsenow-3.0.5-forge-1.20.1.jar,False
apocalypsenow,apocalypsenow:cherry_crate,cherry_crate,apocalypsenow-3.0.5-forge-1.20.1.jar,True
apocalypsenow,apocalypsenow:cherry_log_spike,cherry_log_spike,apocalypsenow-3.0.5-forge-1.20.1.jar,False
apocalypsenow,apocalypsenow:cherry_planks_stash,cherry_planks_stash,apocalypsenow-3.0.5-forge-1.20.1.jar,False
apocalypsenow,apocalypsenow:climbing_rope,climbing_rope,apocalypsenow-3.0.5-forge-1.20.1.jar,False
apocalypsenow,apocalypsenow:climbingropeextension,climbingropeextension,apocalypsenow-3.0.5-forge-1.20.1.jar,False
apocalypsenow,apocalypsenow:climbingropehook,climbingropehook,apocalypsenow-3.0.5-forge-1.20.1.jar,False
apocalypsenow,apocalypsenow:coke_vending_machine,coke_vending_machine,apocalypsenow-3.0.5-forge-1.20.1.jar,True
apocalypsenow,apocalypsenow:concrete_barrier,concrete_barrier,apocalypsenow-3.0.5-forge-1.20.1.jar,False
apocalypsenow,apocalypsenow:concrete_bricks,concrete_bricks,apocalypsenow-3.0.5-forge-1.20.1.jar,False
apocalypsenow,apocalypsenow:construction_barricade,construction_barricade,apocalypsenow-3.0.5-forge-1.20.1.jar,False
apocalypsenow,apocalypsenow:corpsecloth,corpsecloth,apocalypsenow-3.0.5-forge-1.20.1.jar,False
apocalypsenow,apocalypsenow:corpsesack,corpsesack,apocalypsenow-3.0.5-forge-1.20.1.jar,False
apocalypsenow,apocalypsenow:cross,cross,apocalypsenow-3.0.5-forge-1.20.1.jar,False
apocalypsenow,apocalypsenow:cyan_petrol_barrel,cyan_petrol_barrel,apocalypsenow-3.0.5-forge-1.20.1.jar,True
apocalypsenow,apocalypsenow:cyanconcretebricks,cyanconcretebricks,apocalypsenow-3.0.5-forge-1.20.1.jar,False
apocalypsenow,apocalypsenow:dark_crate,dark_crate,apocalypsenow-3.0.5-forge-1.20.1.jar,True
apocalypsenow,apocalypsenow:dark_log_spike,dark_log_spike,apocalypsenow-3.0.5-forge-1.20.1.jar,False
apocalypsenow,apocalypsenow:dark_planks_stash,dark_planks_stash,apocalypsenow-3.0.5-forge-1.20.1.jar,False
apocalypsenow,apocalypsenow:desert_military_storage,desert_military_storage,apocalypsenow-3.0.5-forge-1.20.1.jar,True
apocalypsenow,apocalypsenow:dropboxcommon,dropboxcommon,apocalypsenow-3.0.5-forge-1.20.1.jar,False
apocalypsenow,apocalypsenow:electric_door,electric_door,apocalypsenow-3.0.5-forge-1.20.1.jar,False
apocalypsenow,apocalypsenow:electric_fence,electric_fence,apocalypsenow-3.0.5-forge-1.20.1.jar,False
apocalypsenow,apocalypsenow:eletricfencesign,eletricfencesign,apocalypsenow-3.0.5-forge-1.20.1.jar,False
apocalypsenow,apocalypsenow:empty_market_shelves,empty_market_shelves,apocalypsenow-3.0.5-forge-1.20.1.jar,False
apocalypsenow,apocalypsenow:explosive_barrel,explosive_barrel,apocalypsenow-3.0.5-forge-1.20.1.jar,True
apocalypsenow,apocalypsenow:gas_canister,gas_canister,apocalypsenow-3.0.5-forge-1.20.1.jar,False
apocalypsenow,apocalypsenow:glass_door,glass_door,apocalypsenow-3.0.5-forge-1.20.1.jar,False
apocalypsenow,apocalypsenow:glass_spikes,glass_spikes,apocalypsenow-3.0.5-forge-1.20.1.jar,False
apocalypsenow,apocalypsenow:gravestone,gravestone,apocalypsenow-3.0.5-forge-1.20.1.jar,False
apocalypsenow,apocalypsenow:gray_petrol_barrel,gray_petrol_barrel,apocalypsenow-3.0.5-forge-1.20.1.jar,True
apocalypsenow,apocalypsenow:green_concretebricks,green_concretebricks,apocalypsenow-3.0.5-forge-1.20.1.jar,False
apocalypsenow,apocalypsenow:green_petrol_barrel,green_petrol_barrel,apocalypsenow-3.0.5-forge-1.20.1.jar,True
apocalypsenow,apocalypsenow:highvaluemoneyblock,highvaluemoneyblock,apocalypsenow-3.0.5-forge-1.20.1.jar,False
apocalypsenow,apocalypsenow:hospital_door,hospital_door,apocalypsenow-3.0.5-forge-1.20.1.jar,False
apocalypsenow,apocalypsenow:ice,ice,apocalypsenow-3.0.5-forge-1.20.1.jar,False
apocalypsenow,apocalypsenow:iron_grid,iron_grid,apocalypsenow-3.0.5-forge-1.20.1.jar,False
apocalypsenow,apocalypsenow:iron_grid_door,iron_grid_door,apocalypsenow-3.0.5-forge-1.20.1.jar,False
apocalypsenow,apocalypsenow:iron_ladder,iron_ladder,apocalypsenow-3.0.5-forge-1.20.1.jar,False
apocalypsenow,apocalypsenow:iron_locker,iron_locker,apocalypsenow-3.0.5-forge-1.20.1.jar,True
apocalypsenow,apocalypsenow:iron_plate,iron_plate,apocalypsenow-3.0.5-forge-1.20.1.jar,False
apocalypsenow,apocalypsenow:iron_window,iron_window,apocalypsenow-3.0.5-forge-1.20.1.jar,False
apocalypsenow,apocalypsenow:ironcrate,ironcrate,apocalypsenow-3.0.5-forge-1.20.1.jar,True
apocalypsenow,apocalypsenow:jungle_crate,jungle_crate,apocalypsenow-3.0.5-forge-1.20.1.jar,True
apocalypsenow,apocalypsenow:jungle_log_spike,jungle_log_spike,apocalypsenow-3.0.5-forge-1.20.1.jar,False
apocalypsenow,apocalypsenow:jungle_planks_stash,jungle_planks_stash,apocalypsenow-3.0.5-forge-1.20.1.jar,False
apocalypsenow,apocalypsenow:land_mine,land_mine,apocalypsenow-3.0.5-forge-1.20.1.jar,False
apocalypsenow,apocalypsenow:large_gas_canister,large_gas_canister,apocalypsenow-3.0.5-forge-1.20.1.jar,False
apocalypsenow,apocalypsenow:large_shelves,large_shelves,apocalypsenow-3.0.5-forge-1.20.1.jar,False
apocalypsenow,apocalypsenow:large_shelves_fill,large_shelves_fill,apocalypsenow-3.0.5-forge-1.20.1.jar,False
apocalypsenow,apocalypsenow:leaves_trap,leaves_trap,apocalypsenow-3.0.5-forge-1.20.1.jar,False
apocalypsenow,apocalypsenow:light_blue_petrol_barrel,light_blue_petrol_barrel,apocalypsenow-3.0.5-forge-1.20.1.jar,True
apocalypsenow,apocalypsenow:light_blueconcretebricks,light_blueconcretebricks,apocalypsenow-3.0.5-forge-1.20.1.jar,False
apocalypsenow,apocalypsenow:light_gray_concrete_bricks,light_gray_concrete_bricks,apocalypsenow-3.0.5-forge-1.20.1.jar,False
apocalypsenow,apocalypsenow:ligth_gray_petrol_barrel,ligth_gray_petrol_barrel,apocalypsenow-3.0.5-forge-1.20.1.jar,True
apocalypsenow,apocalypsenow:lime_concrete_bricks,lime_concrete_bricks,apocalypsenow-3.0.5-forge-1.20.1.jar,False
apocalypsenow,apocalypsenow:lime_petrol_barrel,lime_petrol_barrel,apocalypsenow-3.0.5-forge-1.20.1.jar,True
apocalypsenow,apocalypsenow:lined_concrete_barrier,lined_concrete_barrier,apocalypsenow-3.0.5-forge-1.20.1.jar,False
apocalypsenow,apocalypsenow:log_with_stone,log_with_stone,apocalypsenow-3.0.5-forge-1.20.1.jar,False
apocalypsenow,apocalypsenow:magazine_boxes,magazine_boxes,apocalypsenow-3.0.5-forge-1.20.1.jar,False
apocalypsenow,apocalypsenow:magenta_petrol_barrel,magenta_petrol_barrel,apocalypsenow-3.0.5-forge-1.20.1.jar,True
apocalypsenow,apocalypsenow:magentaconcretebricks,magentaconcretebricks,apocalypsenow-3.0.5-forge-1.20.1.jar,False
apocalypsenow,apocalypsenow:mangrove_crate,mangrove_crate,apocalypsenow-3.0.5-forge-1.20.1.jar,True
apocalypsenow,apocalypsenow:mangrove_log_spike,mangrove_log_spike,apocalypsenow-3.0.5-forge-1.20.1.jar,False
apocalypsenow,apocalypsenow:mangrove_planks_stash,mangrove_planks_stash,apocalypsenow-3.0.5-forge-1.20.1.jar,False
apocalypsenow,apocalypsenow:market_shelves,market_shelves,apocalypsenow-3.0.5-forge-1.20.1.jar,False
apocalypsenow,apocalypsenow:marketfridge,marketfridge,apocalypsenow-3.0.5-forge-1.20.1.jar,True
apocalypsenow,apocalypsenow:mechanics_tool_chest,mechanics_tool_chest,apocalypsenow-3.0.5-forge-1.20.1.jar,True
apocalypsenow,apocalypsenow:medical_box,medical_box,apocalypsenow-3.0.5-forge-1.20.1.jar,False
apocalypsenow,apocalypsenow:medical_storage,medical_storage,apocalypsenow-3.0.5-forge-1.20.1.jar,True
apocalypsenow,apocalypsenow:medicalairdropbox,medicalairdropbox,apocalypsenow-3.0.5-forge-1.20.1.jar,False
apocalypsenow,apocalypsenow:medicine_boxes,medicine_boxes,apocalypsenow-3.0.5-forge-1.20.1.jar,False
apocalypsenow,apocalypsenow:metal_bars,metal_bars,apocalypsenow-3.0.5-forge-1.20.1.jar,False
apocalypsenow,apocalypsenow:metal_shelvels_two,metal_shelvels_two,apocalypsenow-3.0.5-forge-1.20.1.jar,False
apocalypsenow,apocalypsenow:metal_shelves,metal_shelves,apocalypsenow-3.0.5-forge-1.20.1.jar,False
apocalypsenow,apocalypsenow:metal_shelves_three,metal_shelves_three,apocalypsenow-3.0.5-forge-1.20.1.jar,False
apocalypsenow,apocalypsenow:metalshelvesfive,metalshelvesfive,apocalypsenow-3.0.5-forge-1.20.1.jar,False
apocalypsenow,apocalypsenow:metalshelvesone,metalshelvesone,apocalypsenow-3.0.5-forge-1.20.1.jar,False
apocalypsenow,apocalypsenow:metelshelvesfour,metelshelvesfour,apocalypsenow-3.0.5-forge-1.20.1.jar,False
apocalypsenow,apocalypsenow:military_communication_radio,military_communication_radio,apocalypsenow-3.0.5-forge-1.20.1.jar,False
apocalypsenow,apocalypsenow:military_crate,military_crate,apocalypsenow-3.0.5-forge-1.20.1.jar,True
apocalypsenow,apocalypsenow:military_door,military_door,apocalypsenow-3.0.5-forge-1.20.1.jar,False
apocalypsenow,apocalypsenow:military_storage,military_storage,apocalypsenow-3.0.5-forge-1.20.1.jar,True
apocalypsenow,apocalypsenow:militaryairdrop,militaryairdrop,apocalypsenow-3.0.5-forge-1.20.1.jar,False
apocalypsenow,apocalypsenow:money_block,money_block,apocalypsenow-3.0.5-forge-1.20.1.jar,False
apocalypsenow,apocalypsenow:mossbricks,mossbricks,apocalypsenow-3.0.5-forge-1.20.1.jar,False
apocalypsenow,apocalypsenow:mossbrickslab,mossbrickslab,apocalypsenow-3.0.5-forge-1.20.1.jar,False
apocalypsenow,apocalypsenow:mossbrickwall,mossbrickwall,apocalypsenow-3.0.5-forge-1.20.1.jar,False
apocalypsenow,apocalypsenow:mosstairs,mosstairs,apocalypsenow-3.0.5-forge-1.20.1.jar,False
apocalypsenow,apocalypsenow:oak_log_spike,oak_log_spike,apocalypsenow-3.0.5-forge-1.20.1.jar,False
apocalypsenow,apocalypsenow:oak_planks_stash,oak_planks_stash,apocalypsenow-3.0.5-forge-1.20.1.jar,False
apocalypsenow,apocalypsenow:orange_concrete_bricks,orange_concrete_bricks,apocalypsenow-3.0.5-forge-1.20.1.jar,False
apocalypsenow,apocalypsenow:orange_petrol_barrel,orange_petrol_barrel,apocalypsenow-3.0.5-forge-1.20.1.jar,True
apocalypsenow,apocalypsenow:pack_of_canned_beans,pack_of_canned_beans,apocalypsenow-3.0.5-forge-1.20.1.jar,False
apocalypsenow,apocalypsenow:pack_of_canned_beetroot,pack_of_canned_beetroot,apocalypsenow-3.0.5-forge-1.20.1.jar,False
apocalypsenow,apocalypsenow:pack_of_canned_carrots,pack_of_canned_carrots,apocalypsenow-3.0.5-forge-1.20.1.jar,False
apocalypsenow,apocalypsenow:pack_of_canned_chilie,pack_of_canned_chilie,apocalypsenow-3.0.5-forge-1.20.1.jar,False
apocalypsenow,apocalypsenow:pack_of_canned_corn,pack_of_canned_corn,apocalypsenow-3.0.5-forge-1.20.1.jar,False
apocalypsenow,apocalypsenow:pack_of_canned_dogs_food,pack_of_canned_dogs_food,apocalypsenow-3.0.5-forge-1.20.1.jar,False
apocalypsenow,apocalypsenow:pack_of_canned_fish,pack_of_canned_fish,apocalypsenow-3.0.5-forge-1.20.1.jar,False
apocalypsenow,apocalypsenow:pack_of_canned_food,pack_of_canned_food,apocalypsenow-3.0.5-forge-1.20.1.jar,False
apocalypsenow,apocalypsenow:pack_of_canned_melon,pack_of_canned_melon,apocalypsenow-3.0.5-forge-1.20.1.jar,False
apocalypsenow,apocalypsenow:pack_of_canned_pork,pack_of_canned_pork,apocalypsenow-3.0.5-forge-1.20.1.jar,False
apocalypsenow,apocalypsenow:pack_of_canned_rabbit_soup,pack_of_canned_rabbit_soup,apocalypsenow-3.0.5-forge-1.20.1.jar,False
apocalypsenow,apocalypsenow:pack_of_canned_soup,pack_of_canned_soup,apocalypsenow-3.0.5-forge-1.20.1.jar,False
apocalypsenow,apocalypsenow:pack_of_canned_strawberry,pack_of_canned_strawberry,apocalypsenow-3.0.5-forge-1.20.1.jar,False
apocalypsenow,apocalypsenow:pack_of_milk_boxes,pack_of_milk_boxes,apocalypsenow-3.0.5-forge-1.20.1.jar,False
apocalypsenow,apocalypsenow:pallet,pallet,apocalypsenow-3.0.5-forge-1.20.1.jar,False
apocalypsenow,apocalypsenow:pallet_slab,pallet_slab,apocalypsenow-3.0.5-forge-1.20.1.jar,False
apocalypsenow,apocalypsenow:pallet_storage,pallet_storage,apocalypsenow-3.0.5-forge-1.20.1.jar,True
apocalypsenow,apocalypsenow:paperstrash,paperstrash,apocalypsenow-3.0.5-forge-1.20.1.jar,False
apocalypsenow,apocalypsenow:paperstrashvariant_2,paperstrashvariant_2,apocalypsenow-3.0.5-forge-1.20.1.jar,False
apocalypsenow,apocalypsenow:papersvariant_2,papersvariant_2,apocalypsenow-3.0.5-forge-1.20.1.jar,False
apocalypsenow,apocalypsenow:papertrash,papertrash,apocalypsenow-3.0.5-forge-1.20.1.jar,False
apocalypsenow,apocalypsenow:papertrashvariant,papertrashvariant,apocalypsenow-3.0.5-forge-1.20.1.jar,False
apocalypsenow,apocalypsenow:petrol_barrel,petrol_barrel,apocalypsenow-3.0.5-forge-1.20.1.jar,True
apocalypsenow,apocalypsenow:pile_of_tires,pile_of_tires,apocalypsenow-3.0.5-forge-1.20.1.jar,False
apocalypsenow,apocalypsenow:pink_concrete_bricks,pink_concrete_bricks,apocalypsenow-3.0.5-forge-1.20.1.jar,False
apocalypsenow,apocalypsenow:pink_petrol_barrel,pink_petrol_barrel,apocalypsenow-3.0.5-forge-1.20.1.jar,True
apocalypsenow,apocalypsenow:plane_door,plane_door,apocalypsenow-3.0.5-forge-1.20.1.jar,False
apocalypsenow,apocalypsenow:plank_door,plank_door,apocalypsenow-3.0.5-forge-1.20.1.jar,False
apocalypsenow,apocalypsenow:planks_a,planks_a,apocalypsenow-3.0.5-forge-1.20.1.jar,False
apocalypsenow,apocalypsenow:planksb,planksb,apocalypsenow-3.0.5-forge-1.20.1.jar,False
apocalypsenow,apocalypsenow:planksc,planksc,apocalypsenow-3.0.5-forge-1.20.1.jar,False
apocalypsenow,apocalypsenow:planksd,planksd,apocalypsenow-3.0.5-forge-1.20.1.jar,False
apocalypsenow,apocalypsenow:plankse,plankse,apocalypsenow-3.0.5-forge-1.20.1.jar,False
apocalypsenow,apocalypsenow:porpsi_vending_machine,porpsi_vending_machine,apocalypsenow-3.0.5-forge-1.20.1.jar,True
apocalypsenow,apocalypsenow:prison_door,prison_door,apocalypsenow-3.0.5-forge-1.20.1.jar,False
apocalypsenow,apocalypsenow:protection_grid,protection_grid,apocalypsenow-3.0.5-forge-1.20.1.jar,False
apocalypsenow,apocalypsenow:purple_concrete_bricks,purple_concrete_bricks,apocalypsenow-3.0.5-forge-1.20.1.jar,False
apocalypsenow,apocalypsenow:purple_petrol_barrel,purple_petrol_barrel,apocalypsenow-3.0.5-forge-1.20.1.jar,True
apocalypsenow,apocalypsenow:rain_collector,rain_collector,apocalypsenow-3.0.5-forge-1.20.1.jar,False
apocalypsenow,apocalypsenow:rain_collector_full,rain_collector_full,apocalypsenow-3.0.5-forge-1.20.1.jar,False
apocalypsenow,apocalypsenow:red_petrol_barrel,red_petrol_barrel,apocalypsenow-3.0.5-forge-1.20.1.jar,True
apocalypsenow,apocalypsenow:redconcretebricks,redconcretebricks,apocalypsenow-3.0.5-forge-1.20.1.jar,False
apocalypsenow,apocalypsenow:reinforced_door,reinforced_door,apocalypsenow-3.0.5-forge-1.20.1.jar,False
apocalypsenow,apocalypsenow:reinforced_wooden_door,reinforced_wooden_door,apocalypsenow-3.0.5-forge-1.20.1.jar,False
apocalypsenow,apocalypsenow:rockpile,rockpile,apocalypsenow-3.0.5-forge-1.20.1.jar,False
apocalypsenow,apocalypsenow:rope,rope,apocalypsenow-3.0.5-forge-1.20.1.jar,False
apocalypsenow,apocalypsenow:ropeextension,ropeextension,apocalypsenow-3.0.5-forge-1.20.1.jar,False
apocalypsenow,apocalypsenow:safe,safe,apocalypsenow-3.0.5-forge-1.20.1.jar,False
apocalypsenow,apocalypsenow:sandbagbarrier,sandbagbarrier,apocalypsenow-3.0.5-forge-1.20.1.jar,False
apocalypsenow,apocalypsenow:sandbags,sandbags,apocalypsenow-3.0.5-forge-1.20.1.jar,False
apocalypsenow,apocalypsenow:sandbagsslab,sandbagsslab,apocalypsenow-3.0.5-forge-1.20.1.jar,False
apocalypsenow,apocalypsenow:sandbagsstar,sandbagsstar,apocalypsenow-3.0.5-forge-1.20.1.jar,False
apocalypsenow,apocalypsenow:scrap_metal_block,scrap_metal_block,apocalypsenow-3.0.5-forge-1.20.1.jar,False
apocalypsenow,apocalypsenow:sedexbox,sedexbox,apocalypsenow-3.0.5-forge-1.20.1.jar,False
apocalypsenow,apocalypsenow:sewage_hatch,sewage_hatch,apocalypsenow-3.0.5-forge-1.20.1.jar,False
apocalypsenow,apocalypsenow:spike_barrier,spike_barrier,apocalypsenow-3.0.5-forge-1.20.1.jar,False
apocalypsenow,apocalypsenow:spike_log,spike_log,apocalypsenow-3.0.5-forge-1.20.1.jar,False
apocalypsenow,apocalypsenow:spikefence,spikefence,apocalypsenow-3.0.5-forge-1.20.1.jar,False
apocalypsenow,apocalypsenow:spikefenceturn,spikefenceturn,apocalypsenow-3.0.5-forge-1.20.1.jar,False
apocalypsenow,apocalypsenow:spikes,spikes,apocalypsenow-3.0.5-forge-1.20.1.jar,False
apocalypsenow,apocalypsenow:spikeswall,spikeswall,apocalypsenow-3.0.5-forge-1.20.1.jar,False
apocalypsenow,apocalypsenow:spruce_crate,spruce_crate,apocalypsenow-3.0.5-forge-1.20.1.jar,True
apocalypsenow,apocalypsenow:spruce_log_spike,spruce_log_spike,apocalypsenow-3.0.5-forge-1.20.1.jar,False
apocalypsenow,apocalypsenow:spruce_planks_stash,spruce_planks_stash,apocalypsenow-3.0.5-forge-1.20.1.jar,False
apocalypsenow,apocalypsenow:tank_trap,tank_trap,apocalypsenow-3.0.5-forge-1.20.1.jar,False
apocalypsenow,apocalypsenow:toxic_waste_barrel,toxic_waste_barrel,apocalypsenow-3.0.5-forge-1.20.1.jar,True
apocalypsenow,apocalypsenow:traffic_barricade,traffic_barricade,apocalypsenow-3.0.5-forge-1.20.1.jar,False
apocalypsenow,apocalypsenow:trash_bin,trash_bin,apocalypsenow-3.0.5-forge-1.20.1.jar,False
apocalypsenow,apocalypsenow:trashbag,trashbag,apocalypsenow-3.0.5-forge-1.20.1.jar,False
apocalypsenow,apocalypsenow:trashbagblueplastic,trashbagblueplastic,apocalypsenow-3.0.5-forge-1.20.1.jar,False
apocalypsenow,apocalypsenow:trashcan_1,trashcan_1,apocalypsenow-3.0.5-forge-1.20.1.jar,False
apocalypsenow,apocalypsenow:trashcann,trashcann,apocalypsenow-3.0.5-forge-1.20.1.jar,False
apocalypsenow,apocalypsenow:tripwire_bomb,tripwire_bomb,apocalypsenow-3.0.5-forge-1.20.1.jar,False
apocalypsenow,apocalypsenow:vent,vent,apocalypsenow-3.0.5-forge-1.20.1.jar,False
apocalypsenow,apocalypsenow:vent_entrance,vent_entrance,apocalypsenow-3.0.5-forge-1.20.1.jar,False
apocalypsenow,apocalypsenow:vent_turn,vent_turn,apocalypsenow-3.0.5-forge-1.20.1.jar,False
apocalypsenow,apocalypsenow:ventblock,ventblock,apocalypsenow-3.0.5-forge-1.20.1.jar,False
apocalypsenow,apocalypsenow:ventcover,ventcover,apocalypsenow-3.0.5-forge-1.20.1.jar,False
apocalypsenow,apocalypsenow:washing_machine,washing_machine,apocalypsenow-3.0.5-forge-1.20.1.jar,False
apocalypsenow,apocalypsenow:white_concrete_bricks,white_concrete_bricks,apocalypsenow-3.0.5-forge-1.20.1.jar,False
apocalypsenow,apocalypsenow:white_petrol_barrel,white_petrol_barrel,apocalypsenow-3.0.5-forge-1.20.1.jar,True
apocalypsenow,apocalypsenow:wire_fence,wire_fence,apocalypsenow-3.0.5-forge-1.20.1.jar,False
apocalypsenow,apocalypsenow:wooden_crate,wooden_crate,apocalypsenow-3.0.5-forge-1.20.1.jar,True
apocalypsenow,apocalypsenow:yellow_concrete_bricks,yellow_concrete_bricks,apocalypsenow-3.0.5-forge-1.20.1.jar,False
apocalypsenow,apocalypsenow:yellow_petrol_barrel,yellow_petrol_barrel,apocalypsenow-3.0.5-forge-1.20.1.jar,True
aquaculture,aquaculture:acacia_fish_mount,acacia_fish_mount,Aquaculture-1.20.1-2.5.7.jar,False
aquaculture,aquaculture:birch_fish_mount,birch_fish_mount,Aquaculture-1.20.1-2.5.7.jar,False
aquaculture,aquaculture:dark_oak_fish_mount,dark_oak_fish_mount,Aquaculture-1.20.1-2.5.7.jar,False
aquaculture,aquaculture:farmland,farmland,Aquaculture-1.20.1-2.5.7.jar,False
aquaculture,aquaculture:jungle_fish_mount,jungle_fish_mount,Aquaculture-1.20.1-2.5.7.jar,False
aquaculture,aquaculture:neptunes_bounty,neptunes_bounty,Aquaculture-1.20.1-2.5.7.jar,False
aquaculture,aquaculture:neptunium_block,neptunium_block,Aquaculture-1.20.1-2.5.7.jar,False
aquaculture,aquaculture:oak_fish_mount,oak_fish_mount,Aquaculture-1.20.1-2.5.7.jar,False
aquaculture,aquaculture:spruce_fish_mount,spruce_fish_mount,Aquaculture-1.20.1-2.5.7.jar,False
aquaculture,aquaculture:tackle_box,tackle_box,Aquaculture-1.20.1-2.5.7.jar,False
aquaculture,aquaculture:worm_farm,worm_farm,Aquaculture-1.20.1-2.5.7.jar,False
aquaculturedelight,aquaculturedelight:fish_roll_medley,fish_roll_medley,aquaculturedelight-1.1.1-forge-1.20.1.jar,False
aquaculturedelight,aquaculturedelight:fish_roll_medley_1,fish_roll_medley_1,aquaculturedelight-1.1.1-forge-1.20.1.jar,False
aquaculturedelight,aquaculturedelight:fish_roll_medley_2,fish_roll_medley_2,aquaculturedelight-1.1.1-forge-1.20.1.jar,False
aquaculturedelight,aquaculturedelight:fish_roll_medley_3,fish_roll_medley_3,aquaculturedelight-1.1.1-forge-1.20.1.jar,False
aquaculturedelight,aquaculturedelight:fish_roll_medley_4,fish_roll_medley_4,aquaculturedelight-1.1.1-forge-1.20.1.jar,False
aquaculturedelight,aquaculturedelight:fish_roll_medley_5,fish_roll_medley_5,aquaculturedelight-1.1.1-forge-1.20.1.jar,False
aquaculturedelight,aquaculturedelight:fish_roll_medley_6,fish_roll_medley_6,aquaculturedelight-1.1.1-forge-1.20.1.jar,False
aquaculturedelight,aquaculturedelight:fish_roll_medley_7,fish_roll_medley_7,aquaculturedelight-1.1.1-forge-1.20.1.jar,False
big_signs,big_signs:one_line_acacia_hanging_sign,one_line_acacia_hanging_sign,big_signs_v1.1-forge_1.20.1.jar,False
big_signs,big_signs:one_line_acacia_sign,one_line_acacia_sign,big_signs_v1.1-forge_1.20.1.jar,False
big_signs,big_signs:one_line_acacia_wall_hanging_sign,one_line_acacia_wall_hanging_sign,big_signs_v1.1-forge_1.20.1.jar,False
big_signs,big_signs:one_line_acacia_wall_sign,one_line_acacia_wall_sign,big_signs_v1.1-forge_1.20.1.jar,False
big_signs,big_signs:one_line_bamboo_hanging_sign,one_line_bamboo_hanging_sign,big_signs_v1.1-forge_1.20.1.jar,False
big_signs,big_signs:one_line_bamboo_sign,one_line_bamboo_sign,big_signs_v1.1-forge_1.20.1.jar,False
big_signs,big_signs:one_line_bamboo_wall_hanging_sign,one_line_bamboo_wall_hanging_sign,big_signs_v1.1-forge_1.20.1.jar,False
big_signs,big_signs:one_line_bamboo_wall_sign,one_line_bamboo_wall_sign,big_signs_v1.1-forge_1.20.1.jar,False
big_signs,big_signs:one_line_birch_hanging_sign,one_line_birch_hanging_sign,big_signs_v1.1-forge_1.20.1.jar,False
big_signs,big_signs:one_line_birch_sign,one_line_birch_sign,big_signs_v1.1-forge_1.20.1.jar,False
big_signs,big_signs:one_line_birch_wall_hanging_sign,one_line_birch_wall_hanging_sign,big_signs_v1.1-forge_1.20.1.jar,False
big_signs,big_signs:one_line_birch_wall_sign,one_line_birch_wall_sign,big_signs_v1.1-forge_1.20.1.jar,False
big_signs,big_signs:one_line_black_metal_hanging_sign,one_line_black_metal_hanging_sign,big_signs_v1.1-forge_1.20.1.jar,False
big_signs,big_signs:one_line_black_metal_sign,one_line_black_metal_sign,big_signs_v1.1-forge_1.20.1.jar,False
big_signs,big_signs:one_line_black_metal_wall_hanging_sign,one_line_black_metal_wall_hanging_sign,big_signs_v1.1-forge_1.20.1.jar,False
big_signs,big_signs:one_line_black_metal_wall_sign,one_line_black_metal_wall_sign,big_signs_v1.1-forge_1.20.1.jar,False
big_signs,big_signs:one_line_blue_metal_hanging_sign,one_line_blue_metal_hanging_sign,big_signs_v1.1-forge_1.20.1.jar,False
big_signs,big_signs:one_line_blue_metal_sign,one_line_blue_metal_sign,big_signs_v1.1-forge_1.20.1.jar,False
big_signs,big_signs:one_line_blue_metal_wall_hanging_sign,one_line_blue_metal_wall_hanging_sign,big_signs_v1.1-forge_1.20.1.jar,False
big_signs,big_signs:one_line_blue_metal_wall_sign,one_line_blue_metal_wall_sign,big_signs_v1.1-forge_1.20.1.jar,False
big_signs,big_signs:one_line_brown_metal_hanging_sign,one_line_brown_metal_hanging_sign,big_signs_v1.1-forge_1.20.1.jar,False
big_signs,big_signs:one_line_brown_metal_sign,one_line_brown_metal_sign,big_signs_v1.1-forge_1.20.1.jar,False
big_signs,big_signs:one_line_brown_metal_wall_hanging_sign,one_line_brown_metal_wall_hanging_sign,big_signs_v1.1-forge_1.20.1.jar,False
big_signs,big_signs:one_line_brown_metal_wall_sign,one_line_brown_metal_wall_sign,big_signs_v1.1-forge_1.20.1.jar,False
big_signs,big_signs:one_line_cherry_hanging_sign,one_line_cherry_hanging_sign,big_signs_v1.1-forge_1.20.1.jar,False
big_signs,big_signs:one_line_cherry_sign,one_line_cherry_sign,big_signs_v1.1-forge_1.20.1.jar,False
big_signs,big_signs:one_line_cherry_wall_hanging_sign,one_line_cherry_wall_hanging_sign,big_signs_v1.1-forge_1.20.1.jar,False
big_signs,big_signs:one_line_cherry_wall_sign,one_line_cherry_wall_sign,big_signs_v1.1-forge_1.20.1.jar,False
big_signs,big_signs:one_line_cream_metal_hanging_sign,one_line_cream_metal_hanging_sign,big_signs_v1.1-forge_1.20.1.jar,False
big_signs,big_signs:one_line_cream_metal_sign,one_line_cream_metal_sign,big_signs_v1.1-forge_1.20.1.jar,False
big_signs,big_signs:one_line_cream_metal_wall_hanging_sign,one_line_cream_metal_wall_hanging_sign,big_signs_v1.1-forge_1.20.1.jar,False
big_signs,big_signs:one_line_cream_metal_wall_sign,one_line_cream_metal_wall_sign,big_signs_v1.1-forge_1.20.1.jar,False
big_signs,big_signs:one_line_crimson_hanging_sign,one_line_crimson_hanging_sign,big_signs_v1.1-forge_1.20.1.jar,False
big_signs,big_signs:one_line_crimson_sign,one_line_crimson_sign,big_signs_v1.1-forge_1.20.1.jar,False
big_signs,big_signs:one_line_crimson_wall_hanging_sign,one_line_crimson_wall_hanging_sign,big_signs_v1.1-forge_1.20.1.jar,False
big_signs,big_signs:one_line_crimson_wall_sign,one_line_crimson_wall_sign,big_signs_v1.1-forge_1.20.1.jar,False
big_signs,big_signs:one_line_cyan_metal_hanging_sign,one_line_cyan_metal_hanging_sign,big_signs_v1.1-forge_1.20.1.jar,False
big_signs,big_signs:one_line_cyan_metal_sign,one_line_cyan_metal_sign,big_signs_v1.1-forge_1.20.1.jar,False
big_signs,big_signs:one_line_cyan_metal_wall_hanging_sign,one_line_cyan_metal_wall_hanging_sign,big_signs_v1.1-forge_1.20.1.jar,False
big_signs,big_signs:one_line_cyan_metal_wall_sign,one_line_cyan_metal_wall_sign,big_signs_v1.1-forge_1.20.1.jar,False
big_signs,big_signs:one_line_dark_oak_hanging_sign,one_line_dark_oak_hanging_sign,big_signs_v1.1-forge_1.20.1.jar,False
big_signs,big_signs:one_line_dark_oak_sign,one_line_dark_oak_sign,big_signs_v1.1-forge_1.20.1.jar,False
big_signs,big_signs:one_line_dark_oak_wall_hanging_sign,one_line_dark_oak_wall_hanging_sign,big_signs_v1.1-forge_1.20.1.jar,False
big_signs,big_signs:one_line_dark_oak_wall_sign,one_line_dark_oak_wall_sign,big_signs_v1.1-forge_1.20.1.jar,False
big_signs,big_signs:one_line_dark_orange_metal_hanging_sign,one_line_dark_orange_metal_hanging_sign,big_signs_v1.1-forge_1.20.1.jar,False
big_signs,big_signs:one_line_dark_orange_metal_sign,one_line_dark_orange_metal_sign,big_signs_v1.1-forge_1.20.1.jar,False
big_signs,big_signs:one_line_dark_orange_metal_wall_hanging_sign,one_line_dark_orange_metal_wall_hanging_sign,big_signs_v1.1-forge_1.20.1.jar,False
big_signs,big_signs:one_line_dark_orange_metal_wall_sign,one_line_dark_orange_metal_wall_sign,big_signs_v1.1-forge_1.20.1.jar,False
big_signs,big_signs:one_line_dark_pink_metal_hanging_sign,one_line_dark_pink_metal_hanging_sign,big_signs_v1.1-forge_1.20.1.jar,False
big_signs,big_signs:one_line_dark_pink_metal_sign,one_line_dark_pink_metal_sign,big_signs_v1.1-forge_1.20.1.jar,False
big_signs,big_signs:one_line_dark_pink_metal_wall_hanging_sign,one_line_dark_pink_metal_wall_hanging_sign,big_signs_v1.1-forge_1.20.1.jar,False
big_signs,big_signs:one_line_dark_pink_metal_wall_sign,one_line_dark_pink_metal_wall_sign,big_signs_v1.1-forge_1.20.1.jar,False
big_signs,big_signs:one_line_dark_red_metal_hanging_sign,one_line_dark_red_metal_hanging_sign,big_signs_v1.1-forge_1.20.1.jar,False
big_signs,big_signs:one_line_dark_red_metal_sign,one_line_dark_red_metal_sign,big_signs_v1.1-forge_1.20.1.jar,False
big_signs,big_signs:one_line_dark_red_metal_wall_hanging_sign,one_line_dark_red_metal_wall_hanging_sign,big_signs_v1.1-forge_1.20.1.jar,False
big_signs,big_signs:one_line_dark_red_metal_wall_sign,one_line_dark_red_metal_wall_sign,big_signs_v1.1-forge_1.20.1.jar,False
big_signs,big_signs:one_line_gray_metal_hanging_sign,one_line_gray_metal_hanging_sign,big_signs_v1.1-forge_1.20.1.jar,False
big_signs,big_signs:one_line_gray_metal_sign,one_line_gray_metal_sign,big_signs_v1.1-forge_1.20.1.jar,False
big_signs,big_signs:one_line_gray_metal_wall_hanging_sign,one_line_gray_metal_wall_hanging_sign,big_signs_v1.1-forge_1.20.1.jar,False
big_signs,big_signs:one_line_gray_metal_wall_sign,one_line_gray_metal_wall_sign,big_signs_v1.1-forge_1.20.1.jar,False
big_signs,big_signs:one_line_green_metal_hanging_sign,one_line_green_metal_hanging_sign,big_signs_v1.1-forge_1.20.1.jar,False
big_signs,big_signs:one_line_green_metal_sign,one_line_green_metal_sign,big_signs_v1.1-forge_1.20.1.jar,False
big_signs,big_signs:one_line_green_metal_wall_hanging_sign,one_line_green_metal_wall_hanging_sign,big_signs_v1.1-forge_1.20.1.jar,False
big_signs,big_signs:one_line_green_metal_wall_sign,one_line_green_metal_wall_sign,big_signs_v1.1-forge_1.20.1.jar,False
big_signs,big_signs:one_line_jungle_hanging_sign,one_line_jungle_hanging_sign,big_signs_v1.1-forge_1.20.1.jar,False
big_signs,big_signs:one_line_jungle_sign,one_line_jungle_sign,big_signs_v1.1-forge_1.20.1.jar,False
big_signs,big_signs:one_line_jungle_wall_hanging_sign,one_line_jungle_wall_hanging_sign,big_signs_v1.1-forge_1.20.1.jar,False
big_signs,big_signs:one_line_jungle_wall_sign,one_line_jungle_wall_sign,big_signs_v1.1-forge_1.20.1.jar,False
big_signs,big_signs:one_line_light_blue_metal_hanging_sign,one_line_light_blue_metal_hanging_sign,big_signs_v1.1-forge_1.20.1.jar,False
big_signs,big_signs:one_line_light_blue_metal_sign,one_line_light_blue_metal_sign,big_signs_v1.1-forge_1.20.1.jar,False
big_signs,big_signs:one_line_light_blue_metal_wall_hanging_sign,one_line_light_blue_metal_wall_hanging_sign,big_signs_v1.1-forge_1.20.1.jar,False
big_signs,big_signs:one_line_light_blue_metal_wall_sign,one_line_light_blue_metal_wall_sign,big_signs_v1.1-forge_1.20.1.jar,False
big_signs,big_signs:one_line_light_gray_metal_hanging_sign,one_line_light_gray_metal_hanging_sign,big_signs_v1.1-forge_1.20.1.jar,False
big_signs,big_signs:one_line_light_gray_metal_sign,one_line_light_gray_metal_sign,big_signs_v1.1-forge_1.20.1.jar,False
big_signs,big_signs:one_line_light_gray_metal_wall_hanging_sign,one_line_light_gray_metal_wall_hanging_sign,big_signs_v1.1-forge_1.20.1.jar,False
big_signs,big_signs:one_line_light_gray_metal_wall_sign,one_line_light_gray_metal_wall_sign,big_signs_v1.1-forge_1.20.1.jar,False
big_signs,big_signs:one_line_lime_metal_hanging_sign,one_line_lime_metal_hanging_sign,big_signs_v1.1-forge_1.20.1.jar,False
big_signs,big_signs:one_line_lime_metal_sign,one_line_lime_metal_sign,big_signs_v1.1-forge_1.20.1.jar,False
big_signs,big_signs:one_line_lime_metal_wall_hanging_sign,one_line_lime_metal_wall_hanging_sign,big_signs_v1.1-forge_1.20.1.jar,False
big_signs,big_signs:one_line_lime_metal_wall_sign,one_line_lime_metal_wall_sign,big_signs_v1.1-forge_1.20.1.jar,False
big_signs,big_signs:one_line_magenta_metal_hanging_sign,one_line_magenta_metal_hanging_sign,big_signs_v1.1-forge_1.20.1.jar,False
big_signs,big_signs:one_line_magenta_metal_sign,one_line_magenta_metal_sign,big_signs_v1.1-forge_1.20.1.jar,False
big_signs,big_signs:one_line_magenta_metal_wall_hanging_sign,one_line_magenta_metal_wall_hanging_sign,big_signs_v1.1-forge_1.20.1.jar,False
big_signs,big_signs:one_line_magenta_metal_wall_sign,one_line_magenta_metal_wall_sign,big_signs_v1.1-forge_1.20.1.jar,False
big_signs,big_signs:one_line_mangrove_hanging_sign,one_line_mangrove_hanging_sign,big_signs_v1.1-forge_1.20.1.jar,False
big_signs,big_signs:one_line_mangrove_sign,one_line_mangrove_sign,big_signs_v1.1-forge_1.20.1.jar,False
big_signs,big_signs:one_line_mangrove_wall_hanging_sign,one_line_mangrove_wall_hanging_sign,big_signs_v1.1-forge_1.20.1.jar,False
big_signs,big_signs:one_line_mangrove_wall_sign,one_line_mangrove_wall_sign,big_signs_v1.1-forge_1.20.1.jar,False
big_signs,big_signs:one_line_oak_hanging_sign,one_line_oak_hanging_sign,big_signs_v1.1-forge_1.20.1.jar,False
big_signs,big_signs:one_line_oak_sign,one_line_oak_sign,big_signs_v1.1-forge_1.20.1.jar,False
big_signs,big_signs:one_line_oak_wall_hanging_sign,one_line_oak_wall_hanging_sign,big_signs_v1.1-forge_1.20.1.jar,False
big_signs,big_signs:one_line_oak_wall_sign,one_line_oak_wall_sign,big_signs_v1.1-forge_1.20.1.jar,False
big_signs,big_signs:one_line_orange_metal_hanging_sign,one_line_orange_metal_hanging_sign,big_signs_v1.1-forge_1.20.1.jar,False
big_signs,big_signs:one_line_orange_metal_sign,one_line_orange_metal_sign,big_signs_v1.1-forge_1.20.1.jar,False
big_signs,big_signs:one_line_orange_metal_wall_hanging_sign,one_line_orange_metal_wall_hanging_sign,big_signs_v1.1-forge_1.20.1.jar,False
big_signs,big_signs:one_line_orange_metal_wall_sign,one_line_orange_metal_wall_sign,big_signs_v1.1-forge_1.20.1.jar,False
big_signs,big_signs:one_line_pink_metal_hanging_sign,one_line_pink_metal_hanging_sign,big_signs_v1.1-forge_1.20.1.jar,False
big_signs,big_signs:one_line_pink_metal_sign,one_line_pink_metal_sign,big_signs_v1.1-forge_1.20.1.jar,False
big_signs,big_signs:one_line_pink_metal_wall_hanging_sign,one_line_pink_metal_wall_hanging_sign,big_signs_v1.1-forge_1.20.1.jar,False
big_signs,big_signs:one_line_pink_metal_wall_sign,one_line_pink_metal_wall_sign,big_signs_v1.1-forge_1.20.1.jar,False
big_signs,big_signs:one_line_purple_metal_hanging_sign,one_line_purple_metal_hanging_sign,big_signs_v1.1-forge_1.20.1.jar,False
big_signs,big_signs:one_line_purple_metal_sign,one_line_purple_metal_sign,big_signs_v1.1-forge_1.20.1.jar,False
big_signs,big_signs:one_line_purple_metal_wall_hanging_sign,one_line_purple_metal_wall_hanging_sign,big_signs_v1.1-forge_1.20.1.jar,False
big_signs,big_signs:one_line_purple_metal_wall_sign,one_line_purple_metal_wall_sign,big_signs_v1.1-forge_1.20.1.jar,False
big_signs,big_signs:one_line_red_metal_hanging_sign,one_line_red_metal_hanging_sign,big_signs_v1.1-forge_1.20.1.jar,False
big_signs,big_signs:one_line_red_metal_sign,one_line_red_metal_sign,big_signs_v1.1-forge_1.20.1.jar,False
big_signs,big_signs:one_line_red_metal_wall_hanging_sign,one_line_red_metal_wall_hanging_sign,big_signs_v1.1-forge_1.20.1.jar,False
big_signs,big_signs:one_line_red_metal_wall_sign,one_line_red_metal_wall_sign,big_signs_v1.1-forge_1.20.1.jar,False
big_signs,big_signs:one_line_spruce_hanging_sign,one_line_spruce_hanging_sign,big_signs_v1.1-forge_1.20.1.jar,False
big_signs,big_signs:one_line_spruce_sign,one_line_spruce_sign,big_signs_v1.1-forge_1.20.1.jar,False
big_signs,big_signs:one_line_spruce_wall_hanging_sign,one_line_spruce_wall_hanging_sign,big_signs_v1.1-forge_1.20.1.jar,False
big_signs,big_signs:one_line_spruce_wall_sign,one_line_spruce_wall_sign,big_signs_v1.1-forge_1.20.1.jar,False
big_signs,big_signs:one_line_warped_hanging_sign,one_line_warped_hanging_sign,big_signs_v1.1-forge_1.20.1.jar,False
big_signs,big_signs:one_line_warped_sign,one_line_warped_sign,big_signs_v1.1-forge_1.20.1.jar,False
big_signs,big_signs:one_line_warped_wall_hanging_sign,one_line_warped_wall_hanging_sign,big_signs_v1.1-forge_1.20.1.jar,False
big_signs,big_signs:one_line_warped_wall_sign,one_line_warped_wall_sign,big_signs_v1.1-forge_1.20.1.jar,False
big_signs,big_signs:one_line_white_metal_hanging_sign,one_line_white_metal_hanging_sign,big_signs_v1.1-forge_1.20.1.jar,False
big_signs,big_signs:one_line_white_metal_sign,one_line_white_metal_sign,big_signs_v1.1-forge_1.20.1.jar,False
big_signs,big_signs:one_line_white_metal_wall_hanging_sign,one_line_white_metal_wall_hanging_sign,big_signs_v1.1-forge_1.20.1.jar,False
big_signs,big_signs:one_line_white_metal_wall_sign,one_line_white_metal_wall_sign,big_signs_v1.1-forge_1.20.1.jar,False
big_signs,big_signs:one_line_yellow_metal_hanging_sign,one_line_yellow_metal_hanging_sign,big_signs_v1.1-forge_1.20.1.jar,False
big_signs,big_signs:one_line_yellow_metal_sign,one_line_yellow_metal_sign,big_signs_v1.1-forge_1.20.1.jar,False
big_signs,big_signs:one_line_yellow_metal_wall_hanging_sign,one_line_yellow_metal_wall_hanging_sign,big_signs_v1.1-forge_1.20.1.jar,False
big_signs,big_signs:one_line_yellow_metal_wall_sign,one_line_yellow_metal_wall_sign,big_signs_v1.1-forge_1.20.1.jar,False
blocky_bikes,blocky_bikes:buysmotorcycles,buysmotorcycles,blocky_bikes-0.0.7-forge-1.20.1.jar,False
blocky_bikes,blocky_bikes:closedmotorcycle,closedmotorcycle,blocky_bikes-0.0.7-forge-1.20.1.jar,False
blocky_bikes,blocky_bikes:gasstation,gasstation,blocky_bikes-0.0.7-forge-1.20.1.jar,False
blocky_bikes,blocky_bikes:lamppost,lamppost,blocky_bikes-0.0.7-forge-1.20.1.jar,False
blocky_bikes,blocky_bikes:lamppost_upperpart,lamppost_upperpart,blocky_bikes-0.0.7-forge-1.20.1.jar,False
blocky_bikes,blocky_bikes:motorcyclebuildingtable,motorcyclebuildingtable,blocky_bikes-0.0.7-forge-1.20.1.jar,True
blocky_bikes,blocky_bikes:road,road,blocky_bikes-0.0.7-forge-1.20.1.jar,False
blocky_bikes,blocky_bikes:road_2,road_2,blocky_bikes-0.0.7-forge-1.20.1.jar,False
blocky_bikes,blocky_bikes:roadcone,roadcone,blocky_bikes-0.0.7-forge-1.20.1.jar,False
buildinggadgets2,buildinggadgets2:blank_const_block,blank_const_block,buildinggadgets2-1.0.8.jar,False
buildinggadgets2,buildinggadgets2:construction_block,construction_block,buildinggadgets2-1.0.8.jar,False
buildinggadgets2,buildinggadgets2:construction_block_dense,construction_block_dense,buildinggadgets2-1.0.8.jar,False
buildinggadgets2,buildinggadgets2:construction_block_powder,construction_block_powder,buildinggadgets2-1.0.8.jar,False
buildinggadgets2,buildinggadgets2:constructionblock_dense,constructionblock_dense,buildinggadgets2-1.0.8.jar,False
buildinggadgets2,buildinggadgets2:render_block,render_block,buildinggadgets2-1.0.8.jar,False
buildinggadgets2,buildinggadgets2:template_manager,template_manager,buildinggadgets2-1.0.8.jar,False
cfm,cfm:acacia_bedside_cabinet,acacia_bedside_cabinet,cfm-forge-1.20.1-7.0.0-pre36.jar,True
cfm,cfm:acacia_blinds,acacia_blinds,cfm-forge-1.20.1-7.0.0-pre36.jar,False
cfm,cfm:acacia_cabinet,acacia_cabinet,cfm-forge-1.20.1-7.0.0-pre36.jar,True
cfm,cfm:acacia_chair,acacia_chair,cfm-forge-1.20.1-7.0.0-pre36.jar,False
cfm,cfm:acacia_coffee_table,acacia_coffee_table,cfm-forge-1.20.1-7.0.0-pre36.jar,True
cfm,cfm:acacia_crate,acacia_crate,cfm-forge-1.20.1-7.0.0-pre36.jar,True
cfm,cfm:acacia_desk,acacia_desk,cfm-forge-1.20.1-7.0.0-pre36.jar,True
cfm,cfm:acacia_desk_cabinet,acacia_desk_cabinet,cfm-forge-1.20.1-7.0.0-pre36.jar,True
cfm,cfm:acacia_hedge,acacia_hedge,cfm-forge-1.20.1-7.0.0-pre36.jar,False
cfm,cfm:acacia_kitchen_counter,acacia_kitchen_counter,cfm-forge-1.20.1-7.0.0-pre36.jar,True
cfm,cfm:acacia_kitchen_drawer,acacia_kitchen_drawer,cfm-forge-1.20.1-7.0.0-pre36.jar,True
cfm,cfm:acacia_kitchen_sink_dark,acacia_kitchen_sink_dark,cfm-forge-1.20.1-7.0.0-pre36.jar,False
cfm,cfm:acacia_kitchen_sink_light,acacia_kitchen_sink_light,cfm-forge-1.20.1-7.0.0-pre36.jar,False
cfm,cfm:acacia_mail_box,acacia_mail_box,cfm-forge-1.20.1-7.0.0-pre36.jar,False
cfm,cfm:acacia_park_bench,acacia_park_bench,cfm-forge-1.20.1-7.0.0-pre36.jar,False
cfm,cfm:acacia_table,acacia_table,cfm-forge-1.20.1-7.0.0-pre36.jar,True
cfm,cfm:acacia_upgraded_fence,acacia_upgraded_fence,cfm-forge-1.20.1-7.0.0-pre36.jar,False
cfm,cfm:acacia_upgraded_gate,acacia_upgraded_gate,cfm-forge-1.20.1-7.0.0-pre36.jar,False
cfm,cfm:azalea_hedge,azalea_hedge,cfm-forge-1.20.1-7.0.0-pre36.jar,False
cfm,cfm:birch_bedside_cabinet,birch_bedside_cabinet,cfm-forge-1.20.1-7.0.0-pre36.jar,True
cfm,cfm:birch_blinds,birch_blinds,cfm-forge-1.20.1-7.0.0-pre36.jar,False
cfm,cfm:birch_cabinet,birch_cabinet,cfm-forge-1.20.1-7.0.0-pre36.jar,True
cfm,cfm:birch_chair,birch_chair,cfm-forge-1.20.1-7.0.0-pre36.jar,False
cfm,cfm:birch_coffee_table,birch_coffee_table,cfm-forge-1.20.1-7.0.0-pre36.jar,True
cfm,cfm:birch_crate,birch_crate,cfm-forge-1.20.1-7.0.0-pre36.jar,True
cfm,cfm:birch_desk,birch_desk,cfm-forge-1.20.1-7.0.0-pre36.jar,True
cfm,cfm:birch_desk_cabinet,birch_desk_cabinet,cfm-forge-1.20.1-7.0.0-pre36.jar,True
cfm,cfm:birch_hedge,birch_hedge,cfm-forge-1.20.1-7.0.0-pre36.jar,False
cfm,cfm:birch_kitchen_counter,birch_kitchen_counter,cfm-forge-1.20.1-7.0.0-pre36.jar,True
cfm,cfm:birch_kitchen_drawer,birch_kitchen_drawer,cfm-forge-1.20.1-7.0.0-pre36.jar,True
cfm,cfm:birch_kitchen_sink_dark,birch_kitchen_sink_dark,cfm-forge-1.20.1-7.0.0-pre36.jar,False
cfm,cfm:birch_kitchen_sink_light,birch_kitchen_sink_light,cfm-forge-1.20.1-7.0.0-pre36.jar,False
cfm,cfm:birch_mail_box,birch_mail_box,cfm-forge-1.20.1-7.0.0-pre36.jar,False
cfm,cfm:birch_park_bench,birch_park_bench,cfm-forge-1.20.1-7.0.0-pre36.jar,False
cfm,cfm:birch_table,birch_table,cfm-forge-1.20.1-7.0.0-pre36.jar,True
cfm,cfm:birch_upgraded_fence,birch_upgraded_fence,cfm-forge-1.20.1-7.0.0-pre36.jar,False
cfm,cfm:birch_upgraded_gate,birch_upgraded_gate,cfm-forge-1.20.1-7.0.0-pre36.jar,False
cfm,cfm:black_cooler,black_cooler,cfm-forge-1.20.1-7.0.0-pre36.jar,True
cfm,cfm:black_grill,black_grill,cfm-forge-1.20.1-7.0.0-pre36.jar,False
cfm,cfm:black_kitchen_counter,black_kitchen_counter,cfm-forge-1.20.1-7.0.0-pre36.jar,True
cfm,cfm:black_kitchen_drawer,black_kitchen_drawer,cfm-forge-1.20.1-7.0.0-pre36.jar,True
cfm,cfm:black_kitchen_sink,black_kitchen_sink,cfm-forge-1.20.1-7.0.0-pre36.jar,False
cfm,cfm:black_picket_fence,black_picket_fence,cfm-forge-1.20.1-7.0.0-pre36.jar,False
cfm,cfm:black_picket_gate,black_picket_gate,cfm-forge-1.20.1-7.0.0-pre36.jar,False
cfm,cfm:black_sofa,black_sofa,cfm-forge-1.20.1-7.0.0-pre36.jar,False
cfm,cfm:blue_cooler,blue_cooler,cfm-forge-1.20.1-7.0.0-pre36.jar,True
cfm,cfm:blue_grill,blue_grill,cfm-forge-1.20.1-7.0.0-pre36.jar,False
cfm,cfm:blue_kitchen_counter,blue_kitchen_counter,cfm-forge-1.20.1-7.0.0-pre36.jar,True
cfm,cfm:blue_kitchen_drawer,blue_kitchen_drawer,cfm-forge-1.20.1-7.0.0-pre36.jar,True
cfm,cfm:blue_kitchen_sink,blue_kitchen_sink,cfm-forge-1.20.1-7.0.0-pre36.jar,False
cfm,cfm:blue_picket_fence,blue_picket_fence,cfm-forge-1.20.1-7.0.0-pre36.jar,False
cfm,cfm:blue_picket_gate,blue_picket_gate,cfm-forge-1.20.1-7.0.0-pre36.jar,False
cfm,cfm:blue_sofa,blue_sofa,cfm-forge-1.20.1-7.0.0-pre36.jar,False
cfm,cfm:brown_cooler,brown_cooler,cfm-forge-1.20.1-7.0.0-pre36.jar,True
cfm,cfm:brown_grill,brown_grill,cfm-forge-1.20.1-7.0.0-pre36.jar,False
cfm,cfm:brown_kitchen_counter,brown_kitchen_counter,cfm-forge-1.20.1-7.0.0-pre36.jar,True
cfm,cfm:brown_kitchen_drawer,brown_kitchen_drawer,cfm-forge-1.20.1-7.0.0-pre36.jar,True
cfm,cfm:brown_kitchen_sink,brown_kitchen_sink,cfm-forge-1.20.1-7.0.0-pre36.jar,False
cfm,cfm:brown_picket_fence,brown_picket_fence,cfm-forge-1.20.1-7.0.0-pre36.jar,False
cfm,cfm:brown_picket_gate,brown_picket_gate,cfm-forge-1.20.1-7.0.0-pre36.jar,False
cfm,cfm:brown_sofa,brown_sofa,cfm-forge-1.20.1-7.0.0-pre36.jar,False
cfm,cfm:cherry_bedside_cabinet,cherry_bedside_cabinet,nfm-2026.01.30-1.20.1.jar,True
cfm,cfm:cherry_blinds,cherry_blinds,nfm-2026.01.30-1.20.1.jar,False
cfm,cfm:cherry_cabinet,cherry_cabinet,nfm-2026.01.30-1.20.1.jar,True
cfm,cfm:cherry_chair,cherry_chair,nfm-2026.01.30-1.20.1.jar,False
cfm,cfm:cherry_coffee_table,cherry_coffee_table,nfm-2026.01.30-1.20.1.jar,True
cfm,cfm:cherry_crate,cherry_crate,nfm-2026.01.30-1.20.1.jar,True
cfm,cfm:cherry_desk,cherry_desk,nfm-2026.01.30-1.20.1.jar,True
cfm,cfm:cherry_desk_cabinet,cherry_desk_cabinet,nfm-2026.01.30-1.20.1.jar,True
cfm,cfm:cherry_hedge,cherry_hedge,nfm-2026.01.30-1.20.1.jar,False
cfm,cfm:cherry_kitchen_counter,cherry_kitchen_counter,nfm-2026.01.30-1.20.1.jar,True
cfm,cfm:cherry_kitchen_drawer,cherry_kitchen_drawer,nfm-2026.01.30-1.20.1.jar,True
cfm,cfm:cherry_kitchen_sink_dark,cherry_kitchen_sink_dark,nfm-2026.01.30-1.20.1.jar,False
cfm,cfm:cherry_kitchen_sink_light,cherry_kitchen_sink_light,nfm-2026.01.30-1.20.1.jar,False
cfm,cfm:cherry_mail_box,cherry_mail_box,nfm-2026.01.30-1.20.1.jar,False
cfm,cfm:cherry_park_bench,cherry_park_bench,nfm-2026.01.30-1.20.1.jar,False
cfm,cfm:cherry_table,cherry_table,nfm-2026.01.30-1.20.1.jar,True
cfm,cfm:cherry_upgraded_fence,cherry_upgraded_fence,nfm-2026.01.30-1.20.1.jar,False
cfm,cfm:cherry_upgraded_gate,cherry_upgraded_gate,nfm-2026.01.30-1.20.1.jar,False
cfm,cfm:crimson_bedside_cabinet,crimson_bedside_cabinet,cfm-forge-1.20.1-7.0.0-pre36.jar,True
cfm,cfm:crimson_blinds,crimson_blinds,cfm-forge-1.20.1-7.0.0-pre36.jar,False
cfm,cfm:crimson_cabinet,crimson_cabinet,cfm-forge-1.20.1-7.0.0-pre36.jar,True
cfm,cfm:crimson_chair,crimson_chair,cfm-forge-1.20.1-7.0.0-pre36.jar,False
cfm,cfm:crimson_coffee_table,crimson_coffee_table,cfm-forge-1.20.1-7.0.0-pre36.jar,True
cfm,cfm:crimson_crate,crimson_crate,cfm-forge-1.20.1-7.0.0-pre36.jar,True
cfm,cfm:crimson_desk,crimson_desk,cfm-forge-1.20.1-7.0.0-pre36.jar,True
cfm,cfm:crimson_desk_cabinet,crimson_desk_cabinet,cfm-forge-1.20.1-7.0.0-pre36.jar,True
cfm,cfm:crimson_kitchen_counter,crimson_kitchen_counter,cfm-forge-1.20.1-7.0.0-pre36.jar,True
cfm,cfm:crimson_kitchen_drawer,crimson_kitchen_drawer,cfm-forge-1.20.1-7.0.0-pre36.jar,True
cfm,cfm:crimson_kitchen_sink_dark,crimson_kitchen_sink_dark,cfm-forge-1.20.1-7.0.0-pre36.jar,False
cfm,cfm:crimson_kitchen_sink_light,crimson_kitchen_sink_light,cfm-forge-1.20.1-7.0.0-pre36.jar,False
cfm,cfm:crimson_mail_box,crimson_mail_box,cfm-forge-1.20.1-7.0.0-pre36.jar,False
cfm,cfm:crimson_park_bench,crimson_park_bench,cfm-forge-1.20.1-7.0.0-pre36.jar,False
cfm,cfm:crimson_table,crimson_table,cfm-forge-1.20.1-7.0.0-pre36.jar,True
cfm,cfm:crimson_upgraded_fence,crimson_upgraded_fence,cfm-forge-1.20.1-7.0.0-pre36.jar,False
cfm,cfm:crimson_upgraded_gate,crimson_upgraded_gate,cfm-forge-1.20.1-7.0.0-pre36.jar,False
cfm,cfm:cyan_cooler,cyan_cooler,cfm-forge-1.20.1-7.0.0-pre36.jar,True
cfm,cfm:cyan_grill,cyan_grill,cfm-forge-1.20.1-7.0.0-pre36.jar,False
cfm,cfm:cyan_kitchen_counter,cyan_kitchen_counter,cfm-forge-1.20.1-7.0.0-pre36.jar,True
cfm,cfm:cyan_kitchen_drawer,cyan_kitchen_drawer,cfm-forge-1.20.1-7.0.0-pre36.jar,True
cfm,cfm:cyan_kitchen_sink,cyan_kitchen_sink,cfm-forge-1.20.1-7.0.0-pre36.jar,False
cfm,cfm:cyan_picket_fence,cyan_picket_fence,cfm-forge-1.20.1-7.0.0-pre36.jar,False
cfm,cfm:cyan_picket_gate,cyan_picket_gate,cfm-forge-1.20.1-7.0.0-pre36.jar,False
cfm,cfm:cyan_sofa,cyan_sofa,cfm-forge-1.20.1-7.0.0-pre36.jar,False
cfm,cfm:dark_oak_bedside_cabinet,dark_oak_bedside_cabinet,cfm-forge-1.20.1-7.0.0-pre36.jar,True
cfm,cfm:dark_oak_blinds,dark_oak_blinds,cfm-forge-1.20.1-7.0.0-pre36.jar,False
cfm,cfm:dark_oak_cabinet,dark_oak_cabinet,cfm-forge-1.20.1-7.0.0-pre36.jar,True
cfm,cfm:dark_oak_chair,dark_oak_chair,cfm-forge-1.20.1-7.0.0-pre36.jar,False
cfm,cfm:dark_oak_coffee_table,dark_oak_coffee_table,cfm-forge-1.20.1-7.0.0-pre36.jar,True
cfm,cfm:dark_oak_crate,dark_oak_crate,cfm-forge-1.20.1-7.0.0-pre36.jar,True
cfm,cfm:dark_oak_desk,dark_oak_desk,cfm-forge-1.20.1-7.0.0-pre36.jar,True
cfm,cfm:dark_oak_desk_cabinet,dark_oak_desk_cabinet,cfm-forge-1.20.1-7.0.0-pre36.jar,True
cfm,cfm:dark_oak_hedge,dark_oak_hedge,cfm-forge-1.20.1-7.0.0-pre36.jar,False
cfm,cfm:dark_oak_kitchen_counter,dark_oak_kitchen_counter,cfm-forge-1.20.1-7.0.0-pre36.jar,True
cfm,cfm:dark_oak_kitchen_drawer,dark_oak_kitchen_drawer,cfm-forge-1.20.1-7.0.0-pre36.jar,True
cfm,cfm:dark_oak_kitchen_sink_dark,dark_oak_kitchen_sink_dark,cfm-forge-1.20.1-7.0.0-pre36.jar,False
cfm,cfm:dark_oak_kitchen_sink_light,dark_oak_kitchen_sink_light,cfm-forge-1.20.1-7.0.0-pre36.jar,False
cfm,cfm:dark_oak_mail_box,dark_oak_mail_box,cfm-forge-1.20.1-7.0.0-pre36.jar,False
cfm,cfm:dark_oak_park_bench,dark_oak_park_bench,cfm-forge-1.20.1-7.0.0-pre36.jar,False
cfm,cfm:dark_oak_table,dark_oak_table,cfm-forge-1.20.1-7.0.0-pre36.jar,True
cfm,cfm:dark_oak_upgraded_fence,dark_oak_upgraded_fence,cfm-forge-1.20.1-7.0.0-pre36.jar,False
cfm,cfm:dark_oak_upgraded_gate,dark_oak_upgraded_gate,cfm-forge-1.20.1-7.0.0-pre36.jar,False
cfm,cfm:diving_board,diving_board,cfm-forge-1.20.1-7.0.0-pre36.jar,False
cfm,cfm:door_mat,door_mat,cfm-forge-1.20.1-7.0.0-pre36.jar,False
cfm,cfm:flowering_azalea_hedge,flowering_azalea_hedge,cfm-forge-1.20.1-7.0.0-pre36.jar,False
cfm,cfm:freezer_dark,freezer_dark,cfm-forge-1.20.1-7.0.0-pre36.jar,True
cfm,cfm:freezer_light,freezer_light,cfm-forge-1.20.1-7.0.0-pre36.jar,True
cfm,cfm:fridge_dark,fridge_dark,cfm-forge-1.20.1-7.0.0-pre36.jar,True
cfm,cfm:fridge_light,fridge_light,cfm-forge-1.20.1-7.0.0-pre36.jar,True
cfm,cfm:gray_cooler,gray_cooler,cfm-forge-1.20.1-7.0.0-pre36.jar,True
cfm,cfm:gray_grill,gray_grill,cfm-forge-1.20.1-7.0.0-pre36.jar,False
cfm,cfm:gray_kitchen_counter,gray_kitchen_counter,cfm-forge-1.20.1-7.0.0-pre36.jar,True
cfm,cfm:gray_kitchen_drawer,gray_kitchen_drawer,cfm-forge-1.20.1-7.0.0-pre36.jar,True
cfm,cfm:gray_kitchen_sink,gray_kitchen_sink,cfm-forge-1.20.1-7.0.0-pre36.jar,False
cfm,cfm:gray_picket_fence,gray_picket_fence,cfm-forge-1.20.1-7.0.0-pre36.jar,False
cfm,cfm:gray_picket_gate,gray_picket_gate,cfm-forge-1.20.1-7.0.0-pre36.jar,False
cfm,cfm:gray_sofa,gray_sofa,cfm-forge-1.20.1-7.0.0-pre36.jar,False
cfm,cfm:green_cooler,green_cooler,cfm-forge-1.20.1-7.0.0-pre36.jar,True
cfm,cfm:green_grill,green_grill,cfm-forge-1.20.1-7.0.0-pre36.jar,False
cfm,cfm:green_kitchen_counter,green_kitchen_counter,cfm-forge-1.20.1-7.0.0-pre36.jar,True
cfm,cfm:green_kitchen_drawer,green_kitchen_drawer,cfm-forge-1.20.1-7.0.0-pre36.jar,True
cfm,cfm:green_kitchen_sink,green_kitchen_sink,cfm-forge-1.20.1-7.0.0-pre36.jar,False
cfm,cfm:green_picket_fence,green_picket_fence,cfm-forge-1.20.1-7.0.0-pre36.jar,False
cfm,cfm:green_picket_gate,green_picket_gate,cfm-forge-1.20.1-7.0.0-pre36.jar,False
cfm,cfm:green_sofa,green_sofa,cfm-forge-1.20.1-7.0.0-pre36.jar,False
cfm,cfm:jungle_bedside_cabinet,jungle_bedside_cabinet,cfm-forge-1.20.1-7.0.0-pre36.jar,True
cfm,cfm:jungle_blinds,jungle_blinds,cfm-forge-1.20.1-7.0.0-pre36.jar,False
cfm,cfm:jungle_cabinet,jungle_cabinet,cfm-forge-1.20.1-7.0.0-pre36.jar,True
cfm,cfm:jungle_chair,jungle_chair,cfm-forge-1.20.1-7.0.0-pre36.jar,False
cfm,cfm:jungle_coffee_table,jungle_coffee_table,cfm-forge-1.20.1-7.0.0-pre36.jar,True
cfm,cfm:jungle_crate,jungle_crate,cfm-forge-1.20.1-7.0.0-pre36.jar,True
cfm,cfm:jungle_desk,jungle_desk,cfm-forge-1.20.1-7.0.0-pre36.jar,True
cfm,cfm:jungle_desk_cabinet,jungle_desk_cabinet,cfm-forge-1.20.1-7.0.0-pre36.jar,True
cfm,cfm:jungle_hedge,jungle_hedge,cfm-forge-1.20.1-7.0.0-pre36.jar,False
cfm,cfm:jungle_kitchen_counter,jungle_kitchen_counter,cfm-forge-1.20.1-7.0.0-pre36.jar,True
cfm,cfm:jungle_kitchen_drawer,jungle_kitchen_drawer,cfm-forge-1.20.1-7.0.0-pre36.jar,True
cfm,cfm:jungle_kitchen_sink_dark,jungle_kitchen_sink_dark,cfm-forge-1.20.1-7.0.0-pre36.jar,False
cfm,cfm:jungle_kitchen_sink_light,jungle_kitchen_sink_light,cfm-forge-1.20.1-7.0.0-pre36.jar,False
cfm,cfm:jungle_mail_box,jungle_mail_box,cfm-forge-1.20.1-7.0.0-pre36.jar,False
cfm,cfm:jungle_park_bench,jungle_park_bench,cfm-forge-1.20.1-7.0.0-pre36.jar,False
cfm,cfm:jungle_table,jungle_table,cfm-forge-1.20.1-7.0.0-pre36.jar,True
cfm,cfm:jungle_upgraded_fence,jungle_upgraded_fence,cfm-forge-1.20.1-7.0.0-pre36.jar,False
cfm,cfm:jungle_upgraded_gate,jungle_upgraded_gate,cfm-forge-1.20.1-7.0.0-pre36.jar,False
cfm,cfm:light_blue_cooler,light_blue_cooler,cfm-forge-1.20.1-7.0.0-pre36.jar,True
cfm,cfm:light_blue_grill,light_blue_grill,cfm-forge-1.20.1-7.0.0-pre36.jar,False
cfm,cfm:light_blue_kitchen_counter,light_blue_kitchen_counter,cfm-forge-1.20.1-7.0.0-pre36.jar,True
cfm,cfm:light_blue_kitchen_drawer,light_blue_kitchen_drawer,cfm-forge-1.20.1-7.0.0-pre36.jar,True
cfm,cfm:light_blue_kitchen_sink,light_blue_kitchen_sink,cfm-forge-1.20.1-7.0.0-pre36.jar,False
cfm,cfm:light_blue_picket_fence,light_blue_picket_fence,cfm-forge-1.20.1-7.0.0-pre36.jar,False
cfm,cfm:light_blue_picket_gate,light_blue_picket_gate,cfm-forge-1.20.1-7.0.0-pre36.jar,False
cfm,cfm:light_blue_sofa,light_blue_sofa,cfm-forge-1.20.1-7.0.0-pre36.jar,False
cfm,cfm:light_gray_cooler,light_gray_cooler,cfm-forge-1.20.1-7.0.0-pre36.jar,True
cfm,cfm:light_gray_grill,light_gray_grill,cfm-forge-1.20.1-7.0.0-pre36.jar,False
cfm,cfm:light_gray_kitchen_counter,light_gray_kitchen_counter,cfm-forge-1.20.1-7.0.0-pre36.jar,True
cfm,cfm:light_gray_kitchen_drawer,light_gray_kitchen_drawer,cfm-forge-1.20.1-7.0.0-pre36.jar,True
cfm,cfm:light_gray_kitchen_sink,light_gray_kitchen_sink,cfm-forge-1.20.1-7.0.0-pre36.jar,False
cfm,cfm:light_gray_picket_fence,light_gray_picket_fence,cfm-forge-1.20.1-7.0.0-pre36.jar,False
cfm,cfm:light_gray_picket_gate,light_gray_picket_gate,cfm-forge-1.20.1-7.0.0-pre36.jar,False
cfm,cfm:light_gray_sofa,light_gray_sofa,cfm-forge-1.20.1-7.0.0-pre36.jar,False
cfm,cfm:lime_cooler,lime_cooler,cfm-forge-1.20.1-7.0.0-pre36.jar,True
cfm,cfm:lime_grill,lime_grill,cfm-forge-1.20.1-7.0.0-pre36.jar,False
cfm,cfm:lime_kitchen_counter,lime_kitchen_counter,cfm-forge-1.20.1-7.0.0-pre36.jar,True
cfm,cfm:lime_kitchen_drawer,lime_kitchen_drawer,cfm-forge-1.20.1-7.0.0-pre36.jar,True
cfm,cfm:lime_kitchen_sink,lime_kitchen_sink,cfm-forge-1.20.1-7.0.0-pre36.jar,False
cfm,cfm:lime_picket_fence,lime_picket_fence,cfm-forge-1.20.1-7.0.0-pre36.jar,False
cfm,cfm:lime_picket_gate,lime_picket_gate,cfm-forge-1.20.1-7.0.0-pre36.jar,False
cfm,cfm:lime_sofa,lime_sofa,cfm-forge-1.20.1-7.0.0-pre36.jar,False
cfm,cfm:magenta_cooler,magenta_cooler,cfm-forge-1.20.1-7.0.0-pre36.jar,True
cfm,cfm:magenta_grill,magenta_grill,cfm-forge-1.20.1-7.0.0-pre36.jar,False
cfm,cfm:magenta_kitchen_counter,magenta_kitchen_counter,cfm-forge-1.20.1-7.0.0-pre36.jar,True
cfm,cfm:magenta_kitchen_drawer,magenta_kitchen_drawer,cfm-forge-1.20.1-7.0.0-pre36.jar,True
cfm,cfm:magenta_kitchen_sink,magenta_kitchen_sink,cfm-forge-1.20.1-7.0.0-pre36.jar,False
cfm,cfm:magenta_picket_fence,magenta_picket_fence,cfm-forge-1.20.1-7.0.0-pre36.jar,False
cfm,cfm:magenta_picket_gate,magenta_picket_gate,cfm-forge-1.20.1-7.0.0-pre36.jar,False
cfm,cfm:magenta_sofa,magenta_sofa,cfm-forge-1.20.1-7.0.0-pre36.jar,False
cfm,cfm:mangrove_bedside_cabinet,mangrove_bedside_cabinet,cfm-forge-1.20.1-7.0.0-pre36.jar,True
cfm,cfm:mangrove_blinds,mangrove_blinds,cfm-forge-1.20.1-7.0.0-pre36.jar,False
cfm,cfm:mangrove_cabinet,mangrove_cabinet,cfm-forge-1.20.1-7.0.0-pre36.jar,True
cfm,cfm:mangrove_chair,mangrove_chair,cfm-forge-1.20.1-7.0.0-pre36.jar,False
cfm,cfm:mangrove_coffee_table,mangrove_coffee_table,cfm-forge-1.20.1-7.0.0-pre36.jar,True
cfm,cfm:mangrove_crate,mangrove_crate,cfm-forge-1.20.1-7.0.0-pre36.jar,True
cfm,cfm:mangrove_desk,mangrove_desk,cfm-forge-1.20.1-7.0.0-pre36.jar,True
cfm,cfm:mangrove_desk_cabinet,mangrove_desk_cabinet,cfm-forge-1.20.1-7.0.0-pre36.jar,True
cfm,cfm:mangrove_hedge,mangrove_hedge,cfm-forge-1.20.1-7.0.0-pre36.jar,False
cfm,cfm:mangrove_kitchen_counter,mangrove_kitchen_counter,cfm-forge-1.20.1-7.0.0-pre36.jar,True
cfm,cfm:mangrove_kitchen_drawer,mangrove_kitchen_drawer,cfm-forge-1.20.1-7.0.0-pre36.jar,True
cfm,cfm:mangrove_kitchen_sink_dark,mangrove_kitchen_sink_dark,cfm-forge-1.20.1-7.0.0-pre36.jar,False
cfm,cfm:mangrove_kitchen_sink_light,mangrove_kitchen_sink_light,cfm-forge-1.20.1-7.0.0-pre36.jar,False
cfm,cfm:mangrove_mail_box,mangrove_mail_box,cfm-forge-1.20.1-7.0.0-pre36.jar,False
cfm,cfm:mangrove_park_bench,mangrove_park_bench,cfm-forge-1.20.1-7.0.0-pre36.jar,False
cfm,cfm:mangrove_table,mangrove_table,cfm-forge-1.20.1-7.0.0-pre36.jar,True
cfm,cfm:mangrove_upgraded_fence,mangrove_upgraded_fence,cfm-forge-1.20.1-7.0.0-pre36.jar,False
cfm,cfm:mangrove_upgraded_gate,mangrove_upgraded_gate,cfm-forge-1.20.1-7.0.0-pre36.jar,False
cfm,cfm:oak_bedside_cabinet,oak_bedside_cabinet,cfm-forge-1.20.1-7.0.0-pre36.jar,True
cfm,cfm:oak_blinds,oak_blinds,cfm-forge-1.20.1-7.0.0-pre36.jar,False
cfm,cfm:oak_cabinet,oak_cabinet,cfm-forge-1.20.1-7.0.0-pre36.jar,True
cfm,cfm:oak_chair,oak_chair,cfm-forge-1.20.1-7.0.0-pre36.jar,False
cfm,cfm:oak_coffee_table,oak_coffee_table,cfm-forge-1.20.1-7.0.0-pre36.jar,True
cfm,cfm:oak_crate,oak_crate,cfm-forge-1.20.1-7.0.0-pre36.jar,True
cfm,cfm:oak_desk,oak_desk,cfm-forge-1.20.1-7.0.0-pre36.jar,True
cfm,cfm:oak_desk_cabinet,oak_desk_cabinet,cfm-forge-1.20.1-7.0.0-pre36.jar,True
cfm,cfm:oak_hedge,oak_hedge,cfm-forge-1.20.1-7.0.0-pre36.jar,False
cfm,cfm:oak_kitchen_counter,oak_kitchen_counter,cfm-forge-1.20.1-7.0.0-pre36.jar,True
cfm,cfm:oak_kitchen_drawer,oak_kitchen_drawer,cfm-forge-1.20.1-7.0.0-pre36.jar,True
cfm,cfm:oak_kitchen_sink_dark,oak_kitchen_sink_dark,cfm-forge-1.20.1-7.0.0-pre36.jar,False
cfm,cfm:oak_kitchen_sink_light,oak_kitchen_sink_light,cfm-forge-1.20.1-7.0.0-pre36.jar,False
cfm,cfm:oak_mail_box,oak_mail_box,cfm-forge-1.20.1-7.0.0-pre36.jar,False
cfm,cfm:oak_park_bench,oak_park_bench,cfm-forge-1.20.1-7.0.0-pre36.jar,False
cfm,cfm:oak_table,oak_table,cfm-forge-1.20.1-7.0.0-pre36.jar,True
cfm,cfm:oak_upgraded_fence,oak_upgraded_fence,cfm-forge-1.20.1-7.0.0-pre36.jar,False
cfm,cfm:oak_upgraded_gate,oak_upgraded_gate,cfm-forge-1.20.1-7.0.0-pre36.jar,False
cfm,cfm:orange_cooler,orange_cooler,cfm-forge-1.20.1-7.0.0-pre36.jar,True
cfm,cfm:orange_grill,orange_grill,cfm-forge-1.20.1-7.0.0-pre36.jar,False
cfm,cfm:orange_kitchen_counter,orange_kitchen_counter,cfm-forge-1.20.1-7.0.0-pre36.jar,True
cfm,cfm:orange_kitchen_drawer,orange_kitchen_drawer,cfm-forge-1.20.1-7.0.0-pre36.jar,True
cfm,cfm:orange_kitchen_sink,orange_kitchen_sink,cfm-forge-1.20.1-7.0.0-pre36.jar,False
cfm,cfm:orange_picket_fence,orange_picket_fence,cfm-forge-1.20.1-7.0.0-pre36.jar,False
cfm,cfm:orange_picket_gate,orange_picket_gate,cfm-forge-1.20.1-7.0.0-pre36.jar,False
cfm,cfm:orange_sofa,orange_sofa,cfm-forge-1.20.1-7.0.0-pre36.jar,False
cfm,cfm:pink_cooler,pink_cooler,cfm-forge-1.20.1-7.0.0-pre36.jar,True
cfm,cfm:pink_grill,pink_grill,cfm-forge-1.20.1-7.0.0-pre36.jar,False
cfm,cfm:pink_kitchen_counter,pink_kitchen_counter,cfm-forge-1.20.1-7.0.0-pre36.jar,True
cfm,cfm:pink_kitchen_drawer,pink_kitchen_drawer,cfm-forge-1.20.1-7.0.0-pre36.jar,True
cfm,cfm:pink_kitchen_sink,pink_kitchen_sink,cfm-forge-1.20.1-7.0.0-pre36.jar,False
cfm,cfm:pink_picket_fence,pink_picket_fence,cfm-forge-1.20.1-7.0.0-pre36.jar,False
cfm,cfm:pink_picket_gate,pink_picket_gate,cfm-forge-1.20.1-7.0.0-pre36.jar,False
cfm,cfm:pink_sofa,pink_sofa,cfm-forge-1.20.1-7.0.0-pre36.jar,False
cfm,cfm:post_box,post_box,cfm-forge-1.20.1-7.0.0-pre36.jar,False
cfm,cfm:purple_cooler,purple_cooler,cfm-forge-1.20.1-7.0.0-pre36.jar,True
cfm,cfm:purple_grill,purple_grill,cfm-forge-1.20.1-7.0.0-pre36.jar,False
cfm,cfm:purple_kitchen_counter,purple_kitchen_counter,cfm-forge-1.20.1-7.0.0-pre36.jar,True
cfm,cfm:purple_kitchen_drawer,purple_kitchen_drawer,cfm-forge-1.20.1-7.0.0-pre36.jar,True
cfm,cfm:purple_kitchen_sink,purple_kitchen_sink,cfm-forge-1.20.1-7.0.0-pre36.jar,False
cfm,cfm:purple_picket_fence,purple_picket_fence,cfm-forge-1.20.1-7.0.0-pre36.jar,False
cfm,cfm:purple_picket_gate,purple_picket_gate,cfm-forge-1.20.1-7.0.0-pre36.jar,False
cfm,cfm:purple_sofa,purple_sofa,cfm-forge-1.20.1-7.0.0-pre36.jar,False
cfm,cfm:rainbow_sofa,rainbow_sofa,cfm-forge-1.20.1-7.0.0-pre36.jar,False
cfm,cfm:red_cooler,red_cooler,cfm-forge-1.20.1-7.0.0-pre36.jar,True
cfm,cfm:red_grill,red_grill,cfm-forge-1.20.1-7.0.0-pre36.jar,False
cfm,cfm:red_kitchen_counter,red_kitchen_counter,cfm-forge-1.20.1-7.0.0-pre36.jar,True
cfm,cfm:red_kitchen_drawer,red_kitchen_drawer,cfm-forge-1.20.1-7.0.0-pre36.jar,True
cfm,cfm:red_kitchen_sink,red_kitchen_sink,cfm-forge-1.20.1-7.0.0-pre36.jar,False
cfm,cfm:red_picket_fence,red_picket_fence,cfm-forge-1.20.1-7.0.0-pre36.jar,False
cfm,cfm:red_picket_gate,red_picket_gate,cfm-forge-1.20.1-7.0.0-pre36.jar,False
cfm,cfm:red_sofa,red_sofa,cfm-forge-1.20.1-7.0.0-pre36.jar,False
cfm,cfm:rock_path,rock_path,cfm-forge-1.20.1-7.0.0-pre36.jar,False
cfm,cfm:spruce_bedside_cabinet,spruce_bedside_cabinet,cfm-forge-1.20.1-7.0.0-pre36.jar,True
cfm,cfm:spruce_blinds,spruce_blinds,cfm-forge-1.20.1-7.0.0-pre36.jar,False
cfm,cfm:spruce_cabinet,spruce_cabinet,cfm-forge-1.20.1-7.0.0-pre36.jar,True
cfm,cfm:spruce_chair,spruce_chair,cfm-forge-1.20.1-7.0.0-pre36.jar,False
cfm,cfm:spruce_coffee_table,spruce_coffee_table,cfm-forge-1.20.1-7.0.0-pre36.jar,True
cfm,cfm:spruce_crate,spruce_crate,cfm-forge-1.20.1-7.0.0-pre36.jar,True
cfm,cfm:spruce_desk,spruce_desk,cfm-forge-1.20.1-7.0.0-pre36.jar,True
cfm,cfm:spruce_desk_cabinet,spruce_desk_cabinet,cfm-forge-1.20.1-7.0.0-pre36.jar,True
cfm,cfm:spruce_hedge,spruce_hedge,cfm-forge-1.20.1-7.0.0-pre36.jar,False
cfm,cfm:spruce_kitchen_counter,spruce_kitchen_counter,cfm-forge-1.20.1-7.0.0-pre36.jar,True
cfm,cfm:spruce_kitchen_drawer,spruce_kitchen_drawer,cfm-forge-1.20.1-7.0.0-pre36.jar,True
cfm,cfm:spruce_kitchen_sink_dark,spruce_kitchen_sink_dark,cfm-forge-1.20.1-7.0.0-pre36.jar,False
cfm,cfm:spruce_kitchen_sink_light,spruce_kitchen_sink_light,cfm-forge-1.20.1-7.0.0-pre36.jar,False
cfm,cfm:spruce_mail_box,spruce_mail_box,cfm-forge-1.20.1-7.0.0-pre36.jar,False
cfm,cfm:spruce_park_bench,spruce_park_bench,cfm-forge-1.20.1-7.0.0-pre36.jar,False
cfm,cfm:spruce_table,spruce_table,cfm-forge-1.20.1-7.0.0-pre36.jar,True
cfm,cfm:spruce_upgraded_fence,spruce_upgraded_fence,cfm-forge-1.20.1-7.0.0-pre36.jar,False
cfm,cfm:spruce_upgraded_gate,spruce_upgraded_gate,cfm-forge-1.20.1-7.0.0-pre36.jar,False
cfm,cfm:stripped_acacia_bedside_cabinet,stripped_acacia_bedside_cabinet,cfm-forge-1.20.1-7.0.0-pre36.jar,True
cfm,cfm:stripped_acacia_blinds,stripped_acacia_blinds,cfm-forge-1.20.1-7.0.0-pre36.jar,False
cfm,cfm:stripped_acacia_cabinet,stripped_acacia_cabinet,cfm-forge-1.20.1-7.0.0-pre36.jar,True
cfm,cfm:stripped_acacia_chair,stripped_acacia_chair,cfm-forge-1.20.1-7.0.0-pre36.jar,False
cfm,cfm:stripped_acacia_coffee_table,stripped_acacia_coffee_table,cfm-forge-1.20.1-7.0.0-pre36.jar,True
cfm,cfm:stripped_acacia_crate,stripped_acacia_crate,cfm-forge-1.20.1-7.0.0-pre36.jar,True
cfm,cfm:stripped_acacia_desk,stripped_acacia_desk,cfm-forge-1.20.1-7.0.0-pre36.jar,True
cfm,cfm:stripped_acacia_desk_cabinet,stripped_acacia_desk_cabinet,cfm-forge-1.20.1-7.0.0-pre36.jar,True
cfm,cfm:stripped_acacia_kitchen_counter,stripped_acacia_kitchen_counter,cfm-forge-1.20.1-7.0.0-pre36.jar,True
cfm,cfm:stripped_acacia_kitchen_drawer,stripped_acacia_kitchen_drawer,cfm-forge-1.20.1-7.0.0-pre36.jar,True
cfm,cfm:stripped_acacia_kitchen_sink_dark,stripped_acacia_kitchen_sink_dark,cfm-forge-1.20.1-7.0.0-pre36.jar,False
cfm,cfm:stripped_acacia_kitchen_sink_light,stripped_acacia_kitchen_sink_light,cfm-forge-1.20.1-7.0.0-pre36.jar,False
cfm,cfm:stripped_acacia_mail_box,stripped_acacia_mail_box,cfm-forge-1.20.1-7.0.0-pre36.jar,False
cfm,cfm:stripped_acacia_park_bench,stripped_acacia_park_bench,cfm-forge-1.20.1-7.0.0-pre36.jar,False
cfm,cfm:stripped_acacia_table,stripped_acacia_table,cfm-forge-1.20.1-7.0.0-pre36.jar,True
cfm,cfm:stripped_acacia_upgraded_fence,stripped_acacia_upgraded_fence,cfm-forge-1.20.1-7.0.0-pre36.jar,False
cfm,cfm:stripped_acacia_upgraded_gate,stripped_acacia_upgraded_gate,cfm-forge-1.20.1-7.0.0-pre36.jar,False
cfm,cfm:stripped_birch_bedside_cabinet,stripped_birch_bedside_cabinet,cfm-forge-1.20.1-7.0.0-pre36.jar,True
cfm,cfm:stripped_birch_blinds,stripped_birch_blinds,cfm-forge-1.20.1-7.0.0-pre36.jar,False
cfm,cfm:stripped_birch_cabinet,stripped_birch_cabinet,cfm-forge-1.20.1-7.0.0-pre36.jar,True
cfm,cfm:stripped_birch_chair,stripped_birch_chair,cfm-forge-1.20.1-7.0.0-pre36.jar,False
cfm,cfm:stripped_birch_coffee_table,stripped_birch_coffee_table,cfm-forge-1.20.1-7.0.0-pre36.jar,True
cfm,cfm:stripped_birch_crate,stripped_birch_crate,cfm-forge-1.20.1-7.0.0-pre36.jar,True
cfm,cfm:stripped_birch_desk,stripped_birch_desk,cfm-forge-1.20.1-7.0.0-pre36.jar,True
cfm,cfm:stripped_birch_desk_cabinet,stripped_birch_desk_cabinet,cfm-forge-1.20.1-7.0.0-pre36.jar,True
cfm,cfm:stripped_birch_kitchen_counter,stripped_birch_kitchen_counter,cfm-forge-1.20.1-7.0.0-pre36.jar,True
cfm,cfm:stripped_birch_kitchen_drawer,stripped_birch_kitchen_drawer,cfm-forge-1.20.1-7.0.0-pre36.jar,True
cfm,cfm:stripped_birch_kitchen_sink_dark,stripped_birch_kitchen_sink_dark,cfm-forge-1.20.1-7.0.0-pre36.jar,False
cfm,cfm:stripped_birch_kitchen_sink_light,stripped_birch_kitchen_sink_light,cfm-forge-1.20.1-7.0.0-pre36.jar,False
cfm,cfm:stripped_birch_mail_box,stripped_birch_mail_box,cfm-forge-1.20.1-7.0.0-pre36.jar,False
cfm,cfm:stripped_birch_park_bench,stripped_birch_park_bench,cfm-forge-1.20.1-7.0.0-pre36.jar,False
cfm,cfm:stripped_birch_table,stripped_birch_table,cfm-forge-1.20.1-7.0.0-pre36.jar,True
cfm,cfm:stripped_birch_upgraded_fence,stripped_birch_upgraded_fence,cfm-forge-1.20.1-7.0.0-pre36.jar,False
cfm,cfm:stripped_birch_upgraded_gate,stripped_birch_upgraded_gate,cfm-forge-1.20.1-7.0.0-pre36.jar,False
cfm,cfm:stripped_cherry_bedside_cabinet,stripped_cherry_bedside_cabinet,nfm-2026.01.30-1.20.1.jar,True
cfm,cfm:stripped_cherry_blinds,stripped_cherry_blinds,nfm-2026.01.30-1.20.1.jar,False
cfm,cfm:stripped_cherry_cabinet,stripped_cherry_cabinet,nfm-2026.01.30-1.20.1.jar,True
cfm,cfm:stripped_cherry_chair,stripped_cherry_chair,nfm-2026.01.30-1.20.1.jar,False
cfm,cfm:stripped_cherry_coffee_table,stripped_cherry_coffee_table,nfm-2026.01.30-1.20.1.jar,True
cfm,cfm:stripped_cherry_crate,stripped_cherry_crate,nfm-2026.01.30-1.20.1.jar,True
cfm,cfm:stripped_cherry_desk,stripped_cherry_desk,nfm-2026.01.30-1.20.1.jar,True
cfm,cfm:stripped_cherry_desk_cabinet,stripped_cherry_desk_cabinet,nfm-2026.01.30-1.20.1.jar,True
cfm,cfm:stripped_cherry_kitchen_counter,stripped_cherry_kitchen_counter,nfm-2026.01.30-1.20.1.jar,True
cfm,cfm:stripped_cherry_kitchen_drawer,stripped_cherry_kitchen_drawer,nfm-2026.01.30-1.20.1.jar,True
cfm,cfm:stripped_cherry_kitchen_sink_dark,stripped_cherry_kitchen_sink_dark,nfm-2026.01.30-1.20.1.jar,False
cfm,cfm:stripped_cherry_kitchen_sink_light,stripped_cherry_kitchen_sink_light,nfm-2026.01.30-1.20.1.jar,False
cfm,cfm:stripped_cherry_mail_box,stripped_cherry_mail_box,nfm-2026.01.30-1.20.1.jar,False
cfm,cfm:stripped_cherry_park_bench,stripped_cherry_park_bench,nfm-2026.01.30-1.20.1.jar,False
cfm,cfm:stripped_cherry_table,stripped_cherry_table,nfm-2026.01.30-1.20.1.jar,True
cfm,cfm:stripped_cherry_upgraded_fence,stripped_cherry_upgraded_fence,nfm-2026.01.30-1.20.1.jar,False
cfm,cfm:stripped_cherry_upgraded_gate,stripped_cherry_upgraded_gate,nfm-2026.01.30-1.20.1.jar,False
cfm,cfm:stripped_crimson_bedside_cabinet,stripped_crimson_bedside_cabinet,cfm-forge-1.20.1-7.0.0-pre36.jar,True
cfm,cfm:stripped_crimson_blinds,stripped_crimson_blinds,cfm-forge-1.20.1-7.0.0-pre36.jar,False
cfm,cfm:stripped_crimson_cabinet,stripped_crimson_cabinet,cfm-forge-1.20.1-7.0.0-pre36.jar,True
cfm,cfm:stripped_crimson_chair,stripped_crimson_chair,cfm-forge-1.20.1-7.0.0-pre36.jar,False
cfm,cfm:stripped_crimson_coffee_table,stripped_crimson_coffee_table,cfm-forge-1.20.1-7.0.0-pre36.jar,True
cfm,cfm:stripped_crimson_crate,stripped_crimson_crate,cfm-forge-1.20.1-7.0.0-pre36.jar,True
cfm,cfm:stripped_crimson_desk,stripped_crimson_desk,cfm-forge-1.20.1-7.0.0-pre36.jar,True
cfm,cfm:stripped_crimson_desk_cabinet,stripped_crimson_desk_cabinet,cfm-forge-1.20.1-7.0.0-pre36.jar,True
cfm,cfm:stripped_crimson_kitchen_counter,stripped_crimson_kitchen_counter,cfm-forge-1.20.1-7.0.0-pre36.jar,True
cfm,cfm:stripped_crimson_kitchen_drawer,stripped_crimson_kitchen_drawer,cfm-forge-1.20.1-7.0.0-pre36.jar,True
cfm,cfm:stripped_crimson_kitchen_sink_dark,stripped_crimson_kitchen_sink_dark,cfm-forge-1.20.1-7.0.0-pre36.jar,False
cfm,cfm:stripped_crimson_kitchen_sink_light,stripped_crimson_kitchen_sink_light,cfm-forge-1.20.1-7.0.0-pre36.jar,False
cfm,cfm:stripped_crimson_mail_box,stripped_crimson_mail_box,cfm-forge-1.20.1-7.0.0-pre36.jar,False
cfm,cfm:stripped_crimson_park_bench,stripped_crimson_park_bench,cfm-forge-1.20.1-7.0.0-pre36.jar,False
cfm,cfm:stripped_crimson_table,stripped_crimson_table,cfm-forge-1.20.1-7.0.0-pre36.jar,True
cfm,cfm:stripped_crimson_upgraded_fence,stripped_crimson_upgraded_fence,cfm-forge-1.20.1-7.0.0-pre36.jar,False
cfm,cfm:stripped_crimson_upgraded_gate,stripped_crimson_upgraded_gate,cfm-forge-1.20.1-7.0.0-pre36.jar,False
cfm,cfm:stripped_dark_oak_bedside_cabinet,stripped_dark_oak_bedside_cabinet,cfm-forge-1.20.1-7.0.0-pre36.jar,True
cfm,cfm:stripped_dark_oak_blinds,stripped_dark_oak_blinds,cfm-forge-1.20.1-7.0.0-pre36.jar,False
cfm,cfm:stripped_dark_oak_cabinet,stripped_dark_oak_cabinet,cfm-forge-1.20.1-7.0.0-pre36.jar,True
cfm,cfm:stripped_dark_oak_chair,stripped_dark_oak_chair,cfm-forge-1.20.1-7.0.0-pre36.jar,False
cfm,cfm:stripped_dark_oak_coffee_table,stripped_dark_oak_coffee_table,cfm-forge-1.20.1-7.0.0-pre36.jar,True
cfm,cfm:stripped_dark_oak_crate,stripped_dark_oak_crate,cfm-forge-1.20.1-7.0.0-pre36.jar,True
cfm,cfm:stripped_dark_oak_desk,stripped_dark_oak_desk,cfm-forge-1.20.1-7.0.0-pre36.jar,True
cfm,cfm:stripped_dark_oak_desk_cabinet,stripped_dark_oak_desk_cabinet,cfm-forge-1.20.1-7.0.0-pre36.jar,True
cfm,cfm:stripped_dark_oak_kitchen_counter,stripped_dark_oak_kitchen_counter,cfm-forge-1.20.1-7.0.0-pre36.jar,True
cfm,cfm:stripped_dark_oak_kitchen_drawer,stripped_dark_oak_kitchen_drawer,cfm-forge-1.20.1-7.0.0-pre36.jar,True
cfm,cfm:stripped_dark_oak_kitchen_sink_dark,stripped_dark_oak_kitchen_sink_dark,cfm-forge-1.20.1-7.0.0-pre36.jar,False
cfm,cfm:stripped_dark_oak_kitchen_sink_light,stripped_dark_oak_kitchen_sink_light,cfm-forge-1.20.1-7.0.0-pre36.jar,False
cfm,cfm:stripped_dark_oak_mail_box,stripped_dark_oak_mail_box,cfm-forge-1.20.1-7.0.0-pre36.jar,False
cfm,cfm:stripped_dark_oak_park_bench,stripped_dark_oak_park_bench,cfm-forge-1.20.1-7.0.0-pre36.jar,False
cfm,cfm:stripped_dark_oak_table,stripped_dark_oak_table,cfm-forge-1.20.1-7.0.0-pre36.jar,True
cfm,cfm:stripped_dark_oak_upgraded_fence,stripped_dark_oak_upgraded_fence,cfm-forge-1.20.1-7.0.0-pre36.jar,False
cfm,cfm:stripped_dark_oak_upgraded_gate,stripped_dark_oak_upgraded_gate,cfm-forge-1.20.1-7.0.0-pre36.jar,False
cfm,cfm:stripped_jungle_bedside_cabinet,stripped_jungle_bedside_cabinet,cfm-forge-1.20.1-7.0.0-pre36.jar,True
cfm,cfm:stripped_jungle_blinds,stripped_jungle_blinds,cfm-forge-1.20.1-7.0.0-pre36.jar,False
cfm,cfm:stripped_jungle_cabinet,stripped_jungle_cabinet,cfm-forge-1.20.1-7.0.0-pre36.jar,True
cfm,cfm:stripped_jungle_chair,stripped_jungle_chair,cfm-forge-1.20.1-7.0.0-pre36.jar,False
cfm,cfm:stripped_jungle_coffee_table,stripped_jungle_coffee_table,cfm-forge-1.20.1-7.0.0-pre36.jar,True
cfm,cfm:stripped_jungle_crate,stripped_jungle_crate,cfm-forge-1.20.1-7.0.0-pre36.jar,True
cfm,cfm:stripped_jungle_desk,stripped_jungle_desk,cfm-forge-1.20.1-7.0.0-pre36.jar,True
cfm,cfm:stripped_jungle_desk_cabinet,stripped_jungle_desk_cabinet,cfm-forge-1.20.1-7.0.0-pre36.jar,True
cfm,cfm:stripped_jungle_kitchen_counter,stripped_jungle_kitchen_counter,cfm-forge-1.20.1-7.0.0-pre36.jar,True
cfm,cfm:stripped_jungle_kitchen_drawer,stripped_jungle_kitchen_drawer,cfm-forge-1.20.1-7.0.0-pre36.jar,True
cfm,cfm:stripped_jungle_kitchen_sink_dark,stripped_jungle_kitchen_sink_dark,cfm-forge-1.20.1-7.0.0-pre36.jar,False
cfm,cfm:stripped_jungle_kitchen_sink_light,stripped_jungle_kitchen_sink_light,cfm-forge-1.20.1-7.0.0-pre36.jar,False
cfm,cfm:stripped_jungle_mail_box,stripped_jungle_mail_box,cfm-forge-1.20.1-7.0.0-pre36.jar,False
cfm,cfm:stripped_jungle_park_bench,stripped_jungle_park_bench,cfm-forge-1.20.1-7.0.0-pre36.jar,False
cfm,cfm:stripped_jungle_table,stripped_jungle_table,cfm-forge-1.20.1-7.0.0-pre36.jar,True
cfm,cfm:stripped_jungle_upgraded_fence,stripped_jungle_upgraded_fence,cfm-forge-1.20.1-7.0.0-pre36.jar,False
cfm,cfm:stripped_jungle_upgraded_gate,stripped_jungle_upgraded_gate,cfm-forge-1.20.1-7.0.0-pre36.jar,False
cfm,cfm:stripped_mangrove_bedside_cabinet,stripped_mangrove_bedside_cabinet,cfm-forge-1.20.1-7.0.0-pre36.jar,True
cfm,cfm:stripped_mangrove_blinds,stripped_mangrove_blinds,cfm-forge-1.20.1-7.0.0-pre36.jar,False
cfm,cfm:stripped_mangrove_cabinet,stripped_mangrove_cabinet,cfm-forge-1.20.1-7.0.0-pre36.jar,True
cfm,cfm:stripped_mangrove_chair,stripped_mangrove_chair,cfm-forge-1.20.1-7.0.0-pre36.jar,False
cfm,cfm:stripped_mangrove_coffee_table,stripped_mangrove_coffee_table,cfm-forge-1.20.1-7.0.0-pre36.jar,True
cfm,cfm:stripped_mangrove_crate,stripped_mangrove_crate,cfm-forge-1.20.1-7.0.0-pre36.jar,True
cfm,cfm:stripped_mangrove_desk,stripped_mangrove_desk,cfm-forge-1.20.1-7.0.0-pre36.jar,True
cfm,cfm:stripped_mangrove_desk_cabinet,stripped_mangrove_desk_cabinet,cfm-forge-1.20.1-7.0.0-pre36.jar,True
cfm,cfm:stripped_mangrove_kitchen_counter,stripped_mangrove_kitchen_counter,cfm-forge-1.20.1-7.0.0-pre36.jar,True
cfm,cfm:stripped_mangrove_kitchen_drawer,stripped_mangrove_kitchen_drawer,cfm-forge-1.20.1-7.0.0-pre36.jar,True
cfm,cfm:stripped_mangrove_kitchen_sink_dark,stripped_mangrove_kitchen_sink_dark,cfm-forge-1.20.1-7.0.0-pre36.jar,False
cfm,cfm:stripped_mangrove_kitchen_sink_light,stripped_mangrove_kitchen_sink_light,cfm-forge-1.20.1-7.0.0-pre36.jar,False
cfm,cfm:stripped_mangrove_mail_box,stripped_mangrove_mail_box,cfm-forge-1.20.1-7.0.0-pre36.jar,False
cfm,cfm:stripped_mangrove_park_bench,stripped_mangrove_park_bench,cfm-forge-1.20.1-7.0.0-pre36.jar,False
cfm,cfm:stripped_mangrove_table,stripped_mangrove_table,cfm-forge-1.20.1-7.0.0-pre36.jar,True
cfm,cfm:stripped_mangrove_upgraded_fence,stripped_mangrove_upgraded_fence,cfm-forge-1.20.1-7.0.0-pre36.jar,False
cfm,cfm:stripped_mangrove_upgraded_gate,stripped_mangrove_upgraded_gate,cfm-forge-1.20.1-7.0.0-pre36.jar,False
cfm,cfm:stripped_oak_bedside_cabinet,stripped_oak_bedside_cabinet,cfm-forge-1.20.1-7.0.0-pre36.jar,True
cfm,cfm:stripped_oak_blinds,stripped_oak_blinds,cfm-forge-1.20.1-7.0.0-pre36.jar,False
cfm,cfm:stripped_oak_cabinet,stripped_oak_cabinet,cfm-forge-1.20.1-7.0.0-pre36.jar,True
cfm,cfm:stripped_oak_chair,stripped_oak_chair,cfm-forge-1.20.1-7.0.0-pre36.jar,False
cfm,cfm:stripped_oak_coffee_table,stripped_oak_coffee_table,cfm-forge-1.20.1-7.0.0-pre36.jar,True
cfm,cfm:stripped_oak_crate,stripped_oak_crate,cfm-forge-1.20.1-7.0.0-pre36.jar,True
cfm,cfm:stripped_oak_desk,stripped_oak_desk,cfm-forge-1.20.1-7.0.0-pre36.jar,True
cfm,cfm:stripped_oak_desk_cabinet,stripped_oak_desk_cabinet,cfm-forge-1.20.1-7.0.0-pre36.jar,True
cfm,cfm:stripped_oak_kitchen_counter,stripped_oak_kitchen_counter,cfm-forge-1.20.1-7.0.0-pre36.jar,True
cfm,cfm:stripped_oak_kitchen_drawer,stripped_oak_kitchen_drawer,cfm-forge-1.20.1-7.0.0-pre36.jar,True
cfm,cfm:stripped_oak_kitchen_sink_dark,stripped_oak_kitchen_sink_dark,cfm-forge-1.20.1-7.0.0-pre36.jar,False
cfm,cfm:stripped_oak_kitchen_sink_light,stripped_oak_kitchen_sink_light,cfm-forge-1.20.1-7.0.0-pre36.jar,False
cfm,cfm:stripped_oak_mail_box,stripped_oak_mail_box,cfm-forge-1.20.1-7.0.0-pre36.jar,False
cfm,cfm:stripped_oak_park_bench,stripped_oak_park_bench,cfm-forge-1.20.1-7.0.0-pre36.jar,False
cfm,cfm:stripped_oak_table,stripped_oak_table,cfm-forge-1.20.1-7.0.0-pre36.jar,True
cfm,cfm:stripped_oak_upgraded_fence,stripped_oak_upgraded_fence,cfm-forge-1.20.1-7.0.0-pre36.jar,False
cfm,cfm:stripped_oak_upgraded_gate,stripped_oak_upgraded_gate,cfm-forge-1.20.1-7.0.0-pre36.jar,False
cfm,cfm:stripped_spruce_bedside_cabinet,stripped_spruce_bedside_cabinet,cfm-forge-1.20.1-7.0.0-pre36.jar,True
cfm,cfm:stripped_spruce_blinds,stripped_spruce_blinds,cfm-forge-1.20.1-7.0.0-pre36.jar,False
cfm,cfm:stripped_spruce_cabinet,stripped_spruce_cabinet,cfm-forge-1.20.1-7.0.0-pre36.jar,True
cfm,cfm:stripped_spruce_chair,stripped_spruce_chair,cfm-forge-1.20.1-7.0.0-pre36.jar,False
cfm,cfm:stripped_spruce_coffee_table,stripped_spruce_coffee_table,cfm-forge-1.20.1-7.0.0-pre36.jar,True
cfm,cfm:stripped_spruce_crate,stripped_spruce_crate,cfm-forge-1.20.1-7.0.0-pre36.jar,True
cfm,cfm:stripped_spruce_desk,stripped_spruce_desk,cfm-forge-1.20.1-7.0.0-pre36.jar,True
cfm,cfm:stripped_spruce_desk_cabinet,stripped_spruce_desk_cabinet,cfm-forge-1.20.1-7.0.0-pre36.jar,True
cfm,cfm:stripped_spruce_kitchen_counter,stripped_spruce_kitchen_counter,cfm-forge-1.20.1-7.0.0-pre36.jar,True
cfm,cfm:stripped_spruce_kitchen_drawer,stripped_spruce_kitchen_drawer,cfm-forge-1.20.1-7.0.0-pre36.jar,True
cfm,cfm:stripped_spruce_kitchen_sink_dark,stripped_spruce_kitchen_sink_dark,cfm-forge-1.20.1-7.0.0-pre36.jar,False
cfm,cfm:stripped_spruce_kitchen_sink_light,stripped_spruce_kitchen_sink_light,cfm-forge-1.20.1-7.0.0-pre36.jar,False
cfm,cfm:stripped_spruce_mail_box,stripped_spruce_mail_box,cfm-forge-1.20.1-7.0.0-pre36.jar,False
cfm,cfm:stripped_spruce_park_bench,stripped_spruce_park_bench,cfm-forge-1.20.1-7.0.0-pre36.jar,False
cfm,cfm:stripped_spruce_table,stripped_spruce_table,cfm-forge-1.20.1-7.0.0-pre36.jar,True
cfm,cfm:stripped_spruce_upgraded_fence,stripped_spruce_upgraded_fence,cfm-forge-1.20.1-7.0.0-pre36.jar,False
cfm,cfm:stripped_spruce_upgraded_gate,stripped_spruce_upgraded_gate,cfm-forge-1.20.1-7.0.0-pre36.jar,False
cfm,cfm:stripped_warped_bedside_cabinet,stripped_warped_bedside_cabinet,cfm-forge-1.20.1-7.0.0-pre36.jar,True
cfm,cfm:stripped_warped_blinds,stripped_warped_blinds,cfm-forge-1.20.1-7.0.0-pre36.jar,False
cfm,cfm:stripped_warped_cabinet,stripped_warped_cabinet,cfm-forge-1.20.1-7.0.0-pre36.jar,True
cfm,cfm:stripped_warped_chair,stripped_warped_chair,cfm-forge-1.20.1-7.0.0-pre36.jar,False
cfm,cfm:stripped_warped_coffee_table,stripped_warped_coffee_table,cfm-forge-1.20.1-7.0.0-pre36.jar,True
cfm,cfm:stripped_warped_crate,stripped_warped_crate,cfm-forge-1.20.1-7.0.0-pre36.jar,True
cfm,cfm:stripped_warped_desk,stripped_warped_desk,cfm-forge-1.20.1-7.0.0-pre36.jar,True
cfm,cfm:stripped_warped_desk_cabinet,stripped_warped_desk_cabinet,cfm-forge-1.20.1-7.0.0-pre36.jar,True
cfm,cfm:stripped_warped_kitchen_counter,stripped_warped_kitchen_counter,cfm-forge-1.20.1-7.0.0-pre36.jar,True
cfm,cfm:stripped_warped_kitchen_drawer,stripped_warped_kitchen_drawer,cfm-forge-1.20.1-7.0.0-pre36.jar,True
cfm,cfm:stripped_warped_kitchen_sink_dark,stripped_warped_kitchen_sink_dark,cfm-forge-1.20.1-7.0.0-pre36.jar,False
cfm,cfm:stripped_warped_kitchen_sink_light,stripped_warped_kitchen_sink_light,cfm-forge-1.20.1-7.0.0-pre36.jar,False
cfm,cfm:stripped_warped_mail_box,stripped_warped_mail_box,cfm-forge-1.20.1-7.0.0-pre36.jar,False
cfm,cfm:stripped_warped_park_bench,stripped_warped_park_bench,cfm-forge-1.20.1-7.0.0-pre36.jar,False
cfm,cfm:stripped_warped_table,stripped_warped_table,cfm-forge-1.20.1-7.0.0-pre36.jar,True
cfm,cfm:stripped_warped_upgraded_fence,stripped_warped_upgraded_fence,cfm-forge-1.20.1-7.0.0-pre36.jar,False
cfm,cfm:stripped_warped_upgraded_gate,stripped_warped_upgraded_gate,cfm-forge-1.20.1-7.0.0-pre36.jar,False
cfm,cfm:trampoline,trampoline,cfm-forge-1.20.1-7.0.0-pre36.jar,False
cfm,cfm:warped_bedside_cabinet,warped_bedside_cabinet,cfm-forge-1.20.1-7.0.0-pre36.jar,True
cfm,cfm:warped_blinds,warped_blinds,cfm-forge-1.20.1-7.0.0-pre36.jar,False
cfm,cfm:warped_cabinet,warped_cabinet,cfm-forge-1.20.1-7.0.0-pre36.jar,True
cfm,cfm:warped_chair,warped_chair,cfm-forge-1.20.1-7.0.0-pre36.jar,False
cfm,cfm:warped_coffee_table,warped_coffee_table,cfm-forge-1.20.1-7.0.0-pre36.jar,True
cfm,cfm:warped_crate,warped_crate,cfm-forge-1.20.1-7.0.0-pre36.jar,True
cfm,cfm:warped_desk,warped_desk,cfm-forge-1.20.1-7.0.0-pre36.jar,True
cfm,cfm:warped_desk_cabinet,warped_desk_cabinet,cfm-forge-1.20.1-7.0.0-pre36.jar,True
cfm,cfm:warped_kitchen_counter,warped_kitchen_counter,cfm-forge-1.20.1-7.0.0-pre36.jar,True
cfm,cfm:warped_kitchen_drawer,warped_kitchen_drawer,cfm-forge-1.20.1-7.0.0-pre36.jar,True
cfm,cfm:warped_kitchen_sink_dark,warped_kitchen_sink_dark,cfm-forge-1.20.1-7.0.0-pre36.jar,False
cfm,cfm:warped_kitchen_sink_light,warped_kitchen_sink_light,cfm-forge-1.20.1-7.0.0-pre36.jar,False
cfm,cfm:warped_mail_box,warped_mail_box,cfm-forge-1.20.1-7.0.0-pre36.jar,False
cfm,cfm:warped_park_bench,warped_park_bench,cfm-forge-1.20.1-7.0.0-pre36.jar,False
cfm,cfm:warped_table,warped_table,cfm-forge-1.20.1-7.0.0-pre36.jar,True
cfm,cfm:warped_upgraded_fence,warped_upgraded_fence,cfm-forge-1.20.1-7.0.0-pre36.jar,False
cfm,cfm:warped_upgraded_gate,warped_upgraded_gate,cfm-forge-1.20.1-7.0.0-pre36.jar,False
cfm,cfm:white_cooler,white_cooler,cfm-forge-1.20.1-7.0.0-pre36.jar,True
cfm,cfm:white_grill,white_grill,cfm-forge-1.20.1-7.0.0-pre36.jar,False
cfm,cfm:white_kitchen_counter,white_kitchen_counter,cfm-forge-1.20.1-7.0.0-pre36.jar,True
cfm,cfm:white_kitchen_drawer,white_kitchen_drawer,cfm-forge-1.20.1-7.0.0-pre36.jar,True
cfm,cfm:white_kitchen_sink,white_kitchen_sink,cfm-forge-1.20.1-7.0.0-pre36.jar,False
cfm,cfm:white_picket_fence,white_picket_fence,cfm-forge-1.20.1-7.0.0-pre36.jar,False
cfm,cfm:white_picket_gate,white_picket_gate,cfm-forge-1.20.1-7.0.0-pre36.jar,False
cfm,cfm:white_sofa,white_sofa,cfm-forge-1.20.1-7.0.0-pre36.jar,False
cfm,cfm:yellow_cooler,yellow_cooler,cfm-forge-1.20.1-7.0.0-pre36.jar,True
cfm,cfm:yellow_grill,yellow_grill,cfm-forge-1.20.1-7.0.0-pre36.jar,False
cfm,cfm:yellow_kitchen_counter,yellow_kitchen_counter,cfm-forge-1.20.1-7.0.0-pre36.jar,True
cfm,cfm:yellow_kitchen_drawer,yellow_kitchen_drawer,cfm-forge-1.20.1-7.0.0-pre36.jar,True
cfm,cfm:yellow_kitchen_sink,yellow_kitchen_sink,cfm-forge-1.20.1-7.0.0-pre36.jar,False
cfm,cfm:yellow_picket_fence,yellow_picket_fence,cfm-forge-1.20.1-7.0.0-pre36.jar,False
cfm,cfm:yellow_picket_gate,yellow_picket_gate,cfm-forge-1.20.1-7.0.0-pre36.jar,False
cfm,cfm:yellow_sofa,yellow_sofa,cfm-forge-1.20.1-7.0.0-pre36.jar,False
create,create:acacia_window,acacia_window,create-1.20.1-6.0.8.jar,False
create,create:acacia_window_pane,acacia_window_pane,create-1.20.1-6.0.8.jar,False
create,create:adjustable_chain_gearshift,adjustable_chain_gearshift,create-1.20.1-6.0.8.jar,True
create,create:analog_lever,analog_lever,create-1.20.1-6.0.8.jar,False
create,create:andesite_alloy_block,andesite_alloy_block,create-1.20.1-6.0.8.jar,False
create,create:andesite_bars,andesite_bars,create-1.20.1-6.0.8.jar,False
create,create:andesite_belt_funnel,andesite_belt_funnel,create-1.20.1-6.0.8.jar,False
create,create:andesite_casing,andesite_casing,create-1.20.1-6.0.8.jar,False
create,create:andesite_door,andesite_door,create-1.20.1-6.0.8.jar,False
create,create:andesite_encased_cogwheel,andesite_encased_cogwheel,create-1.20.1-6.0.8.jar,True
create,create:andesite_encased_large_cogwheel,andesite_encased_large_cogwheel,create-1.20.1-6.0.8.jar,True
create,create:andesite_encased_shaft,andesite_encased_shaft,create-1.20.1-6.0.8.jar,True
create,create:andesite_funnel,andesite_funnel,create-1.20.1-6.0.8.jar,False
create,create:andesite_ladder,andesite_ladder,create-1.20.1-6.0.8.jar,False
create,create:andesite_pillar,andesite_pillar,create-1.20.1-6.0.8.jar,False
create,create:andesite_scaffolding,andesite_scaffolding,create-1.20.1-6.0.8.jar,False
create,create:andesite_table_cloth,andesite_table_cloth,create-1.20.1-6.0.8.jar,True
create,create:andesite_tunnel,andesite_tunnel,create-1.20.1-6.0.8.jar,False
create,create:asurine,asurine,create-1.20.1-6.0.8.jar,False
create,create:asurine_pillar,asurine_pillar,create-1.20.1-6.0.8.jar,False
create,create:bamboo_window,bamboo_window,create-1.20.1-6.0.8.jar,False
create,create:bamboo_window_pane,bamboo_window_pane,create-1.20.1-6.0.8.jar,False
create,create:basin,basin,create-1.20.1-6.0.8.jar,False
create,create:belt,belt,create-1.20.1-6.0.8.jar,False
create,create:birch_window,birch_window,create-1.20.1-6.0.8.jar,False
create,create:birch_window_pane,birch_window_pane,create-1.20.1-6.0.8.jar,False
create,create:black_nixie_tube,black_nixie_tube,create-1.20.1-6.0.8.jar,False
create,create:black_postbox,black_postbox,create-1.20.1-6.0.8.jar,False
create,create:black_sail,black_sail,create-1.20.1-6.0.8.jar,False
create,create:black_seat,black_seat,create-1.20.1-6.0.8.jar,False
create,create:black_table_cloth,black_table_cloth,create-1.20.1-6.0.8.jar,True
create,create:black_toolbox,black_toolbox,create-1.20.1-6.0.8.jar,False
create,create:black_valve_handle,black_valve_handle,create-1.20.1-6.0.8.jar,False
create,create:blaze_burner,blaze_burner,create-1.20.1-6.0.8.jar,False
create,create:blue_nixie_tube,blue_nixie_tube,create-1.20.1-6.0.8.jar,False
create,create:blue_postbox,blue_postbox,create-1.20.1-6.0.8.jar,False
create,create:blue_sail,blue_sail,create-1.20.1-6.0.8.jar,False
create,create:blue_seat,blue_seat,create-1.20.1-6.0.8.jar,False
create,create:blue_table_cloth,blue_table_cloth,create-1.20.1-6.0.8.jar,True
create,create:blue_toolbox,blue_toolbox,create-1.20.1-6.0.8.jar,False
create,create:blue_valve_handle,blue_valve_handle,create-1.20.1-6.0.8.jar,False
create,create:bound_cardboard_block,bound_cardboard_block,create-1.20.1-6.0.8.jar,False
create,create:brass_bars,brass_bars,create-1.20.1-6.0.8.jar,False
create,create:brass_belt_funnel,brass_belt_funnel,create-1.20.1-6.0.8.jar,False
create,create:brass_block,brass_block,create-1.20.1-6.0.8.jar,False
create,create:brass_casing,brass_casing,create-1.20.1-6.0.8.jar,False
create,create:brass_door,brass_door,create-1.20.1-6.0.8.jar,False
create,create:brass_encased_cogwheel,brass_encased_cogwheel,create-1.20.1-6.0.8.jar,True
create,create:brass_encased_large_cogwheel,brass_encased_large_cogwheel,create-1.20.1-6.0.8.jar,True
create,create:brass_encased_shaft,brass_encased_shaft,create-1.20.1-6.0.8.jar,True
create,create:brass_funnel,brass_funnel,create-1.20.1-6.0.8.jar,False
create,create:brass_ladder,brass_ladder,create-1.20.1-6.0.8.jar,False
create,create:brass_scaffolding,brass_scaffolding,create-1.20.1-6.0.8.jar,False
create,create:brass_table_cloth,brass_table_cloth,create-1.20.1-6.0.8.jar,True
create,create:brass_tunnel,brass_tunnel,create-1.20.1-6.0.8.jar,False
create,create:brown_nixie_tube,brown_nixie_tube,create-1.20.1-6.0.8.jar,False
create,create:brown_postbox,brown_postbox,create-1.20.1-6.0.8.jar,False
create,create:brown_sail,brown_sail,create-1.20.1-6.0.8.jar,False
create,create:brown_seat,brown_seat,create-1.20.1-6.0.8.jar,False
create,create:brown_table_cloth,brown_table_cloth,create-1.20.1-6.0.8.jar,True
create,create:brown_toolbox,brown_toolbox,create-1.20.1-6.0.8.jar,False
create,create:brown_valve_handle,brown_valve_handle,create-1.20.1-6.0.8.jar,False
create,create:calcite_pillar,calcite_pillar,create-1.20.1-6.0.8.jar,False
create,create:cardboard_block,cardboard_block,create-1.20.1-6.0.8.jar,False
create,create:cart_assembler,cart_assembler,create-1.20.1-6.0.8.jar,False
create,create:chain_conveyor,chain_conveyor,create-1.20.1-6.0.8.jar,False
create,create:cherry_window,cherry_window,create-1.20.1-6.0.8.jar,False
create,create:cherry_window_pane,cherry_window_pane,create-1.20.1-6.0.8.jar,False
create,create:chocolate,chocolate,create-1.20.1-6.0.8.jar,False
create,create:chute,chute,create-1.20.1-6.0.8.jar,False
create,create:clipboard,clipboard,create-1.20.1-6.0.8.jar,False
create,create:clockwork_bearing,clockwork_bearing,create-1.20.1-6.0.8.jar,False
create,create:clutch,clutch,create-1.20.1-6.0.8.jar,False
create,create:cogwheel,cogwheel,create-1.20.1-6.0.8.jar,False
create,create:content_observer,content_observer,create-1.20.1-6.0.8.jar,False
create,create:contraption_controls,contraption_controls,create-1.20.1-6.0.8.jar,False
create,create:controller_rail,controller_rail,create-1.20.1-6.0.8.jar,False
create,create:controls,controls,create-1.20.1-6.0.8.jar,False
create,create:copper_backtank,copper_backtank,create-1.20.1-6.0.8.jar,False
create,create:copper_bars,copper_bars,create-1.20.1-6.0.8.jar,False
create,create:copper_casing,copper_casing,create-1.20.1-6.0.8.jar,False
create,create:copper_door,copper_door,create-1.20.1-6.0.8.jar,False
create,create:copper_ladder,copper_ladder,create-1.20.1-6.0.8.jar,False
create,create:copper_scaffolding,copper_scaffolding,create-1.20.1-6.0.8.jar,False
create,create:copper_shingle_slab,copper_shingle_slab,create-1.20.1-6.0.8.jar,False
create,create:copper_shingle_stairs,copper_shingle_stairs,create-1.20.1-6.0.8.jar,False
create,create:copper_shingles,copper_shingles,create-1.20.1-6.0.8.jar,False
create,create:copper_table_cloth,copper_table_cloth,create-1.20.1-6.0.8.jar,True
create,create:copper_tile_slab,copper_tile_slab,create-1.20.1-6.0.8.jar,False
create,create:copper_tile_stairs,copper_tile_stairs,create-1.20.1-6.0.8.jar,False
create,create:copper_tiles,copper_tiles,create-1.20.1-6.0.8.jar,False
create,create:copper_valve_handle,copper_valve_handle,create-1.20.1-6.0.8.jar,False
create,create:copycat_bars,copycat_bars,create-1.20.1-6.0.8.jar,False
create,create:copycat_base,copycat_base,create-1.20.1-6.0.8.jar,False
create,create:copycat_panel,copycat_panel,create-1.20.1-6.0.8.jar,False
create,create:copycat_step,copycat_step,create-1.20.1-6.0.8.jar,False
create,create:creative_crate,creative_crate,create-1.20.1-6.0.8.jar,True
create,create:creative_fluid_tank,creative_fluid_tank,create-1.20.1-6.0.8.jar,False
create,create:creative_motor,creative_motor,create-1.20.1-6.0.8.jar,False
create,create:crimsite,crimsite,create-1.20.1-6.0.8.jar,False
create,create:crimsite_pillar,crimsite_pillar,create-1.20.1-6.0.8.jar,False
create,create:crimson_window,crimson_window,create-1.20.1-6.0.8.jar,False
create,create:crimson_window_pane,crimson_window_pane,create-1.20.1-6.0.8.jar,False
create,create:crushing_wheel,crushing_wheel,create-1.20.1-6.0.8.jar,False
create,create:crushing_wheel_controller,crushing_wheel_controller,create-1.20.1-6.0.8.jar,False
create,create:cuckoo_clock,cuckoo_clock,create-1.20.1-6.0.8.jar,False
create,create:cut_andesite,cut_andesite,create-1.20.1-6.0.8.jar,False
create,create:cut_andesite_brick_slab,cut_andesite_brick_slab,create-1.20.1-6.0.8.jar,False
create,create:cut_andesite_brick_stairs,cut_andesite_brick_stairs,create-1.20.1-6.0.8.jar,False
create,create:cut_andesite_brick_wall,cut_andesite_brick_wall,create-1.20.1-6.0.8.jar,False
create,create:cut_andesite_bricks,cut_andesite_bricks,create-1.20.1-6.0.8.jar,False
create,create:cut_andesite_slab,cut_andesite_slab,create-1.20.1-6.0.8.jar,False
create,create:cut_andesite_stairs,cut_andesite_stairs,create-1.20.1-6.0.8.jar,False
create,create:cut_andesite_wall,cut_andesite_wall,create-1.20.1-6.0.8.jar,False
create,create:cut_asurine,cut_asurine,create-1.20.1-6.0.8.jar,False
create,create:cut_asurine_brick_slab,cut_asurine_brick_slab,create-1.20.1-6.0.8.jar,False
create,create:cut_asurine_brick_stairs,cut_asurine_brick_stairs,create-1.20.1-6.0.8.jar,False
create,create:cut_asurine_brick_wall,cut_asurine_brick_wall,create-1.20.1-6.0.8.jar,False
create,create:cut_asurine_bricks,cut_asurine_bricks,create-1.20.1-6.0.8.jar,False
create,create:cut_asurine_slab,cut_asurine_slab,create-1.20.1-6.0.8.jar,False
create,create:cut_asurine_stairs,cut_asurine_stairs,create-1.20.1-6.0.8.jar,False
create,create:cut_asurine_wall,cut_asurine_wall,create-1.20.1-6.0.8.jar,False
create,create:cut_calcite,cut_calcite,create-1.20.1-6.0.8.jar,False
create,create:cut_calcite_brick_slab,cut_calcite_brick_slab,create-1.20.1-6.0.8.jar,False
create,create:cut_calcite_brick_stairs,cut_calcite_brick_stairs,create-1.20.1-6.0.8.jar,False
create,create:cut_calcite_brick_wall,cut_calcite_brick_wall,create-1.20.1-6.0.8.jar,False
create,create:cut_calcite_bricks,cut_calcite_bricks,create-1.20.1-6.0.8.jar,False
create,create:cut_calcite_slab,cut_calcite_slab,create-1.20.1-6.0.8.jar,False
create,create:cut_calcite_stairs,cut_calcite_stairs,create-1.20.1-6.0.8.jar,False
create,create:cut_calcite_wall,cut_calcite_wall,create-1.20.1-6.0.8.jar,False
create,create:cut_crimsite,cut_crimsite,create-1.20.1-6.0.8.jar,False
create,create:cut_crimsite_brick_slab,cut_crimsite_brick_slab,create-1.20.1-6.0.8.jar,False
create,create:cut_crimsite_brick_stairs,cut_crimsite_brick_stairs,create-1.20.1-6.0.8.jar,False
create,create:cut_crimsite_brick_wall,cut_crimsite_brick_wall,create-1.20.1-6.0.8.jar,False
create,create:cut_crimsite_bricks,cut_crimsite_bricks,create-1.20.1-6.0.8.jar,False
create,create:cut_crimsite_slab,cut_crimsite_slab,create-1.20.1-6.0.8.jar,False
create,create:cut_crimsite_stairs,cut_crimsite_stairs,create-1.20.1-6.0.8.jar,False
create,create:cut_crimsite_wall,cut_crimsite_wall,create-1.20.1-6.0.8.jar,False
create,create:cut_deepslate,cut_deepslate,create-1.20.1-6.0.8.jar,False
create,create:cut_deepslate_brick_slab,cut_deepslate_brick_slab,create-1.20.1-6.0.8.jar,False
create,create:cut_deepslate_brick_stairs,cut_deepslate_brick_stairs,create-1.20.1-6.0.8.jar,False
create,create:cut_deepslate_brick_wall,cut_deepslate_brick_wall,create-1.20.1-6.0.8.jar,False
create,create:cut_deepslate_bricks,cut_deepslate_bricks,create-1.20.1-6.0.8.jar,False
create,create:cut_deepslate_slab,cut_deepslate_slab,create-1.20.1-6.0.8.jar,False
create,create:cut_deepslate_stairs,cut_deepslate_stairs,create-1.20.1-6.0.8.jar,False
create,create:cut_deepslate_wall,cut_deepslate_wall,create-1.20.1-6.0.8.jar,False
create,create:cut_diorite,cut_diorite,create-1.20.1-6.0.8.jar,False
create,create:cut_diorite_brick_slab,cut_diorite_brick_slab,create-1.20.1-6.0.8.jar,False
create,create:cut_diorite_brick_stairs,cut_diorite_brick_stairs,create-1.20.1-6.0.8.jar,False
create,create:cut_diorite_brick_wall,cut_diorite_brick_wall,create-1.20.1-6.0.8.jar,False
create,create:cut_diorite_bricks,cut_diorite_bricks,create-1.20.1-6.0.8.jar,False
create,create:cut_diorite_slab,cut_diorite_slab,create-1.20.1-6.0.8.jar,False
create,create:cut_diorite_stairs,cut_diorite_stairs,create-1.20.1-6.0.8.jar,False
create,create:cut_diorite_wall,cut_diorite_wall,create-1.20.1-6.0.8.jar,False
create,create:cut_dripstone,cut_dripstone,create-1.20.1-6.0.8.jar,False
create,create:cut_dripstone_brick_slab,cut_dripstone_brick_slab,create-1.20.1-6.0.8.jar,False
create,create:cut_dripstone_brick_stairs,cut_dripstone_brick_stairs,create-1.20.1-6.0.8.jar,False
create,create:cut_dripstone_brick_wall,cut_dripstone_brick_wall,create-1.20.1-6.0.8.jar,False
create,create:cut_dripstone_bricks,cut_dripstone_bricks,create-1.20.1-6.0.8.jar,False
create,create:cut_dripstone_slab,cut_dripstone_slab,create-1.20.1-6.0.8.jar,False
create,create:cut_dripstone_stairs,cut_dripstone_stairs,create-1.20.1-6.0.8.jar,False
create,create:cut_dripstone_wall,cut_dripstone_wall,create-1.20.1-6.0.8.jar,False
create,create:cut_granite,cut_granite,create-1.20.1-6.0.8.jar,False
create,create:cut_granite_brick_slab,cut_granite_brick_slab,create-1.20.1-6.0.8.jar,False
create,create:cut_granite_brick_stairs,cut_granite_brick_stairs,create-1.20.1-6.0.8.jar,False
create,create:cut_granite_brick_wall,cut_granite_brick_wall,create-1.20.1-6.0.8.jar,False
create,create:cut_granite_bricks,cut_granite_bricks,create-1.20.1-6.0.8.jar,False
create,create:cut_granite_slab,cut_granite_slab,create-1.20.1-6.0.8.jar,False
create,create:cut_granite_stairs,cut_granite_stairs,create-1.20.1-6.0.8.jar,False
create,create:cut_granite_wall,cut_granite_wall,create-1.20.1-6.0.8.jar,False
create,create:cut_limestone,cut_limestone,create-1.20.1-6.0.8.jar,False
create,create:cut_limestone_brick_slab,cut_limestone_brick_slab,create-1.20.1-6.0.8.jar,False
create,create:cut_limestone_brick_stairs,cut_limestone_brick_stairs,create-1.20.1-6.0.8.jar,False
create,create:cut_limestone_brick_wall,cut_limestone_brick_wall,create-1.20.1-6.0.8.jar,False
create,create:cut_limestone_bricks,cut_limestone_bricks,create-1.20.1-6.0.8.jar,False
create,create:cut_limestone_slab,cut_limestone_slab,create-1.20.1-6.0.8.jar,False
create,create:cut_limestone_stairs,cut_limestone_stairs,create-1.20.1-6.0.8.jar,False
create,create:cut_limestone_wall,cut_limestone_wall,create-1.20.1-6.0.8.jar,False
create,create:cut_ochrum,cut_ochrum,create-1.20.1-6.0.8.jar,False
create,create:cut_ochrum_brick_slab,cut_ochrum_brick_slab,create-1.20.1-6.0.8.jar,False
create,create:cut_ochrum_brick_stairs,cut_ochrum_brick_stairs,create-1.20.1-6.0.8.jar,False
create,create:cut_ochrum_brick_wall,cut_ochrum_brick_wall,create-1.20.1-6.0.8.jar,False
create,create:cut_ochrum_bricks,cut_ochrum_bricks,create-1.20.1-6.0.8.jar,False
create,create:cut_ochrum_slab,cut_ochrum_slab,create-1.20.1-6.0.8.jar,False
create,create:cut_ochrum_stairs,cut_ochrum_stairs,create-1.20.1-6.0.8.jar,False
create,create:cut_ochrum_wall,cut_ochrum_wall,create-1.20.1-6.0.8.jar,False
create,create:cut_scorchia,cut_scorchia,create-1.20.1-6.0.8.jar,False
create,create:cut_scorchia_brick_slab,cut_scorchia_brick_slab,create-1.20.1-6.0.8.jar,False
create,create:cut_scorchia_brick_stairs,cut_scorchia_brick_stairs,create-1.20.1-6.0.8.jar,False
create,create:cut_scorchia_brick_wall,cut_scorchia_brick_wall,create-1.20.1-6.0.8.jar,False
create,create:cut_scorchia_bricks,cut_scorchia_bricks,create-1.20.1-6.0.8.jar,False
create,create:cut_scorchia_slab,cut_scorchia_slab,create-1.20.1-6.0.8.jar,False
create,create:cut_scorchia_stairs,cut_scorchia_stairs,create-1.20.1-6.0.8.jar,False
create,create:cut_scorchia_wall,cut_scorchia_wall,create-1.20.1-6.0.8.jar,False
create,create:cut_scoria,cut_scoria,create-1.20.1-6.0.8.jar,False
create,create:cut_scoria_brick_slab,cut_scoria_brick_slab,create-1.20.1-6.0.8.jar,False
create,create:cut_scoria_brick_stairs,cut_scoria_brick_stairs,create-1.20.1-6.0.8.jar,False
create,create:cut_scoria_brick_wall,cut_scoria_brick_wall,create-1.20.1-6.0.8.jar,False
create,create:cut_scoria_bricks,cut_scoria_bricks,create-1.20.1-6.0.8.jar,False
create,create:cut_scoria_slab,cut_scoria_slab,create-1.20.1-6.0.8.jar,False
create,create:cut_scoria_stairs,cut_scoria_stairs,create-1.20.1-6.0.8.jar,False
create,create:cut_scoria_wall,cut_scoria_wall,create-1.20.1-6.0.8.jar,False
create,create:cut_tuff,cut_tuff,create-1.20.1-6.0.8.jar,False
create,create:cut_tuff_brick_slab,cut_tuff_brick_slab,create-1.20.1-6.0.8.jar,False
create,create:cut_tuff_brick_stairs,cut_tuff_brick_stairs,create-1.20.1-6.0.8.jar,False
create,create:cut_tuff_brick_wall,cut_tuff_brick_wall,create-1.20.1-6.0.8.jar,False
create,create:cut_tuff_bricks,cut_tuff_bricks,create-1.20.1-6.0.8.jar,False
create,create:cut_tuff_slab,cut_tuff_slab,create-1.20.1-6.0.8.jar,False
create,create:cut_tuff_stairs,cut_tuff_stairs,create-1.20.1-6.0.8.jar,False
create,create:cut_tuff_wall,cut_tuff_wall,create-1.20.1-6.0.8.jar,False
create,create:cut_veridium,cut_veridium,create-1.20.1-6.0.8.jar,False
create,create:cut_veridium_brick_slab,cut_veridium_brick_slab,create-1.20.1-6.0.8.jar,False
create,create:cut_veridium_brick_stairs,cut_veridium_brick_stairs,create-1.20.1-6.0.8.jar,False
create,create:cut_veridium_brick_wall,cut_veridium_brick_wall,create-1.20.1-6.0.8.jar,False
create,create:cut_veridium_bricks,cut_veridium_bricks,create-1.20.1-6.0.8.jar,False
create,create:cut_veridium_slab,cut_veridium_slab,create-1.20.1-6.0.8.jar,False
create,create:cut_veridium_stairs,cut_veridium_stairs,create-1.20.1-6.0.8.jar,False
create,create:cut_veridium_wall,cut_veridium_wall,create-1.20.1-6.0.8.jar,False
create,create:cyan_nixie_tube,cyan_nixie_tube,create-1.20.1-6.0.8.jar,False
create,create:cyan_postbox,cyan_postbox,create-1.20.1-6.0.8.jar,False
create,create:cyan_sail,cyan_sail,create-1.20.1-6.0.8.jar,False
create,create:cyan_seat,cyan_seat,create-1.20.1-6.0.8.jar,False
create,create:cyan_table_cloth,cyan_table_cloth,create-1.20.1-6.0.8.jar,True
create,create:cyan_toolbox,cyan_toolbox,create-1.20.1-6.0.8.jar,False
create,create:cyan_valve_handle,cyan_valve_handle,create-1.20.1-6.0.8.jar,False
create,create:dark_oak_window,dark_oak_window,create-1.20.1-6.0.8.jar,False
create,create:dark_oak_window_pane,dark_oak_window_pane,create-1.20.1-6.0.8.jar,False
create,create:deepslate_pillar,deepslate_pillar,create-1.20.1-6.0.8.jar,False
create,create:deepslate_zinc_ore,deepslate_zinc_ore,create-1.20.1-6.0.8.jar,False
create,create:deployer,deployer,create-1.20.1-6.0.8.jar,False
create,create:depot,depot,create-1.20.1-6.0.8.jar,False
create,create:desk_bell,desk_bell,create-1.20.1-6.0.8.jar,True
create,create:diorite_pillar,diorite_pillar,create-1.20.1-6.0.8.jar,False
create,create:display_board,display_board,create-1.20.1-6.0.8.jar,True
create,create:display_link,display_link,create-1.20.1-6.0.8.jar,True
create,create:dripstone_pillar,dripstone_pillar,create-1.20.1-6.0.8.jar,False
create,create:elevator_contact,elevator_contact,create-1.20.1-6.0.8.jar,False
create,create:elevator_pulley,elevator_pulley,create-1.20.1-6.0.8.jar,False
create,create:encased_chain_drive,encased_chain_drive,create-1.20.1-6.0.8.jar,True
create,create:encased_fan,encased_fan,create-1.20.1-6.0.8.jar,True
create,create:encased_fluid_pipe,encased_fluid_pipe,create-1.20.1-6.0.8.jar,True
create,create:experience_block,experience_block,create-1.20.1-6.0.8.jar,False
create,create:exposed_copper_shingle_slab,exposed_copper_shingle_slab,create-1.20.1-6.0.8.jar,False
create,create:exposed_copper_shingle_stairs,exposed_copper_shingle_stairs,create-1.20.1-6.0.8.jar,False
create,create:exposed_copper_shingles,exposed_copper_shingles,create-1.20.1-6.0.8.jar,False
create,create:exposed_copper_tile_slab,exposed_copper_tile_slab,create-1.20.1-6.0.8.jar,False
create,create:exposed_copper_tile_stairs,exposed_copper_tile_stairs,create-1.20.1-6.0.8.jar,False
create,create:exposed_copper_tiles,exposed_copper_tiles,create-1.20.1-6.0.8.jar,False
create,create:factory_gauge,factory_gauge,create-1.20.1-6.0.8.jar,False
create,create:fake_track,fake_track,create-1.20.1-6.0.8.jar,False
create,create:fluid_pipe,fluid_pipe,create-1.20.1-6.0.8.jar,False
create,create:fluid_tank,fluid_tank,create-1.20.1-6.0.8.jar,False
create,create:fluid_valve,fluid_valve,create-1.20.1-6.0.8.jar,False
create,create:flywheel,flywheel,create-1.20.1-6.0.8.jar,False
create,create:framed_glass,framed_glass,create-1.20.1-6.0.8.jar,False
create,create:framed_glass_door,framed_glass_door,create-1.20.1-6.0.8.jar,False
create,create:framed_glass_pane,framed_glass_pane,create-1.20.1-6.0.8.jar,False
create,create:framed_glass_trapdoor,framed_glass_trapdoor,create-1.20.1-6.0.8.jar,False
create,create:gantry_carriage,gantry_carriage,create-1.20.1-6.0.8.jar,False
create,create:gantry_shaft,gantry_shaft,create-1.20.1-6.0.8.jar,False
create,create:gearbox,gearbox,create-1.20.1-6.0.8.jar,False
create,create:gearshift,gearshift,create-1.20.1-6.0.8.jar,False
create,create:glass_fluid_pipe,glass_fluid_pipe,create-1.20.1-6.0.8.jar,False
create,create:granite_pillar,granite_pillar,create-1.20.1-6.0.8.jar,False
create,create:gray_nixie_tube,gray_nixie_tube,create-1.20.1-6.0.8.jar,False
create,create:gray_postbox,gray_postbox,create-1.20.1-6.0.8.jar,False
create,create:gray_sail,gray_sail,create-1.20.1-6.0.8.jar,False
create,create:gray_seat,gray_seat,create-1.20.1-6.0.8.jar,False
create,create:gray_table_cloth,gray_table_cloth,create-1.20.1-6.0.8.jar,True
create,create:gray_toolbox,gray_toolbox,create-1.20.1-6.0.8.jar,False
create,create:gray_valve_handle,gray_valve_handle,create-1.20.1-6.0.8.jar,False
create,create:green_nixie_tube,green_nixie_tube,create-1.20.1-6.0.8.jar,False
create,create:green_postbox,green_postbox,create-1.20.1-6.0.8.jar,False
create,create:green_sail,green_sail,create-1.20.1-6.0.8.jar,False
create,create:green_seat,green_seat,create-1.20.1-6.0.8.jar,False
create,create:green_table_cloth,green_table_cloth,create-1.20.1-6.0.8.jar,True
create,create:green_toolbox,green_toolbox,create-1.20.1-6.0.8.jar,False
create,create:green_valve_handle,green_valve_handle,create-1.20.1-6.0.8.jar,False
create,create:hand_crank,hand_crank,create-1.20.1-6.0.8.jar,False
create,create:haunted_bell,haunted_bell,create-1.20.1-6.0.8.jar,False
create,create:honey,honey,create-1.20.1-6.0.8.jar,False
create,create:horizontal_framed_glass,horizontal_framed_glass,create-1.20.1-6.0.8.jar,False
create,create:horizontal_framed_glass_pane,horizontal_framed_glass_pane,create-1.20.1-6.0.8.jar,False
create,create:hose_pulley,hose_pulley,create-1.20.1-6.0.8.jar,False
create,create:industrial_iron_block,industrial_iron_block,create-1.20.1-6.0.8.jar,False
create,create:industrial_iron_window,industrial_iron_window,create-1.20.1-6.0.8.jar,False
create,create:industrial_iron_window_pane,industrial_iron_window_pane,create-1.20.1-6.0.8.jar,False
create,create:item_drain,item_drain,create-1.20.1-6.0.8.jar,False
create,create:item_hatch,item_hatch,create-1.20.1-6.0.8.jar,False
create,create:item_vault,item_vault,create-1.20.1-6.0.8.jar,False
create,create:jungle_window,jungle_window,create-1.20.1-6.0.8.jar,False
create,create:jungle_window_pane,jungle_window_pane,create-1.20.1-6.0.8.jar,False
create,create:large_bogey,large_bogey,create-1.20.1-6.0.8.jar,False
create,create:large_cogwheel,large_cogwheel,create-1.20.1-6.0.8.jar,False
create,create:large_water_wheel,large_water_wheel,create-1.20.1-6.0.8.jar,False
create,create:layered_andesite,layered_andesite,create-1.20.1-6.0.8.jar,False
create,create:layered_asurine,layered_asurine,create-1.20.1-6.0.8.jar,False
create,create:layered_calcite,layered_calcite,create-1.20.1-6.0.8.jar,False
create,create:layered_crimsite,layered_crimsite,create-1.20.1-6.0.8.jar,False
create,create:layered_deepslate,layered_deepslate,create-1.20.1-6.0.8.jar,False
create,create:layered_diorite,layered_diorite,create-1.20.1-6.0.8.jar,False
create,create:layered_dripstone,layered_dripstone,create-1.20.1-6.0.8.jar,False
create,create:layered_granite,layered_granite,create-1.20.1-6.0.8.jar,False
create,create:layered_limestone,layered_limestone,create-1.20.1-6.0.8.jar,False
create,create:layered_ochrum,layered_ochrum,create-1.20.1-6.0.8.jar,False
create,create:layered_scorchia,layered_scorchia,create-1.20.1-6.0.8.jar,False
create,create:layered_scoria,layered_scoria,create-1.20.1-6.0.8.jar,False
create,create:layered_tuff,layered_tuff,create-1.20.1-6.0.8.jar,False
create,create:layered_veridium,layered_veridium,create-1.20.1-6.0.8.jar,False
create,create:lectern_controller,lectern_controller,create-1.20.1-6.0.8.jar,False
create,create:light_blue_nixie_tube,light_blue_nixie_tube,create-1.20.1-6.0.8.jar,False
create,create:light_blue_postbox,light_blue_postbox,create-1.20.1-6.0.8.jar,False
create,create:light_blue_sail,light_blue_sail,create-1.20.1-6.0.8.jar,False
create,create:light_blue_seat,light_blue_seat,create-1.20.1-6.0.8.jar,False
create,create:light_blue_table_cloth,light_blue_table_cloth,create-1.20.1-6.0.8.jar,True
create,create:light_blue_toolbox,light_blue_toolbox,create-1.20.1-6.0.8.jar,False
create,create:light_blue_valve_handle,light_blue_valve_handle,create-1.20.1-6.0.8.jar,False
create,create:light_gray_nixie_tube,light_gray_nixie_tube,create-1.20.1-6.0.8.jar,False
create,create:light_gray_postbox,light_gray_postbox,create-1.20.1-6.0.8.jar,False
create,create:light_gray_sail,light_gray_sail,create-1.20.1-6.0.8.jar,False
create,create:light_gray_seat,light_gray_seat,create-1.20.1-6.0.8.jar,False
create,create:light_gray_table_cloth,light_gray_table_cloth,create-1.20.1-6.0.8.jar,True
create,create:light_gray_toolbox,light_gray_toolbox,create-1.20.1-6.0.8.jar,False
create,create:light_gray_valve_handle,light_gray_valve_handle,create-1.20.1-6.0.8.jar,False
create,create:lime_nixie_tube,lime_nixie_tube,create-1.20.1-6.0.8.jar,False
create,create:lime_postbox,lime_postbox,create-1.20.1-6.0.8.jar,False
create,create:lime_sail,lime_sail,create-1.20.1-6.0.8.jar,False
create,create:lime_seat,lime_seat,create-1.20.1-6.0.8.jar,False
create,create:lime_table_cloth,lime_table_cloth,create-1.20.1-6.0.8.jar,True
create,create:lime_toolbox,lime_toolbox,create-1.20.1-6.0.8.jar,False
create,create:lime_valve_handle,lime_valve_handle,create-1.20.1-6.0.8.jar,False
create,create:limestone,limestone,create-1.20.1-6.0.8.jar,False
create,create:limestone_pillar,limestone_pillar,create-1.20.1-6.0.8.jar,False
create,create:linear_chassis,linear_chassis,create-1.20.1-6.0.8.jar,False
create,create:lit_blaze_burner,lit_blaze_burner,create-1.20.1-6.0.8.jar,False
create,create:magenta_nixie_tube,magenta_nixie_tube,create-1.20.1-6.0.8.jar,False
create,create:magenta_postbox,magenta_postbox,create-1.20.1-6.0.8.jar,False
create,create:magenta_sail,magenta_sail,create-1.20.1-6.0.8.jar,False
create,create:magenta_seat,magenta_seat,create-1.20.1-6.0.8.jar,False
create,create:magenta_table_cloth,magenta_table_cloth,create-1.20.1-6.0.8.jar,True
create,create:magenta_toolbox,magenta_toolbox,create-1.20.1-6.0.8.jar,False
create,create:magenta_valve_handle,magenta_valve_handle,create-1.20.1-6.0.8.jar,False
create,create:mangrove_window,mangrove_window,create-1.20.1-6.0.8.jar,False
create,create:mangrove_window_pane,mangrove_window_pane,create-1.20.1-6.0.8.jar,False
create,create:mechanical_arm,mechanical_arm,create-1.20.1-6.0.8.jar,False
create,create:mechanical_bearing,mechanical_bearing,create-1.20.1-6.0.8.jar,False
create,create:mechanical_crafter,mechanical_crafter,create-1.20.1-6.0.8.jar,False
create,create:mechanical_drill,mechanical_drill,create-1.20.1-6.0.8.jar,False
create,create:mechanical_harvester,mechanical_harvester,create-1.20.1-6.0.8.jar,False
create,create:mechanical_mixer,mechanical_mixer,create-1.20.1-6.0.8.jar,False
create,create:mechanical_piston,mechanical_piston,create-1.20.1-6.0.8.jar,False
create,create:mechanical_piston_head,mechanical_piston_head,create-1.20.1-6.0.8.jar,False
create,create:mechanical_plough,mechanical_plough,create-1.20.1-6.0.8.jar,False
create,create:mechanical_press,mechanical_press,create-1.20.1-6.0.8.jar,False
create,create:mechanical_pump,mechanical_pump,create-1.20.1-6.0.8.jar,False
create,create:mechanical_roller,mechanical_roller,create-1.20.1-6.0.8.jar,False
create,create:mechanical_saw,mechanical_saw,create-1.20.1-6.0.8.jar,False
create,create:metal_bracket,metal_bracket,create-1.20.1-6.0.8.jar,False
create,create:metal_girder,metal_girder,create-1.20.1-6.0.8.jar,False
create,create:metal_girder_encased_shaft,metal_girder_encased_shaft,create-1.20.1-6.0.8.jar,True
create,create:millstone,millstone,create-1.20.1-6.0.8.jar,False
create,create:minecart_anchor,minecart_anchor,create-1.20.1-6.0.8.jar,False
create,create:mysterious_cuckoo_clock,mysterious_cuckoo_clock,create-1.20.1-6.0.8.jar,False
create,create:netherite_backtank,netherite_backtank,create-1.20.1-6.0.8.jar,False
create,create:nixie_tube,nixie_tube,create-1.20.1-6.0.8.jar,False
create,create:nozzle,nozzle,create-1.20.1-6.0.8.jar,False
create,create:oak_window,oak_window,create-1.20.1-6.0.8.jar,False
create,create:oak_window_pane,oak_window_pane,create-1.20.1-6.0.8.jar,False
create,create:ochrum,ochrum,create-1.20.1-6.0.8.jar,False
create,create:ochrum_pillar,ochrum_pillar,create-1.20.1-6.0.8.jar,False
create,create:orange_postbox,orange_postbox,create-1.20.1-6.0.8.jar,False
create,create:orange_sail,orange_sail,create-1.20.1-6.0.8.jar,False
create,create:orange_seat,orange_seat,create-1.20.1-6.0.8.jar,False
create,create:orange_table_cloth,orange_table_cloth,create-1.20.1-6.0.8.jar,True
create,create:orange_toolbox,orange_toolbox,create-1.20.1-6.0.8.jar,False
create,create:orange_valve_handle,orange_valve_handle,create-1.20.1-6.0.8.jar,False
create,create:ornate_iron_window,ornate_iron_window,create-1.20.1-6.0.8.jar,False
create,create:ornate_iron_window_pane,ornate_iron_window_pane,create-1.20.1-6.0.8.jar,False
create,create:oxidized_copper_shingle_slab,oxidized_copper_shingle_slab,create-1.20.1-6.0.8.jar,False
create,create:oxidized_copper_shingle_stairs,oxidized_copper_shingle_stairs,create-1.20.1-6.0.8.jar,False
create,create:oxidized_copper_shingles,oxidized_copper_shingles,create-1.20.1-6.0.8.jar,False
create,create:oxidized_copper_tile_slab,oxidized_copper_tile_slab,create-1.20.1-6.0.8.jar,False
create,create:oxidized_copper_tile_stairs,oxidized_copper_tile_stairs,create-1.20.1-6.0.8.jar,False
create,create:oxidized_copper_tiles,oxidized_copper_tiles,create-1.20.1-6.0.8.jar,False
create,create:package_frogport,package_frogport,create-1.20.1-6.0.8.jar,False
create,create:packager,packager,create-1.20.1-6.0.8.jar,False
create,create:peculiar_bell,peculiar_bell,create-1.20.1-6.0.8.jar,False
create,create:pink_nixie_tube,pink_nixie_tube,create-1.20.1-6.0.8.jar,False
create,create:pink_postbox,pink_postbox,create-1.20.1-6.0.8.jar,False
create,create:pink_sail,pink_sail,create-1.20.1-6.0.8.jar,False
create,create:pink_seat,pink_seat,create-1.20.1-6.0.8.jar,False
create,create:pink_table_cloth,pink_table_cloth,create-1.20.1-6.0.8.jar,True
create,create:pink_toolbox,pink_toolbox,create-1.20.1-6.0.8.jar,False
create,create:pink_valve_handle,pink_valve_handle,create-1.20.1-6.0.8.jar,False
create,create:piston_extension_pole,piston_extension_pole,create-1.20.1-6.0.8.jar,False
create,create:placard,placard,create-1.20.1-6.0.8.jar,False
create,create:polished_cut_andesite,polished_cut_andesite,create-1.20.1-6.0.8.jar,False
create,create:polished_cut_andesite_slab,polished_cut_andesite_slab,create-1.20.1-6.0.8.jar,False
create,create:polished_cut_andesite_stairs,polished_cut_andesite_stairs,create-1.20.1-6.0.8.jar,False
create,create:polished_cut_andesite_wall,polished_cut_andesite_wall,create-1.20.1-6.0.8.jar,False
create,create:polished_cut_asurine,polished_cut_asurine,create-1.20.1-6.0.8.jar,False
create,create:polished_cut_asurine_slab,polished_cut_asurine_slab,create-1.20.1-6.0.8.jar,False
create,create:polished_cut_asurine_stairs,polished_cut_asurine_stairs,create-1.20.1-6.0.8.jar,False
create,create:polished_cut_asurine_wall,polished_cut_asurine_wall,create-1.20.1-6.0.8.jar,False
create,create:polished_cut_calcite,polished_cut_calcite,create-1.20.1-6.0.8.jar,False
create,create:polished_cut_calcite_slab,polished_cut_calcite_slab,create-1.20.1-6.0.8.jar,False
create,create:polished_cut_calcite_stairs,polished_cut_calcite_stairs,create-1.20.1-6.0.8.jar,False
create,create:polished_cut_calcite_wall,polished_cut_calcite_wall,create-1.20.1-6.0.8.jar,False
create,create:polished_cut_crimsite,polished_cut_crimsite,create-1.20.1-6.0.8.jar,False
create,create:polished_cut_crimsite_slab,polished_cut_crimsite_slab,create-1.20.1-6.0.8.jar,False
create,create:polished_cut_crimsite_stairs,polished_cut_crimsite_stairs,create-1.20.1-6.0.8.jar,False
create,create:polished_cut_crimsite_wall,polished_cut_crimsite_wall,create-1.20.1-6.0.8.jar,False
create,create:polished_cut_deepslate,polished_cut_deepslate,create-1.20.1-6.0.8.jar,False
create,create:polished_cut_deepslate_slab,polished_cut_deepslate_slab,create-1.20.1-6.0.8.jar,False
create,create:polished_cut_deepslate_stairs,polished_cut_deepslate_stairs,create-1.20.1-6.0.8.jar,False
create,create:polished_cut_deepslate_wall,polished_cut_deepslate_wall,create-1.20.1-6.0.8.jar,False
create,create:polished_cut_diorite,polished_cut_diorite,create-1.20.1-6.0.8.jar,False
create,create:polished_cut_diorite_slab,polished_cut_diorite_slab,create-1.20.1-6.0.8.jar,False
create,create:polished_cut_diorite_stairs,polished_cut_diorite_stairs,create-1.20.1-6.0.8.jar,False
create,create:polished_cut_diorite_wall,polished_cut_diorite_wall,create-1.20.1-6.0.8.jar,False
create,create:polished_cut_dripstone,polished_cut_dripstone,create-1.20.1-6.0.8.jar,False
create,create:polished_cut_dripstone_slab,polished_cut_dripstone_slab,create-1.20.1-6.0.8.jar,False
create,create:polished_cut_dripstone_stairs,polished_cut_dripstone_stairs,create-1.20.1-6.0.8.jar,False
create,create:polished_cut_dripstone_wall,polished_cut_dripstone_wall,create-1.20.1-6.0.8.jar,False
create,create:polished_cut_granite,polished_cut_granite,create-1.20.1-6.0.8.jar,False
create,create:polished_cut_granite_slab,polished_cut_granite_slab,create-1.20.1-6.0.8.jar,False
create,create:polished_cut_granite_stairs,polished_cut_granite_stairs,create-1.20.1-6.0.8.jar,False
create,create:polished_cut_granite_wall,polished_cut_granite_wall,create-1.20.1-6.0.8.jar,False
create,create:polished_cut_limestone,polished_cut_limestone,create-1.20.1-6.0.8.jar,False
create,create:polished_cut_limestone_slab,polished_cut_limestone_slab,create-1.20.1-6.0.8.jar,False
create,create:polished_cut_limestone_stairs,polished_cut_limestone_stairs,create-1.20.1-6.0.8.jar,False
create,create:polished_cut_limestone_wall,polished_cut_limestone_wall,create-1.20.1-6.0.8.jar,False
create,create:polished_cut_ochrum,polished_cut_ochrum,create-1.20.1-6.0.8.jar,False
create,create:polished_cut_ochrum_slab,polished_cut_ochrum_slab,create-1.20.1-6.0.8.jar,False
create,create:polished_cut_ochrum_stairs,polished_cut_ochrum_stairs,create-1.20.1-6.0.8.jar,False
create,create:polished_cut_ochrum_wall,polished_cut_ochrum_wall,create-1.20.1-6.0.8.jar,False
create,create:polished_cut_scorchia,polished_cut_scorchia,create-1.20.1-6.0.8.jar,False
create,create:polished_cut_scorchia_slab,polished_cut_scorchia_slab,create-1.20.1-6.0.8.jar,False
create,create:polished_cut_scorchia_stairs,polished_cut_scorchia_stairs,create-1.20.1-6.0.8.jar,False
create,create:polished_cut_scorchia_wall,polished_cut_scorchia_wall,create-1.20.1-6.0.8.jar,False
create,create:polished_cut_scoria,polished_cut_scoria,create-1.20.1-6.0.8.jar,False
create,create:polished_cut_scoria_slab,polished_cut_scoria_slab,create-1.20.1-6.0.8.jar,False
create,create:polished_cut_scoria_stairs,polished_cut_scoria_stairs,create-1.20.1-6.0.8.jar,False
create,create:polished_cut_scoria_wall,polished_cut_scoria_wall,create-1.20.1-6.0.8.jar,False
create,create:polished_cut_tuff,polished_cut_tuff,create-1.20.1-6.0.8.jar,False
create,create:polished_cut_tuff_slab,polished_cut_tuff_slab,create-1.20.1-6.0.8.jar,False
create,create:polished_cut_tuff_stairs,polished_cut_tuff_stairs,create-1.20.1-6.0.8.jar,False
create,create:polished_cut_tuff_wall,polished_cut_tuff_wall,create-1.20.1-6.0.8.jar,False
create,create:polished_cut_veridium,polished_cut_veridium,create-1.20.1-6.0.8.jar,False
create,create:polished_cut_veridium_slab,polished_cut_veridium_slab,create-1.20.1-6.0.8.jar,False
create,create:polished_cut_veridium_stairs,polished_cut_veridium_stairs,create-1.20.1-6.0.8.jar,False
create,create:polished_cut_veridium_wall,polished_cut_veridium_wall,create-1.20.1-6.0.8.jar,False
create,create:portable_fluid_interface,portable_fluid_interface,create-1.20.1-6.0.8.jar,True
create,create:portable_storage_interface,portable_storage_interface,create-1.20.1-6.0.8.jar,True
create,create:powered_latch,powered_latch,create-1.20.1-6.0.8.jar,False
create,create:powered_shaft,powered_shaft,create-1.20.1-6.0.8.jar,False
create,create:powered_toggle_latch,powered_toggle_latch,create-1.20.1-6.0.8.jar,False
create,create:pulley_magnet,pulley_magnet,create-1.20.1-6.0.8.jar,False
create,create:pulse_extender,pulse_extender,create-1.20.1-6.0.8.jar,False
create,create:pulse_repeater,pulse_repeater,create-1.20.1-6.0.8.jar,False
create,create:pulse_timer,pulse_timer,create-1.20.1-6.0.8.jar,False
create,create:purple_nixie_tube,purple_nixie_tube,create-1.20.1-6.0.8.jar,False
create,create:purple_postbox,purple_postbox,create-1.20.1-6.0.8.jar,False
create,create:purple_sail,purple_sail,create-1.20.1-6.0.8.jar,False
create,create:purple_seat,purple_seat,create-1.20.1-6.0.8.jar,False
create,create:purple_table_cloth,purple_table_cloth,create-1.20.1-6.0.8.jar,True
create,create:purple_toolbox,purple_toolbox,create-1.20.1-6.0.8.jar,False
create,create:purple_valve_handle,purple_valve_handle,create-1.20.1-6.0.8.jar,False
create,create:radial_chassis,radial_chassis,create-1.20.1-6.0.8.jar,False
create,create:railway_casing,railway_casing,create-1.20.1-6.0.8.jar,False
create,create:raw_zinc_block,raw_zinc_block,create-1.20.1-6.0.8.jar,False
create,create:red_nixie_tube,red_nixie_tube,create-1.20.1-6.0.8.jar,False
create,create:red_postbox,red_postbox,create-1.20.1-6.0.8.jar,False
create,create:red_sail,red_sail,create-1.20.1-6.0.8.jar,False
create,create:red_seat,red_seat,create-1.20.1-6.0.8.jar,False
create,create:red_table_cloth,red_table_cloth,create-1.20.1-6.0.8.jar,True
create,create:red_toolbox,red_toolbox,create-1.20.1-6.0.8.jar,False
create,create:red_valve_handle,red_valve_handle,create-1.20.1-6.0.8.jar,False
create,create:redstone_contact,redstone_contact,create-1.20.1-6.0.8.jar,False
create,create:redstone_link,redstone_link,create-1.20.1-6.0.8.jar,False
create,create:redstone_requester,redstone_requester,create-1.20.1-6.0.8.jar,False
create,create:refined_radiance_casing,refined_radiance_casing,create-1.20.1-6.0.8.jar,False
create,create:repackager,repackager,create-1.20.1-6.0.8.jar,False
create,create:rope,rope,create-1.20.1-6.0.8.jar,False
create,create:rope_pulley,rope_pulley,create-1.20.1-6.0.8.jar,False
create,create:rose_quartz_block,rose_quartz_block,create-1.20.1-6.0.8.jar,False
create,create:rose_quartz_lamp,rose_quartz_lamp,create-1.20.1-6.0.8.jar,False
create,create:rose_quartz_tiles,rose_quartz_tiles,create-1.20.1-6.0.8.jar,False
create,create:rotation_speed_controller,rotation_speed_controller,create-1.20.1-6.0.8.jar,False
create,create:sail_frame,sail_frame,create-1.20.1-6.0.8.jar,False
create,create:schematic_table,schematic_table,create-1.20.1-6.0.8.jar,True
create,create:schematicannon,schematicannon,create-1.20.1-6.0.8.jar,False
create,create:scorchia,scorchia,create-1.20.1-6.0.8.jar,False
create,create:scorchia_pillar,scorchia_pillar,create-1.20.1-6.0.8.jar,False
create,create:scoria,scoria,create-1.20.1-6.0.8.jar,False
create,create:scoria_pillar,scoria_pillar,create-1.20.1-6.0.8.jar,False
create,create:secondary_linear_chassis,secondary_linear_chassis,create-1.20.1-6.0.8.jar,False
create,create:sequenced_gearshift,sequenced_gearshift,create-1.20.1-6.0.8.jar,False
create,create:shadow_steel_casing,shadow_steel_casing,create-1.20.1-6.0.8.jar,False
create,create:shaft,shaft,create-1.20.1-6.0.8.jar,False
create,create:small_andesite_brick_slab,small_andesite_brick_slab,create-1.20.1-6.0.8.jar,False
create,create:small_andesite_brick_stairs,small_andesite_brick_stairs,create-1.20.1-6.0.8.jar,False
create,create:small_andesite_brick_wall,small_andesite_brick_wall,create-1.20.1-6.0.8.jar,False
create,create:small_andesite_bricks,small_andesite_bricks,create-1.20.1-6.0.8.jar,False
create,create:small_asurine_brick_slab,small_asurine_brick_slab,create-1.20.1-6.0.8.jar,False
create,create:small_asurine_brick_stairs,small_asurine_brick_stairs,create-1.20.1-6.0.8.jar,False
create,create:small_asurine_brick_wall,small_asurine_brick_wall,create-1.20.1-6.0.8.jar,False
create,create:small_asurine_bricks,small_asurine_bricks,create-1.20.1-6.0.8.jar,False
create,create:small_bogey,small_bogey,create-1.20.1-6.0.8.jar,False
create,create:small_calcite_brick_slab,small_calcite_brick_slab,create-1.20.1-6.0.8.jar,False
create,create:small_calcite_brick_stairs,small_calcite_brick_stairs,create-1.20.1-6.0.8.jar,False
create,create:small_calcite_brick_wall,small_calcite_brick_wall,create-1.20.1-6.0.8.jar,False
create,create:small_calcite_bricks,small_calcite_bricks,create-1.20.1-6.0.8.jar,False
create,create:small_crimsite_brick_slab,small_crimsite_brick_slab,create-1.20.1-6.0.8.jar,False
create,create:small_crimsite_brick_stairs,small_crimsite_brick_stairs,create-1.20.1-6.0.8.jar,False
create,create:small_crimsite_brick_wall,small_crimsite_brick_wall,create-1.20.1-6.0.8.jar,False
create,create:small_crimsite_bricks,small_crimsite_bricks,create-1.20.1-6.0.8.jar,False
create,create:small_deepslate_brick_slab,small_deepslate_brick_slab,create-1.20.1-6.0.8.jar,False
create,create:small_deepslate_brick_stairs,small_deepslate_brick_stairs,create-1.20.1-6.0.8.jar,False
create,create:small_deepslate_brick_wall,small_deepslate_brick_wall,create-1.20.1-6.0.8.jar,False
create,create:small_deepslate_bricks,small_deepslate_bricks,create-1.20.1-6.0.8.jar,False
create,create:small_diorite_brick_slab,small_diorite_brick_slab,create-1.20.1-6.0.8.jar,False
create,create:small_diorite_brick_stairs,small_diorite_brick_stairs,create-1.20.1-6.0.8.jar,False
create,create:small_diorite_brick_wall,small_diorite_brick_wall,create-1.20.1-6.0.8.jar,False
create,create:small_diorite_bricks,small_diorite_bricks,create-1.20.1-6.0.8.jar,False
create,create:small_dripstone_brick_slab,small_dripstone_brick_slab,create-1.20.1-6.0.8.jar,False
create,create:small_dripstone_brick_stairs,small_dripstone_brick_stairs,create-1.20.1-6.0.8.jar,False
create,create:small_dripstone_brick_wall,small_dripstone_brick_wall,create-1.20.1-6.0.8.jar,False
create,create:small_dripstone_bricks,small_dripstone_bricks,create-1.20.1-6.0.8.jar,False
create,create:small_granite_brick_slab,small_granite_brick_slab,create-1.20.1-6.0.8.jar,False
create,create:small_granite_brick_stairs,small_granite_brick_stairs,create-1.20.1-6.0.8.jar,False
create,create:small_granite_brick_wall,small_granite_brick_wall,create-1.20.1-6.0.8.jar,False
create,create:small_granite_bricks,small_granite_bricks,create-1.20.1-6.0.8.jar,False
create,create:small_limestone_brick_slab,small_limestone_brick_slab,create-1.20.1-6.0.8.jar,False
create,create:small_limestone_brick_stairs,small_limestone_brick_stairs,create-1.20.1-6.0.8.jar,False
create,create:small_limestone_brick_wall,small_limestone_brick_wall,create-1.20.1-6.0.8.jar,False
create,create:small_limestone_bricks,small_limestone_bricks,create-1.20.1-6.0.8.jar,False
create,create:small_ochrum_brick_slab,small_ochrum_brick_slab,create-1.20.1-6.0.8.jar,False
create,create:small_ochrum_brick_stairs,small_ochrum_brick_stairs,create-1.20.1-6.0.8.jar,False
create,create:small_ochrum_brick_wall,small_ochrum_brick_wall,create-1.20.1-6.0.8.jar,False
create,create:small_ochrum_bricks,small_ochrum_bricks,create-1.20.1-6.0.8.jar,False
create,create:small_rose_quartz_tiles,small_rose_quartz_tiles,create-1.20.1-6.0.8.jar,False
create,create:small_scorchia_brick_slab,small_scorchia_brick_slab,create-1.20.1-6.0.8.jar,False
create,create:small_scorchia_brick_stairs,small_scorchia_brick_stairs,create-1.20.1-6.0.8.jar,False
create,create:small_scorchia_brick_wall,small_scorchia_brick_wall,create-1.20.1-6.0.8.jar,False
create,create:small_scorchia_bricks,small_scorchia_bricks,create-1.20.1-6.0.8.jar,False
create,create:small_scoria_brick_slab,small_scoria_brick_slab,create-1.20.1-6.0.8.jar,False
create,create:small_scoria_brick_stairs,small_scoria_brick_stairs,create-1.20.1-6.0.8.jar,False
create,create:small_scoria_brick_wall,small_scoria_brick_wall,create-1.20.1-6.0.8.jar,False
create,create:small_scoria_bricks,small_scoria_bricks,create-1.20.1-6.0.8.jar,False
create,create:small_tuff_brick_slab,small_tuff_brick_slab,create-1.20.1-6.0.8.jar,False
create,create:small_tuff_brick_stairs,small_tuff_brick_stairs,create-1.20.1-6.0.8.jar,False
create,create:small_tuff_brick_wall,small_tuff_brick_wall,create-1.20.1-6.0.8.jar,False
create,create:small_tuff_bricks,small_tuff_bricks,create-1.20.1-6.0.8.jar,False
create,create:small_veridium_brick_slab,small_veridium_brick_slab,create-1.20.1-6.0.8.jar,False
create,create:small_veridium_brick_stairs,small_veridium_brick_stairs,create-1.20.1-6.0.8.jar,False
create,create:small_veridium_brick_wall,small_veridium_brick_wall,create-1.20.1-6.0.8.jar,False
create,create:small_veridium_bricks,small_veridium_bricks,create-1.20.1-6.0.8.jar,False
create,create:smart_chute,smart_chute,create-1.20.1-6.0.8.jar,False
create,create:smart_fluid_pipe,smart_fluid_pipe,create-1.20.1-6.0.8.jar,False
create,create:speedometer,speedometer,create-1.20.1-6.0.8.jar,False
create,create:spout,spout,create-1.20.1-6.0.8.jar,False
create,create:spruce_window,spruce_window,create-1.20.1-6.0.8.jar,False
create,create:spruce_window_pane,spruce_window_pane,create-1.20.1-6.0.8.jar,False
create,create:steam_engine,steam_engine,create-1.20.1-6.0.8.jar,False
create,create:steam_whistle,steam_whistle,create-1.20.1-6.0.8.jar,False
create,create:steam_whistle_extension,steam_whistle_extension,create-1.20.1-6.0.8.jar,False
create,create:sticker,sticker,create-1.20.1-6.0.8.jar,False
create,create:sticky_mechanical_piston,sticky_mechanical_piston,create-1.20.1-6.0.8.jar,False
create,create:stock_link,stock_link,create-1.20.1-6.0.8.jar,False
create,create:stock_ticker,stock_ticker,create-1.20.1-6.0.8.jar,False
create,create:stockpile_switch,stockpile_switch,create-1.20.1-6.0.8.jar,False
create,create:stressometer,stressometer,create-1.20.1-6.0.8.jar,False
create,create:tiled_glass,tiled_glass,create-1.20.1-6.0.8.jar,False
create,create:tiled_glass_pane,tiled_glass_pane,create-1.20.1-6.0.8.jar,False
create,create:track,track,create-1.20.1-6.0.8.jar,False
create,create:track_observer,track_observer,create-1.20.1-6.0.8.jar,False
create,create:track_signal,track_signal,create-1.20.1-6.0.8.jar,False
create,create:track_station,track_station,create-1.20.1-6.0.8.jar,False
create,create:train_door,train_door,create-1.20.1-6.0.8.jar,False
create,create:train_trapdoor,train_trapdoor,create-1.20.1-6.0.8.jar,False
create,create:tuff_pillar,tuff_pillar,create-1.20.1-6.0.8.jar,False
create,create:turntable,turntable,create-1.20.1-6.0.8.jar,True
create,create:veridium,veridium,create-1.20.1-6.0.8.jar,False
create,create:veridium_pillar,veridium_pillar,create-1.20.1-6.0.8.jar,False
create,create:vertical_framed_glass,vertical_framed_glass,create-1.20.1-6.0.8.jar,False
create,create:vertical_framed_glass_pane,vertical_framed_glass_pane,create-1.20.1-6.0.8.jar,False
create,create:warped_window,warped_window,create-1.20.1-6.0.8.jar,False
create,create:warped_window_pane,warped_window_pane,create-1.20.1-6.0.8.jar,False
create,create:water_wheel,water_wheel,create-1.20.1-6.0.8.jar,False
create,create:water_wheel_structure,water_wheel_structure,create-1.20.1-6.0.8.jar,False
create,create:waxed_copper_shingle_slab,waxed_copper_shingle_slab,create-1.20.1-6.0.8.jar,False
create,create:waxed_copper_shingle_stairs,waxed_copper_shingle_stairs,create-1.20.1-6.0.8.jar,False
create,create:waxed_copper_shingles,waxed_copper_shingles,create-1.20.1-6.0.8.jar,False
create,create:waxed_copper_tile_slab,waxed_copper_tile_slab,create-1.20.1-6.0.8.jar,False
create,create:waxed_copper_tile_stairs,waxed_copper_tile_stairs,create-1.20.1-6.0.8.jar,False
create,create:waxed_copper_tiles,waxed_copper_tiles,create-1.20.1-6.0.8.jar,False
create,create:waxed_exposed_copper_shingle_slab,waxed_exposed_copper_shingle_slab,create-1.20.1-6.0.8.jar,False
create,create:waxed_exposed_copper_shingle_stairs,waxed_exposed_copper_shingle_stairs,create-1.20.1-6.0.8.jar,False
create,create:waxed_exposed_copper_shingles,waxed_exposed_copper_shingles,create-1.20.1-6.0.8.jar,False
create,create:waxed_exposed_copper_tile_slab,waxed_exposed_copper_tile_slab,create-1.20.1-6.0.8.jar,False
create,create:waxed_exposed_copper_tile_stairs,waxed_exposed_copper_tile_stairs,create-1.20.1-6.0.8.jar,False
create,create:waxed_exposed_copper_tiles,waxed_exposed_copper_tiles,create-1.20.1-6.0.8.jar,False
create,create:waxed_oxidized_copper_shingle_slab,waxed_oxidized_copper_shingle_slab,create-1.20.1-6.0.8.jar,False
create,create:waxed_oxidized_copper_shingle_stairs,waxed_oxidized_copper_shingle_stairs,create-1.20.1-6.0.8.jar,False
create,create:waxed_oxidized_copper_shingles,waxed_oxidized_copper_shingles,create-1.20.1-6.0.8.jar,False
create,create:waxed_oxidized_copper_tile_slab,waxed_oxidized_copper_tile_slab,create-1.20.1-6.0.8.jar,False
create,create:waxed_oxidized_copper_tile_stairs,waxed_oxidized_copper_tile_stairs,create-1.20.1-6.0.8.jar,False
create,create:waxed_oxidized_copper_tiles,waxed_oxidized_copper_tiles,create-1.20.1-6.0.8.jar,False
create,create:waxed_weathered_copper_shingle_slab,waxed_weathered_copper_shingle_slab,create-1.20.1-6.0.8.jar,False
create,create:waxed_weathered_copper_shingle_stairs,waxed_weathered_copper_shingle_stairs,create-1.20.1-6.0.8.jar,False
create,create:waxed_weathered_copper_shingles,waxed_weathered_copper_shingles,create-1.20.1-6.0.8.jar,False
create,create:waxed_weathered_copper_tile_slab,waxed_weathered_copper_tile_slab,create-1.20.1-6.0.8.jar,False
create,create:waxed_weathered_copper_tile_stairs,waxed_weathered_copper_tile_stairs,create-1.20.1-6.0.8.jar,False
create,create:waxed_weathered_copper_tiles,waxed_weathered_copper_tiles,create-1.20.1-6.0.8.jar,False
create,create:weathered_copper_shingle_slab,weathered_copper_shingle_slab,create-1.20.1-6.0.8.jar,False
create,create:weathered_copper_shingle_stairs,weathered_copper_shingle_stairs,create-1.20.1-6.0.8.jar,False
create,create:weathered_copper_shingles,weathered_copper_shingles,create-1.20.1-6.0.8.jar,False
create,create:weathered_copper_tile_slab,weathered_copper_tile_slab,create-1.20.1-6.0.8.jar,False
create,create:weathered_copper_tile_stairs,weathered_copper_tile_stairs,create-1.20.1-6.0.8.jar,False
create,create:weathered_copper_tiles,weathered_copper_tiles,create-1.20.1-6.0.8.jar,False
create,create:weathered_iron_block,weathered_iron_block,create-1.20.1-6.0.8.jar,False
create,create:weathered_iron_window,weathered_iron_window,create-1.20.1-6.0.8.jar,False
create,create:weathered_iron_window_pane,weathered_iron_window_pane,create-1.20.1-6.0.8.jar,False
create,create:weighted_ejector,weighted_ejector,create-1.20.1-6.0.8.jar,False
create,create:white_nixie_tube,white_nixie_tube,create-1.20.1-6.0.8.jar,False
create,create:white_postbox,white_postbox,create-1.20.1-6.0.8.jar,False
create,create:white_sail,white_sail,create-1.20.1-6.0.8.jar,False
create,create:white_seat,white_seat,create-1.20.1-6.0.8.jar,False
create,create:white_table_cloth,white_table_cloth,create-1.20.1-6.0.8.jar,True
create,create:white_toolbox,white_toolbox,create-1.20.1-6.0.8.jar,False
create,create:white_valve_handle,white_valve_handle,create-1.20.1-6.0.8.jar,False
create,create:windmill_bearing,windmill_bearing,create-1.20.1-6.0.8.jar,False
create,create:wooden_bracket,wooden_bracket,create-1.20.1-6.0.8.jar,False
create,create:yellow_nixie_tube,yellow_nixie_tube,create-1.20.1-6.0.8.jar,False
create,create:yellow_postbox,yellow_postbox,create-1.20.1-6.0.8.jar,False
create,create:yellow_sail,yellow_sail,create-1.20.1-6.0.8.jar,False
create,create:yellow_seat,yellow_seat,create-1.20.1-6.0.8.jar,False
create,create:yellow_table_cloth,yellow_table_cloth,create-1.20.1-6.0.8.jar,True
create,create:yellow_toolbox,yellow_toolbox,create-1.20.1-6.0.8.jar,False
create,create:yellow_valve_handle,yellow_valve_handle,create-1.20.1-6.0.8.jar,False
create,create:zinc_block,zinc_block,create-1.20.1-6.0.8.jar,False
create,create:zinc_ore,zinc_ore,create-1.20.1-6.0.8.jar,False
createdeco,createdeco:andesite_bars,andesite_bars,createdeco-2.0.3-1.20.1-forge.jar,False
createdeco,createdeco:andesite_bars_overlay,andesite_bars_overlay,createdeco-2.0.3-1.20.1-forge.jar,False
createdeco,createdeco:andesite_catwalk,andesite_catwalk,createdeco-2.0.3-1.20.1-forge.jar,False
createdeco,createdeco:andesite_catwalk_railing,andesite_catwalk_railing,createdeco-2.0.3-1.20.1-forge.jar,False
createdeco,createdeco:andesite_catwalk_stairs,andesite_catwalk_stairs,createdeco-2.0.3-1.20.1-forge.jar,False
createdeco,createdeco:andesite_door,andesite_door,createdeco-2.0.3-1.20.1-forge.jar,False
createdeco,createdeco:andesite_facade,andesite_facade,createdeco-2.0.3-1.20.1-forge.jar,False
createdeco,createdeco:andesite_hull,andesite_hull,createdeco-2.0.3-1.20.1-forge.jar,False
createdeco,createdeco:andesite_mesh_fence,andesite_mesh_fence,createdeco-2.0.3-1.20.1-forge.jar,False
createdeco,createdeco:andesite_sheet_metal,andesite_sheet_metal,createdeco-2.0.3-1.20.1-forge.jar,False
createdeco,createdeco:andesite_support,andesite_support,createdeco-2.0.3-1.20.1-forge.jar,False
createdeco,createdeco:andesite_support_wedge,andesite_support_wedge,createdeco-2.0.3-1.20.1-forge.jar,False
createdeco,createdeco:andesite_trapdoor,andesite_trapdoor,createdeco-2.0.3-1.20.1-forge.jar,False
createdeco,createdeco:andesite_window,andesite_window,createdeco-2.0.3-1.20.1-forge.jar,False
createdeco,createdeco:andesite_window_pane,andesite_window_pane,createdeco-2.0.3-1.20.1-forge.jar,False
createdeco,createdeco:black_placard,black_placard,createdeco-2.0.3-1.20.1-forge.jar,False
createdeco,createdeco:black_shipping_container,black_shipping_container,createdeco-2.0.3-1.20.1-forge.jar,False
createdeco,createdeco:blue_andesite_lamp,blue_andesite_lamp,createdeco-2.0.3-1.20.1-forge.jar,False
createdeco,createdeco:blue_brass_lamp,blue_brass_lamp,createdeco-2.0.3-1.20.1-forge.jar,False
createdeco,createdeco:blue_brick_slab,blue_brick_slab,createdeco-2.0.3-1.20.1-forge.jar,False
createdeco,createdeco:blue_brick_stairs,blue_brick_stairs,createdeco-2.0.3-1.20.1-forge.jar,False
createdeco,createdeco:blue_brick_wall,blue_brick_wall,createdeco-2.0.3-1.20.1-forge.jar,False
createdeco,createdeco:blue_bricks,blue_bricks,createdeco-2.0.3-1.20.1-forge.jar,False
createdeco,createdeco:blue_copper_lamp,blue_copper_lamp,createdeco-2.0.3-1.20.1-forge.jar,False
createdeco,createdeco:blue_industrial_iron_lamp,blue_industrial_iron_lamp,createdeco-2.0.3-1.20.1-forge.jar,False
createdeco,createdeco:blue_iron_lamp,blue_iron_lamp,createdeco-2.0.3-1.20.1-forge.jar,False
createdeco,createdeco:blue_placard,blue_placard,createdeco-2.0.3-1.20.1-forge.jar,False
createdeco,createdeco:blue_shipping_container,blue_shipping_container,createdeco-2.0.3-1.20.1-forge.jar,False
createdeco,createdeco:blue_zinc_lamp,blue_zinc_lamp,createdeco-2.0.3-1.20.1-forge.jar,False
createdeco,createdeco:brass_bars,brass_bars,createdeco-2.0.3-1.20.1-forge.jar,False
createdeco,createdeco:brass_bars_overlay,brass_bars_overlay,createdeco-2.0.3-1.20.1-forge.jar,False
createdeco,createdeco:brass_catwalk,brass_catwalk,createdeco-2.0.3-1.20.1-forge.jar,False
createdeco,createdeco:brass_catwalk_railing,brass_catwalk_railing,createdeco-2.0.3-1.20.1-forge.jar,False
createdeco,createdeco:brass_catwalk_stairs,brass_catwalk_stairs,createdeco-2.0.3-1.20.1-forge.jar,False
createdeco,createdeco:brass_coinstack,brass_coinstack,createdeco-2.0.3-1.20.1-forge.jar,False
createdeco,createdeco:brass_door,brass_door,createdeco-2.0.3-1.20.1-forge.jar,False
createdeco,createdeco:brass_facade,brass_facade,createdeco-2.0.3-1.20.1-forge.jar,False
createdeco,createdeco:brass_hull,brass_hull,createdeco-2.0.3-1.20.1-forge.jar,False
createdeco,createdeco:brass_mesh_fence,brass_mesh_fence,createdeco-2.0.3-1.20.1-forge.jar,False
createdeco,createdeco:brass_sheet_metal,brass_sheet_metal,createdeco-2.0.3-1.20.1-forge.jar,False
createdeco,createdeco:brass_support,brass_support,createdeco-2.0.3-1.20.1-forge.jar,False
createdeco,createdeco:brass_support_wedge,brass_support_wedge,createdeco-2.0.3-1.20.1-forge.jar,False
createdeco,createdeco:brass_trapdoor,brass_trapdoor,createdeco-2.0.3-1.20.1-forge.jar,False
createdeco,createdeco:brass_window,brass_window,createdeco-2.0.3-1.20.1-forge.jar,False
createdeco,createdeco:brass_window_pane,brass_window_pane,createdeco-2.0.3-1.20.1-forge.jar,False
createdeco,createdeco:brown_placard,brown_placard,createdeco-2.0.3-1.20.1-forge.jar,False
createdeco,createdeco:brown_shipping_container,brown_shipping_container,createdeco-2.0.3-1.20.1-forge.jar,False
createdeco,createdeco:copper_bars,copper_bars,createdeco-2.0.3-1.20.1-forge.jar,False
createdeco,createdeco:copper_bars_overlay,copper_bars_overlay,createdeco-2.0.3-1.20.1-forge.jar,False
createdeco,createdeco:copper_catwalk,copper_catwalk,createdeco-2.0.3-1.20.1-forge.jar,False
createdeco,createdeco:copper_catwalk_railing,copper_catwalk_railing,createdeco-2.0.3-1.20.1-forge.jar,False
createdeco,createdeco:copper_catwalk_stairs,copper_catwalk_stairs,createdeco-2.0.3-1.20.1-forge.jar,False
createdeco,createdeco:copper_coinstack,copper_coinstack,createdeco-2.0.3-1.20.1-forge.jar,False
createdeco,createdeco:copper_door,copper_door,createdeco-2.0.3-1.20.1-forge.jar,False
createdeco,createdeco:copper_facade,copper_facade,createdeco-2.0.3-1.20.1-forge.jar,False
createdeco,createdeco:copper_hull,copper_hull,createdeco-2.0.3-1.20.1-forge.jar,False
createdeco,createdeco:copper_mesh_fence,copper_mesh_fence,createdeco-2.0.3-1.20.1-forge.jar,False
createdeco,createdeco:copper_sheet_metal,copper_sheet_metal,createdeco-2.0.3-1.20.1-forge.jar,False
createdeco,createdeco:copper_support,copper_support,createdeco-2.0.3-1.20.1-forge.jar,False
createdeco,createdeco:copper_support_wedge,copper_support_wedge,createdeco-2.0.3-1.20.1-forge.jar,False
createdeco,createdeco:copper_trapdoor,copper_trapdoor,createdeco-2.0.3-1.20.1-forge.jar,False
createdeco,createdeco:copper_window,copper_window,createdeco-2.0.3-1.20.1-forge.jar,False
createdeco,createdeco:copper_window_pane,copper_window_pane,createdeco-2.0.3-1.20.1-forge.jar,False
createdeco,createdeco:corner_blue_brick_slab,corner_blue_brick_slab,createdeco-2.0.3-1.20.1-forge.jar,False
createdeco,createdeco:corner_blue_brick_stairs,corner_blue_brick_stairs,createdeco-2.0.3-1.20.1-forge.jar,False
createdeco,createdeco:corner_blue_brick_wall,corner_blue_brick_wall,createdeco-2.0.3-1.20.1-forge.jar,False
createdeco,createdeco:corner_blue_bricks,corner_blue_bricks,createdeco-2.0.3-1.20.1-forge.jar,False
createdeco,createdeco:corner_dean_brick_slab,corner_dean_brick_slab,createdeco-2.0.3-1.20.1-forge.jar,False
createdeco,createdeco:corner_dean_brick_stairs,corner_dean_brick_stairs,createdeco-2.0.3-1.20.1-forge.jar,False
createdeco,createdeco:corner_dean_brick_wall,corner_dean_brick_wall,createdeco-2.0.3-1.20.1-forge.jar,False
createdeco,createdeco:corner_dean_bricks,corner_dean_bricks,createdeco-2.0.3-1.20.1-forge.jar,False
createdeco,createdeco:corner_dusk_brick_slab,corner_dusk_brick_slab,createdeco-2.0.3-1.20.1-forge.jar,False
createdeco,createdeco:corner_dusk_brick_stairs,corner_dusk_brick_stairs,createdeco-2.0.3-1.20.1-forge.jar,False
createdeco,createdeco:corner_dusk_brick_wall,corner_dusk_brick_wall,createdeco-2.0.3-1.20.1-forge.jar,False
createdeco,createdeco:corner_dusk_bricks,corner_dusk_bricks,createdeco-2.0.3-1.20.1-forge.jar,False
createdeco,createdeco:corner_pearl_brick_slab,corner_pearl_brick_slab,createdeco-2.0.3-1.20.1-forge.jar,False
createdeco,createdeco:corner_pearl_brick_stairs,corner_pearl_brick_stairs,createdeco-2.0.3-1.20.1-forge.jar,False
createdeco,createdeco:corner_pearl_brick_wall,corner_pearl_brick_wall,createdeco-2.0.3-1.20.1-forge.jar,False
createdeco,createdeco:corner_pearl_bricks,corner_pearl_bricks,createdeco-2.0.3-1.20.1-forge.jar,False
createdeco,createdeco:corner_red_brick_slab,corner_red_brick_slab,createdeco-2.0.3-1.20.1-forge.jar,False
createdeco,createdeco:corner_red_brick_stairs,corner_red_brick_stairs,createdeco-2.0.3-1.20.1-forge.jar,False
createdeco,createdeco:corner_red_brick_wall,corner_red_brick_wall,createdeco-2.0.3-1.20.1-forge.jar,False
createdeco,createdeco:corner_red_bricks,corner_red_bricks,createdeco-2.0.3-1.20.1-forge.jar,False
createdeco,createdeco:corner_scarlet_brick_slab,corner_scarlet_brick_slab,createdeco-2.0.3-1.20.1-forge.jar,False
createdeco,createdeco:corner_scarlet_brick_stairs,corner_scarlet_brick_stairs,createdeco-2.0.3-1.20.1-forge.jar,False
createdeco,createdeco:corner_scarlet_brick_wall,corner_scarlet_brick_wall,createdeco-2.0.3-1.20.1-forge.jar,False
createdeco,createdeco:corner_scarlet_bricks,corner_scarlet_bricks,createdeco-2.0.3-1.20.1-forge.jar,False
createdeco,createdeco:corner_umber_brick_slab,corner_umber_brick_slab,createdeco-2.0.3-1.20.1-forge.jar,False
createdeco,createdeco:corner_umber_brick_stairs,corner_umber_brick_stairs,createdeco-2.0.3-1.20.1-forge.jar,False
createdeco,createdeco:corner_umber_brick_wall,corner_umber_brick_wall,createdeco-2.0.3-1.20.1-forge.jar,False
createdeco,createdeco:corner_umber_bricks,corner_umber_bricks,createdeco-2.0.3-1.20.1-forge.jar,False
createdeco,createdeco:corner_verdant_brick_slab,corner_verdant_brick_slab,createdeco-2.0.3-1.20.1-forge.jar,False
createdeco,createdeco:corner_verdant_brick_stairs,corner_verdant_brick_stairs,createdeco-2.0.3-1.20.1-forge.jar,False
createdeco,createdeco:corner_verdant_brick_wall,corner_verdant_brick_wall,createdeco-2.0.3-1.20.1-forge.jar,False
createdeco,createdeco:corner_verdant_bricks,corner_verdant_bricks,createdeco-2.0.3-1.20.1-forge.jar,False
createdeco,createdeco:cracked_blue_brick_slab,cracked_blue_brick_slab,createdeco-2.0.3-1.20.1-forge.jar,False
createdeco,createdeco:cracked_blue_brick_stairs,cracked_blue_brick_stairs,createdeco-2.0.3-1.20.1-forge.jar,False
createdeco,createdeco:cracked_blue_brick_wall,cracked_blue_brick_wall,createdeco-2.0.3-1.20.1-forge.jar,False
createdeco,createdeco:cracked_blue_bricks,cracked_blue_bricks,createdeco-2.0.3-1.20.1-forge.jar,False
createdeco,createdeco:cracked_dean_brick_slab,cracked_dean_brick_slab,createdeco-2.0.3-1.20.1-forge.jar,False
createdeco,createdeco:cracked_dean_brick_stairs,cracked_dean_brick_stairs,createdeco-2.0.3-1.20.1-forge.jar,False
createdeco,createdeco:cracked_dean_brick_wall,cracked_dean_brick_wall,createdeco-2.0.3-1.20.1-forge.jar,False
createdeco,createdeco:cracked_dean_bricks,cracked_dean_bricks,createdeco-2.0.3-1.20.1-forge.jar,False
createdeco,createdeco:cracked_dusk_brick_slab,cracked_dusk_brick_slab,createdeco-2.0.3-1.20.1-forge.jar,False
createdeco,createdeco:cracked_dusk_brick_stairs,cracked_dusk_brick_stairs,createdeco-2.0.3-1.20.1-forge.jar,False
createdeco,createdeco:cracked_dusk_brick_wall,cracked_dusk_brick_wall,createdeco-2.0.3-1.20.1-forge.jar,False
createdeco,createdeco:cracked_dusk_bricks,cracked_dusk_bricks,createdeco-2.0.3-1.20.1-forge.jar,False
createdeco,createdeco:cracked_pearl_brick_slab,cracked_pearl_brick_slab,createdeco-2.0.3-1.20.1-forge.jar,False
createdeco,createdeco:cracked_pearl_brick_stairs,cracked_pearl_brick_stairs,createdeco-2.0.3-1.20.1-forge.jar,False
createdeco,createdeco:cracked_pearl_brick_wall,cracked_pearl_brick_wall,createdeco-2.0.3-1.20.1-forge.jar,False
createdeco,createdeco:cracked_pearl_bricks,cracked_pearl_bricks,createdeco-2.0.3-1.20.1-forge.jar,False
createdeco,createdeco:cracked_red_brick_slab,cracked_red_brick_slab,createdeco-2.0.3-1.20.1-forge.jar,False
createdeco,createdeco:cracked_red_brick_stairs,cracked_red_brick_stairs,createdeco-2.0.3-1.20.1-forge.jar,False
createdeco,createdeco:cracked_red_brick_wall,cracked_red_brick_wall,createdeco-2.0.3-1.20.1-forge.jar,False
createdeco,createdeco:cracked_red_bricks,cracked_red_bricks,createdeco-2.0.3-1.20.1-forge.jar,False
createdeco,createdeco:cracked_scarlet_brick_slab,cracked_scarlet_brick_slab,createdeco-2.0.3-1.20.1-forge.jar,False
createdeco,createdeco:cracked_scarlet_brick_stairs,cracked_scarlet_brick_stairs,createdeco-2.0.3-1.20.1-forge.jar,False
createdeco,createdeco:cracked_scarlet_brick_wall,cracked_scarlet_brick_wall,createdeco-2.0.3-1.20.1-forge.jar,False
createdeco,createdeco:cracked_scarlet_bricks,cracked_scarlet_bricks,createdeco-2.0.3-1.20.1-forge.jar,False
createdeco,createdeco:cracked_umber_brick_slab,cracked_umber_brick_slab,createdeco-2.0.3-1.20.1-forge.jar,False
createdeco,createdeco:cracked_umber_brick_stairs,cracked_umber_brick_stairs,createdeco-2.0.3-1.20.1-forge.jar,False
createdeco,createdeco:cracked_umber_brick_wall,cracked_umber_brick_wall,createdeco-2.0.3-1.20.1-forge.jar,False
createdeco,createdeco:cracked_umber_bricks,cracked_umber_bricks,createdeco-2.0.3-1.20.1-forge.jar,False
createdeco,createdeco:cracked_verdant_brick_slab,cracked_verdant_brick_slab,createdeco-2.0.3-1.20.1-forge.jar,False
createdeco,createdeco:cracked_verdant_brick_stairs,cracked_verdant_brick_stairs,createdeco-2.0.3-1.20.1-forge.jar,False
createdeco,createdeco:cracked_verdant_brick_wall,cracked_verdant_brick_wall,createdeco-2.0.3-1.20.1-forge.jar,False
createdeco,createdeco:cracked_verdant_bricks,cracked_verdant_bricks,createdeco-2.0.3-1.20.1-forge.jar,False
createdeco,createdeco:cyan_placard,cyan_placard,createdeco-2.0.3-1.20.1-forge.jar,False
createdeco,createdeco:cyan_shipping_container,cyan_shipping_container,createdeco-2.0.3-1.20.1-forge.jar,False
createdeco,createdeco:dean_brick_slab,dean_brick_slab,createdeco-2.0.3-1.20.1-forge.jar,False
createdeco,createdeco:dean_brick_stairs,dean_brick_stairs,createdeco-2.0.3-1.20.1-forge.jar,False
createdeco,createdeco:dean_brick_wall,dean_brick_wall,createdeco-2.0.3-1.20.1-forge.jar,False
createdeco,createdeco:dean_bricks,dean_bricks,createdeco-2.0.3-1.20.1-forge.jar,False
createdeco,createdeco:decal_creeper,decal_creeper,createdeco-2.0.3-1.20.1-forge.jar,False
createdeco,createdeco:decal_cross,decal_cross,createdeco-2.0.3-1.20.1-forge.jar,False
createdeco,createdeco:decal_down,decal_down,createdeco-2.0.3-1.20.1-forge.jar,False
createdeco,createdeco:decal_down_left,decal_down_left,createdeco-2.0.3-1.20.1-forge.jar,False
createdeco,createdeco:decal_down_right,decal_down_right,createdeco-2.0.3-1.20.1-forge.jar,False
createdeco,createdeco:decal_electrical,decal_electrical,createdeco-2.0.3-1.20.1-forge.jar,False
createdeco,createdeco:decal_fire,decal_fire,createdeco-2.0.3-1.20.1-forge.jar,False
createdeco,createdeco:decal_fire_diamond,decal_fire_diamond,createdeco-2.0.3-1.20.1-forge.jar,False
createdeco,createdeco:decal_flow,decal_flow,createdeco-2.0.3-1.20.1-forge.jar,False
createdeco,createdeco:decal_fluid,decal_fluid,createdeco-2.0.3-1.20.1-forge.jar,False
createdeco,createdeco:decal_ice,decal_ice,createdeco-2.0.3-1.20.1-forge.jar,False
createdeco,createdeco:decal_left,decal_left,createdeco-2.0.3-1.20.1-forge.jar,False
createdeco,createdeco:decal_no_entry,decal_no_entry,createdeco-2.0.3-1.20.1-forge.jar,False
createdeco,createdeco:decal_radioactive,decal_radioactive,createdeco-2.0.3-1.20.1-forge.jar,False
createdeco,createdeco:decal_right,decal_right,createdeco-2.0.3-1.20.1-forge.jar,False
createdeco,createdeco:decal_skull,decal_skull,createdeco-2.0.3-1.20.1-forge.jar,False
createdeco,createdeco:decal_top_left,decal_top_left,createdeco-2.0.3-1.20.1-forge.jar,False
createdeco,createdeco:decal_top_right,decal_top_right,createdeco-2.0.3-1.20.1-forge.jar,False
createdeco,createdeco:decal_up,decal_up,createdeco-2.0.3-1.20.1-forge.jar,False
createdeco,createdeco:decal_warning,decal_warning,createdeco-2.0.3-1.20.1-forge.jar,False
createdeco,createdeco:dusk_brick_slab,dusk_brick_slab,createdeco-2.0.3-1.20.1-forge.jar,False
createdeco,createdeco:dusk_brick_stairs,dusk_brick_stairs,createdeco-2.0.3-1.20.1-forge.jar,False
createdeco,createdeco:dusk_brick_wall,dusk_brick_wall,createdeco-2.0.3-1.20.1-forge.jar,False
createdeco,createdeco:dusk_bricks,dusk_bricks,createdeco-2.0.3-1.20.1-forge.jar,False
createdeco,createdeco:gold_coinstack,gold_coinstack,createdeco-2.0.3-1.20.1-forge.jar,False
createdeco,createdeco:gray_placard,gray_placard,createdeco-2.0.3-1.20.1-forge.jar,False
createdeco,createdeco:gray_shipping_container,gray_shipping_container,createdeco-2.0.3-1.20.1-forge.jar,False
createdeco,createdeco:green_andesite_lamp,green_andesite_lamp,createdeco-2.0.3-1.20.1-forge.jar,False
createdeco,createdeco:green_brass_lamp,green_brass_lamp,createdeco-2.0.3-1.20.1-forge.jar,False
createdeco,createdeco:green_copper_lamp,green_copper_lamp,createdeco-2.0.3-1.20.1-forge.jar,False
createdeco,createdeco:green_industrial_iron_lamp,green_industrial_iron_lamp,createdeco-2.0.3-1.20.1-forge.jar,False
createdeco,createdeco:green_iron_lamp,green_iron_lamp,createdeco-2.0.3-1.20.1-forge.jar,False
createdeco,createdeco:green_placard,green_placard,createdeco-2.0.3-1.20.1-forge.jar,False
createdeco,createdeco:green_shipping_container,green_shipping_container,createdeco-2.0.3-1.20.1-forge.jar,False
createdeco,createdeco:green_zinc_lamp,green_zinc_lamp,createdeco-2.0.3-1.20.1-forge.jar,False
createdeco,createdeco:industrial_iron_bars,industrial_iron_bars,createdeco-2.0.3-1.20.1-forge.jar,False
createdeco,createdeco:industrial_iron_bars_overlay,industrial_iron_bars_overlay,createdeco-2.0.3-1.20.1-forge.jar,False
createdeco,createdeco:industrial_iron_catwalk,industrial_iron_catwalk,createdeco-2.0.3-1.20.1-forge.jar,False
createdeco,createdeco:industrial_iron_catwalk_railing,industrial_iron_catwalk_railing,createdeco-2.0.3-1.20.1-forge.jar,False
createdeco,createdeco:industrial_iron_catwalk_stairs,industrial_iron_catwalk_stairs,createdeco-2.0.3-1.20.1-forge.jar,False
createdeco,createdeco:industrial_iron_coinstack,industrial_iron_coinstack,createdeco-2.0.3-1.20.1-forge.jar,False
createdeco,createdeco:industrial_iron_door,industrial_iron_door,createdeco-2.0.3-1.20.1-forge.jar,False
createdeco,createdeco:industrial_iron_facade,industrial_iron_facade,createdeco-2.0.3-1.20.1-forge.jar,False
createdeco,createdeco:industrial_iron_hull,industrial_iron_hull,createdeco-2.0.3-1.20.1-forge.jar,False
createdeco,createdeco:industrial_iron_ladder,industrial_iron_ladder,createdeco-2.0.3-1.20.1-forge.jar,False
createdeco,createdeco:industrial_iron_mesh_fence,industrial_iron_mesh_fence,createdeco-2.0.3-1.20.1-forge.jar,False
createdeco,createdeco:industrial_iron_sheet_metal,industrial_iron_sheet_metal,createdeco-2.0.3-1.20.1-forge.jar,False
createdeco,createdeco:industrial_iron_support,industrial_iron_support,createdeco-2.0.3-1.20.1-forge.jar,False
createdeco,createdeco:industrial_iron_support_wedge,industrial_iron_support_wedge,createdeco-2.0.3-1.20.1-forge.jar,False
createdeco,createdeco:industrial_iron_trapdoor,industrial_iron_trapdoor,createdeco-2.0.3-1.20.1-forge.jar,False
createdeco,createdeco:industrial_iron_window,industrial_iron_window,createdeco-2.0.3-1.20.1-forge.jar,False
createdeco,createdeco:industrial_iron_window_pane,industrial_iron_window_pane,createdeco-2.0.3-1.20.1-forge.jar,False
createdeco,createdeco:iron_bars_overlay,iron_bars_overlay,createdeco-2.0.3-1.20.1-forge.jar,False
createdeco,createdeco:iron_catwalk,iron_catwalk,createdeco-2.0.3-1.20.1-forge.jar,False
createdeco,createdeco:iron_catwalk_railing,iron_catwalk_railing,createdeco-2.0.3-1.20.1-forge.jar,False
createdeco,createdeco:iron_catwalk_stairs,iron_catwalk_stairs,createdeco-2.0.3-1.20.1-forge.jar,False
createdeco,createdeco:iron_coinstack,iron_coinstack,createdeco-2.0.3-1.20.1-forge.jar,False
createdeco,createdeco:iron_facade,iron_facade,createdeco-2.0.3-1.20.1-forge.jar,False
createdeco,createdeco:iron_hull,iron_hull,createdeco-2.0.3-1.20.1-forge.jar,False
createdeco,createdeco:iron_ladder,iron_ladder,createdeco-2.0.3-1.20.1-forge.jar,False
createdeco,createdeco:iron_mesh_fence,iron_mesh_fence,createdeco-2.0.3-1.20.1-forge.jar,False
createdeco,createdeco:iron_sheet_metal,iron_sheet_metal,createdeco-2.0.3-1.20.1-forge.jar,False
createdeco,createdeco:iron_support,iron_support,createdeco-2.0.3-1.20.1-forge.jar,False
createdeco,createdeco:iron_support_wedge,iron_support_wedge,createdeco-2.0.3-1.20.1-forge.jar,False
createdeco,createdeco:iron_window,iron_window,createdeco-2.0.3-1.20.1-forge.jar,False
createdeco,createdeco:iron_window_pane,iron_window_pane,createdeco-2.0.3-1.20.1-forge.jar,False
createdeco,createdeco:light_blue_placard,light_blue_placard,createdeco-2.0.3-1.20.1-forge.jar,False
createdeco,createdeco:light_blue_shipping_container,light_blue_shipping_container,createdeco-2.0.3-1.20.1-forge.jar,False
createdeco,createdeco:light_gray_placard,light_gray_placard,createdeco-2.0.3-1.20.1-forge.jar,False
createdeco,createdeco:light_gray_shipping_container,light_gray_shipping_container,createdeco-2.0.3-1.20.1-forge.jar,False
createdeco,createdeco:lime_placard,lime_placard,createdeco-2.0.3-1.20.1-forge.jar,False
createdeco,createdeco:lime_shipping_container,lime_shipping_container,createdeco-2.0.3-1.20.1-forge.jar,False
createdeco,createdeco:locked_andesite_door,locked_andesite_door,createdeco-2.0.3-1.20.1-forge.jar,False
createdeco,createdeco:locked_brass_door,locked_brass_door,createdeco-2.0.3-1.20.1-forge.jar,False
createdeco,createdeco:locked_copper_door,locked_copper_door,createdeco-2.0.3-1.20.1-forge.jar,False
createdeco,createdeco:locked_industrial_iron_door,locked_industrial_iron_door,createdeco-2.0.3-1.20.1-forge.jar,False
createdeco,createdeco:locked_zinc_door,locked_zinc_door,createdeco-2.0.3-1.20.1-forge.jar,False
createdeco,createdeco:long_blue_brick_slab,long_blue_brick_slab,createdeco-2.0.3-1.20.1-forge.jar,False
createdeco,createdeco:long_blue_brick_stairs,long_blue_brick_stairs,createdeco-2.0.3-1.20.1-forge.jar,False
createdeco,createdeco:long_blue_brick_wall,long_blue_brick_wall,createdeco-2.0.3-1.20.1-forge.jar,False
createdeco,createdeco:long_blue_bricks,long_blue_bricks,createdeco-2.0.3-1.20.1-forge.jar,False
createdeco,createdeco:long_dean_brick_slab,long_dean_brick_slab,createdeco-2.0.3-1.20.1-forge.jar,False
createdeco,createdeco:long_dean_brick_stairs,long_dean_brick_stairs,createdeco-2.0.3-1.20.1-forge.jar,False
createdeco,createdeco:long_dean_brick_wall,long_dean_brick_wall,createdeco-2.0.3-1.20.1-forge.jar,False
createdeco,createdeco:long_dean_bricks,long_dean_bricks,createdeco-2.0.3-1.20.1-forge.jar,False
createdeco,createdeco:long_dusk_brick_slab,long_dusk_brick_slab,createdeco-2.0.3-1.20.1-forge.jar,False
createdeco,createdeco:long_dusk_brick_stairs,long_dusk_brick_stairs,createdeco-2.0.3-1.20.1-forge.jar,False
createdeco,createdeco:long_dusk_brick_wall,long_dusk_brick_wall,createdeco-2.0.3-1.20.1-forge.jar,False
createdeco,createdeco:long_dusk_bricks,long_dusk_bricks,createdeco-2.0.3-1.20.1-forge.jar,False
createdeco,createdeco:long_pearl_brick_slab,long_pearl_brick_slab,createdeco-2.0.3-1.20.1-forge.jar,False
createdeco,createdeco:long_pearl_brick_stairs,long_pearl_brick_stairs,createdeco-2.0.3-1.20.1-forge.jar,False
createdeco,createdeco:long_pearl_brick_wall,long_pearl_brick_wall,createdeco-2.0.3-1.20.1-forge.jar,False
createdeco,createdeco:long_pearl_bricks,long_pearl_bricks,createdeco-2.0.3-1.20.1-forge.jar,False
createdeco,createdeco:long_red_brick_slab,long_red_brick_slab,createdeco-2.0.3-1.20.1-forge.jar,False
createdeco,createdeco:long_red_brick_stairs,long_red_brick_stairs,createdeco-2.0.3-1.20.1-forge.jar,False
createdeco,createdeco:long_red_brick_wall,long_red_brick_wall,createdeco-2.0.3-1.20.1-forge.jar,False
createdeco,createdeco:long_red_bricks,long_red_bricks,createdeco-2.0.3-1.20.1-forge.jar,False
createdeco,createdeco:long_scarlet_brick_slab,long_scarlet_brick_slab,createdeco-2.0.3-1.20.1-forge.jar,False
createdeco,createdeco:long_scarlet_brick_stairs,long_scarlet_brick_stairs,createdeco-2.0.3-1.20.1-forge.jar,False
createdeco,createdeco:long_scarlet_brick_wall,long_scarlet_brick_wall,createdeco-2.0.3-1.20.1-forge.jar,False
createdeco,createdeco:long_scarlet_bricks,long_scarlet_bricks,createdeco-2.0.3-1.20.1-forge.jar,False
createdeco,createdeco:long_umber_brick_slab,long_umber_brick_slab,createdeco-2.0.3-1.20.1-forge.jar,False
createdeco,createdeco:long_umber_brick_stairs,long_umber_brick_stairs,createdeco-2.0.3-1.20.1-forge.jar,False
createdeco,createdeco:long_umber_brick_wall,long_umber_brick_wall,createdeco-2.0.3-1.20.1-forge.jar,False
createdeco,createdeco:long_umber_bricks,long_umber_bricks,createdeco-2.0.3-1.20.1-forge.jar,False
createdeco,createdeco:long_verdant_brick_slab,long_verdant_brick_slab,createdeco-2.0.3-1.20.1-forge.jar,False
createdeco,createdeco:long_verdant_brick_stairs,long_verdant_brick_stairs,createdeco-2.0.3-1.20.1-forge.jar,False
createdeco,createdeco:long_verdant_brick_wall,long_verdant_brick_wall,createdeco-2.0.3-1.20.1-forge.jar,False
createdeco,createdeco:long_verdant_bricks,long_verdant_bricks,createdeco-2.0.3-1.20.1-forge.jar,False
createdeco,createdeco:magenta_placard,magenta_placard,createdeco-2.0.3-1.20.1-forge.jar,False
createdeco,createdeco:magenta_shipping_container,magenta_shipping_container,createdeco-2.0.3-1.20.1-forge.jar,False
createdeco,createdeco:mossy_blue_brick_slab,mossy_blue_brick_slab,createdeco-2.0.3-1.20.1-forge.jar,False
createdeco,createdeco:mossy_blue_brick_stairs,mossy_blue_brick_stairs,createdeco-2.0.3-1.20.1-forge.jar,False
createdeco,createdeco:mossy_blue_brick_wall,mossy_blue_brick_wall,createdeco-2.0.3-1.20.1-forge.jar,False
createdeco,createdeco:mossy_blue_bricks,mossy_blue_bricks,createdeco-2.0.3-1.20.1-forge.jar,False
createdeco,createdeco:mossy_dean_brick_slab,mossy_dean_brick_slab,createdeco-2.0.3-1.20.1-forge.jar,False
createdeco,createdeco:mossy_dean_brick_stairs,mossy_dean_brick_stairs,createdeco-2.0.3-1.20.1-forge.jar,False
createdeco,createdeco:mossy_dean_brick_wall,mossy_dean_brick_wall,createdeco-2.0.3-1.20.1-forge.jar,False
createdeco,createdeco:mossy_dean_bricks,mossy_dean_bricks,createdeco-2.0.3-1.20.1-forge.jar,False
createdeco,createdeco:mossy_dusk_brick_slab,mossy_dusk_brick_slab,createdeco-2.0.3-1.20.1-forge.jar,False
createdeco,createdeco:mossy_dusk_brick_stairs,mossy_dusk_brick_stairs,createdeco-2.0.3-1.20.1-forge.jar,False
createdeco,createdeco:mossy_dusk_brick_wall,mossy_dusk_brick_wall,createdeco-2.0.3-1.20.1-forge.jar,False
createdeco,createdeco:mossy_dusk_bricks,mossy_dusk_bricks,createdeco-2.0.3-1.20.1-forge.jar,False
createdeco,createdeco:mossy_pearl_brick_slab,mossy_pearl_brick_slab,createdeco-2.0.3-1.20.1-forge.jar,False
createdeco,createdeco:mossy_pearl_brick_stairs,mossy_pearl_brick_stairs,createdeco-2.0.3-1.20.1-forge.jar,False
createdeco,createdeco:mossy_pearl_brick_wall,mossy_pearl_brick_wall,createdeco-2.0.3-1.20.1-forge.jar,False
createdeco,createdeco:mossy_pearl_bricks,mossy_pearl_bricks,createdeco-2.0.3-1.20.1-forge.jar,False
createdeco,createdeco:mossy_red_brick_slab,mossy_red_brick_slab,createdeco-2.0.3-1.20.1-forge.jar,False
createdeco,createdeco:mossy_red_brick_stairs,mossy_red_brick_stairs,createdeco-2.0.3-1.20.1-forge.jar,False
createdeco,createdeco:mossy_red_brick_wall,mossy_red_brick_wall,createdeco-2.0.3-1.20.1-forge.jar,False
createdeco,createdeco:mossy_red_bricks,mossy_red_bricks,createdeco-2.0.3-1.20.1-forge.jar,False
createdeco,createdeco:mossy_scarlet_brick_slab,mossy_scarlet_brick_slab,createdeco-2.0.3-1.20.1-forge.jar,False
createdeco,createdeco:mossy_scarlet_brick_stairs,mossy_scarlet_brick_stairs,createdeco-2.0.3-1.20.1-forge.jar,False
createdeco,createdeco:mossy_scarlet_brick_wall,mossy_scarlet_brick_wall,createdeco-2.0.3-1.20.1-forge.jar,False
createdeco,createdeco:mossy_scarlet_bricks,mossy_scarlet_bricks,createdeco-2.0.3-1.20.1-forge.jar,False
createdeco,createdeco:mossy_umber_brick_slab,mossy_umber_brick_slab,createdeco-2.0.3-1.20.1-forge.jar,False
createdeco,createdeco:mossy_umber_brick_stairs,mossy_umber_brick_stairs,createdeco-2.0.3-1.20.1-forge.jar,False
createdeco,createdeco:mossy_umber_brick_wall,mossy_umber_brick_wall,createdeco-2.0.3-1.20.1-forge.jar,False
createdeco,createdeco:mossy_umber_bricks,mossy_umber_bricks,createdeco-2.0.3-1.20.1-forge.jar,False
createdeco,createdeco:mossy_verdant_brick_slab,mossy_verdant_brick_slab,createdeco-2.0.3-1.20.1-forge.jar,False
createdeco,createdeco:mossy_verdant_brick_stairs,mossy_verdant_brick_stairs,createdeco-2.0.3-1.20.1-forge.jar,False
createdeco,createdeco:mossy_verdant_brick_wall,mossy_verdant_brick_wall,createdeco-2.0.3-1.20.1-forge.jar,False
createdeco,createdeco:mossy_verdant_bricks,mossy_verdant_bricks,createdeco-2.0.3-1.20.1-forge.jar,False
createdeco,createdeco:netherite_coinstack,netherite_coinstack,createdeco-2.0.3-1.20.1-forge.jar,False
createdeco,createdeco:orange_placard,orange_placard,createdeco-2.0.3-1.20.1-forge.jar,False
createdeco,createdeco:orange_shipping_container,orange_shipping_container,createdeco-2.0.3-1.20.1-forge.jar,False
createdeco,createdeco:pearl_brick_slab,pearl_brick_slab,createdeco-2.0.3-1.20.1-forge.jar,False
createdeco,createdeco:pearl_brick_stairs,pearl_brick_stairs,createdeco-2.0.3-1.20.1-forge.jar,False
createdeco,createdeco:pearl_brick_wall,pearl_brick_wall,createdeco-2.0.3-1.20.1-forge.jar,False
createdeco,createdeco:pearl_bricks,pearl_bricks,createdeco-2.0.3-1.20.1-forge.jar,False
createdeco,createdeco:pink_placard,pink_placard,createdeco-2.0.3-1.20.1-forge.jar,False
createdeco,createdeco:pink_shipping_container,pink_shipping_container,createdeco-2.0.3-1.20.1-forge.jar,False
createdeco,createdeco:purple_placard,purple_placard,createdeco-2.0.3-1.20.1-forge.jar,False
createdeco,createdeco:purple_shipping_container,purple_shipping_container,createdeco-2.0.3-1.20.1-forge.jar,False
createdeco,createdeco:red_andesite_lamp,red_andesite_lamp,createdeco-2.0.3-1.20.1-forge.jar,False
createdeco,createdeco:red_brass_lamp,red_brass_lamp,createdeco-2.0.3-1.20.1-forge.jar,False
createdeco,createdeco:red_copper_lamp,red_copper_lamp,createdeco-2.0.3-1.20.1-forge.jar,False
createdeco,createdeco:red_industrial_iron_lamp,red_industrial_iron_lamp,createdeco-2.0.3-1.20.1-forge.jar,False
createdeco,createdeco:red_iron_lamp,red_iron_lamp,createdeco-2.0.3-1.20.1-forge.jar,False
createdeco,createdeco:red_placard,red_placard,createdeco-2.0.3-1.20.1-forge.jar,False
createdeco,createdeco:red_shipping_container,red_shipping_container,createdeco-2.0.3-1.20.1-forge.jar,False
createdeco,createdeco:red_zinc_lamp,red_zinc_lamp,createdeco-2.0.3-1.20.1-forge.jar,False
createdeco,createdeco:scarlet_brick_slab,scarlet_brick_slab,createdeco-2.0.3-1.20.1-forge.jar,False
createdeco,createdeco:scarlet_brick_stairs,scarlet_brick_stairs,createdeco-2.0.3-1.20.1-forge.jar,False
createdeco,createdeco:scarlet_brick_wall,scarlet_brick_wall,createdeco-2.0.3-1.20.1-forge.jar,False
createdeco,createdeco:scarlet_bricks,scarlet_bricks,createdeco-2.0.3-1.20.1-forge.jar,False
createdeco,createdeco:short_blue_brick_slab,short_blue_brick_slab,createdeco-2.0.3-1.20.1-forge.jar,False
createdeco,createdeco:short_blue_brick_stairs,short_blue_brick_stairs,createdeco-2.0.3-1.20.1-forge.jar,False
createdeco,createdeco:short_blue_brick_wall,short_blue_brick_wall,createdeco-2.0.3-1.20.1-forge.jar,False
createdeco,createdeco:short_blue_bricks,short_blue_bricks,createdeco-2.0.3-1.20.1-forge.jar,False
createdeco,createdeco:short_dean_brick_slab,short_dean_brick_slab,createdeco-2.0.3-1.20.1-forge.jar,False
createdeco,createdeco:short_dean_brick_stairs,short_dean_brick_stairs,createdeco-2.0.3-1.20.1-forge.jar,False
createdeco,createdeco:short_dean_brick_wall,short_dean_brick_wall,createdeco-2.0.3-1.20.1-forge.jar,False
createdeco,createdeco:short_dean_bricks,short_dean_bricks,createdeco-2.0.3-1.20.1-forge.jar,False
createdeco,createdeco:short_dusk_brick_slab,short_dusk_brick_slab,createdeco-2.0.3-1.20.1-forge.jar,False
createdeco,createdeco:short_dusk_brick_stairs,short_dusk_brick_stairs,createdeco-2.0.3-1.20.1-forge.jar,False
createdeco,createdeco:short_dusk_brick_wall,short_dusk_brick_wall,createdeco-2.0.3-1.20.1-forge.jar,False
createdeco,createdeco:short_dusk_bricks,short_dusk_bricks,createdeco-2.0.3-1.20.1-forge.jar,False
createdeco,createdeco:short_pearl_brick_slab,short_pearl_brick_slab,createdeco-2.0.3-1.20.1-forge.jar,False
createdeco,createdeco:short_pearl_brick_stairs,short_pearl_brick_stairs,createdeco-2.0.3-1.20.1-forge.jar,False
createdeco,createdeco:short_pearl_brick_wall,short_pearl_brick_wall,createdeco-2.0.3-1.20.1-forge.jar,False
createdeco,createdeco:short_pearl_bricks,short_pearl_bricks,createdeco-2.0.3-1.20.1-forge.jar,False
createdeco,createdeco:short_red_brick_slab,short_red_brick_slab,createdeco-2.0.3-1.20.1-forge.jar,False
createdeco,createdeco:short_red_brick_stairs,short_red_brick_stairs,createdeco-2.0.3-1.20.1-forge.jar,False
createdeco,createdeco:short_red_brick_wall,short_red_brick_wall,createdeco-2.0.3-1.20.1-forge.jar,False
createdeco,createdeco:short_red_bricks,short_red_bricks,createdeco-2.0.3-1.20.1-forge.jar,False
createdeco,createdeco:short_scarlet_brick_slab,short_scarlet_brick_slab,createdeco-2.0.3-1.20.1-forge.jar,False
createdeco,createdeco:short_scarlet_brick_stairs,short_scarlet_brick_stairs,createdeco-2.0.3-1.20.1-forge.jar,False
createdeco,createdeco:short_scarlet_brick_wall,short_scarlet_brick_wall,createdeco-2.0.3-1.20.1-forge.jar,False
createdeco,createdeco:short_scarlet_bricks,short_scarlet_bricks,createdeco-2.0.3-1.20.1-forge.jar,False
createdeco,createdeco:short_umber_brick_slab,short_umber_brick_slab,createdeco-2.0.3-1.20.1-forge.jar,False
createdeco,createdeco:short_umber_brick_stairs,short_umber_brick_stairs,createdeco-2.0.3-1.20.1-forge.jar,False
createdeco,createdeco:short_umber_brick_wall,short_umber_brick_wall,createdeco-2.0.3-1.20.1-forge.jar,False
createdeco,createdeco:short_umber_bricks,short_umber_bricks,createdeco-2.0.3-1.20.1-forge.jar,False
createdeco,createdeco:short_verdant_brick_slab,short_verdant_brick_slab,createdeco-2.0.3-1.20.1-forge.jar,False
createdeco,createdeco:short_verdant_brick_stairs,short_verdant_brick_stairs,createdeco-2.0.3-1.20.1-forge.jar,False
createdeco,createdeco:short_verdant_brick_wall,short_verdant_brick_wall,createdeco-2.0.3-1.20.1-forge.jar,False
createdeco,createdeco:short_verdant_bricks,short_verdant_bricks,createdeco-2.0.3-1.20.1-forge.jar,False
createdeco,createdeco:tiled_blue_brick_slab,tiled_blue_brick_slab,createdeco-2.0.3-1.20.1-forge.jar,False
createdeco,createdeco:tiled_blue_brick_stairs,tiled_blue_brick_stairs,createdeco-2.0.3-1.20.1-forge.jar,False
createdeco,createdeco:tiled_blue_brick_wall,tiled_blue_brick_wall,createdeco-2.0.3-1.20.1-forge.jar,False
createdeco,createdeco:tiled_blue_bricks,tiled_blue_bricks,createdeco-2.0.3-1.20.1-forge.jar,False
createdeco,createdeco:tiled_dean_brick_slab,tiled_dean_brick_slab,createdeco-2.0.3-1.20.1-forge.jar,False
createdeco,createdeco:tiled_dean_brick_stairs,tiled_dean_brick_stairs,createdeco-2.0.3-1.20.1-forge.jar,False
createdeco,createdeco:tiled_dean_brick_wall,tiled_dean_brick_wall,createdeco-2.0.3-1.20.1-forge.jar,False
createdeco,createdeco:tiled_dean_bricks,tiled_dean_bricks,createdeco-2.0.3-1.20.1-forge.jar,False
createdeco,createdeco:tiled_dusk_brick_slab,tiled_dusk_brick_slab,createdeco-2.0.3-1.20.1-forge.jar,False
createdeco,createdeco:tiled_dusk_brick_stairs,tiled_dusk_brick_stairs,createdeco-2.0.3-1.20.1-forge.jar,False
createdeco,createdeco:tiled_dusk_brick_wall,tiled_dusk_brick_wall,createdeco-2.0.3-1.20.1-forge.jar,False
createdeco,createdeco:tiled_dusk_bricks,tiled_dusk_bricks,createdeco-2.0.3-1.20.1-forge.jar,False
createdeco,createdeco:tiled_pearl_brick_slab,tiled_pearl_brick_slab,createdeco-2.0.3-1.20.1-forge.jar,False
createdeco,createdeco:tiled_pearl_brick_stairs,tiled_pearl_brick_stairs,createdeco-2.0.3-1.20.1-forge.jar,False
createdeco,createdeco:tiled_pearl_brick_wall,tiled_pearl_brick_wall,createdeco-2.0.3-1.20.1-forge.jar,False
createdeco,createdeco:tiled_pearl_bricks,tiled_pearl_bricks,createdeco-2.0.3-1.20.1-forge.jar,False
createdeco,createdeco:tiled_red_brick_slab,tiled_red_brick_slab,createdeco-2.0.3-1.20.1-forge.jar,False
createdeco,createdeco:tiled_red_brick_stairs,tiled_red_brick_stairs,createdeco-2.0.3-1.20.1-forge.jar,False
createdeco,createdeco:tiled_red_brick_wall,tiled_red_brick_wall,createdeco-2.0.3-1.20.1-forge.jar,False
createdeco,createdeco:tiled_red_bricks,tiled_red_bricks,createdeco-2.0.3-1.20.1-forge.jar,False
createdeco,createdeco:tiled_scarlet_brick_slab,tiled_scarlet_brick_slab,createdeco-2.0.3-1.20.1-forge.jar,False
createdeco,createdeco:tiled_scarlet_brick_stairs,tiled_scarlet_brick_stairs,createdeco-2.0.3-1.20.1-forge.jar,False
createdeco,createdeco:tiled_scarlet_brick_wall,tiled_scarlet_brick_wall,createdeco-2.0.3-1.20.1-forge.jar,False
createdeco,createdeco:tiled_scarlet_bricks,tiled_scarlet_bricks,createdeco-2.0.3-1.20.1-forge.jar,False
createdeco,createdeco:tiled_umber_brick_slab,tiled_umber_brick_slab,createdeco-2.0.3-1.20.1-forge.jar,False
createdeco,createdeco:tiled_umber_brick_stairs,tiled_umber_brick_stairs,createdeco-2.0.3-1.20.1-forge.jar,False
createdeco,createdeco:tiled_umber_brick_wall,tiled_umber_brick_wall,createdeco-2.0.3-1.20.1-forge.jar,False
createdeco,createdeco:tiled_umber_bricks,tiled_umber_bricks,createdeco-2.0.3-1.20.1-forge.jar,False
createdeco,createdeco:tiled_verdant_brick_slab,tiled_verdant_brick_slab,createdeco-2.0.3-1.20.1-forge.jar,False
createdeco,createdeco:tiled_verdant_brick_stairs,tiled_verdant_brick_stairs,createdeco-2.0.3-1.20.1-forge.jar,False
createdeco,createdeco:tiled_verdant_brick_wall,tiled_verdant_brick_wall,createdeco-2.0.3-1.20.1-forge.jar,False
createdeco,createdeco:tiled_verdant_bricks,tiled_verdant_bricks,createdeco-2.0.3-1.20.1-forge.jar,False
createdeco,createdeco:umber_brick_slab,umber_brick_slab,createdeco-2.0.3-1.20.1-forge.jar,False
createdeco,createdeco:umber_brick_stairs,umber_brick_stairs,createdeco-2.0.3-1.20.1-forge.jar,False
createdeco,createdeco:umber_brick_wall,umber_brick_wall,createdeco-2.0.3-1.20.1-forge.jar,False
createdeco,createdeco:umber_bricks,umber_bricks,createdeco-2.0.3-1.20.1-forge.jar,False
createdeco,createdeco:verdant_brick_slab,verdant_brick_slab,createdeco-2.0.3-1.20.1-forge.jar,False
createdeco,createdeco:verdant_brick_stairs,verdant_brick_stairs,createdeco-2.0.3-1.20.1-forge.jar,False
createdeco,createdeco:verdant_brick_wall,verdant_brick_wall,createdeco-2.0.3-1.20.1-forge.jar,False
createdeco,createdeco:verdant_bricks,verdant_bricks,createdeco-2.0.3-1.20.1-forge.jar,False
createdeco,createdeco:white_shipping_container,white_shipping_container,createdeco-2.0.3-1.20.1-forge.jar,False
createdeco,createdeco:yellow_andesite_lamp,yellow_andesite_lamp,createdeco-2.0.3-1.20.1-forge.jar,False
createdeco,createdeco:yellow_brass_lamp,yellow_brass_lamp,createdeco-2.0.3-1.20.1-forge.jar,False
createdeco,createdeco:yellow_copper_lamp,yellow_copper_lamp,createdeco-2.0.3-1.20.1-forge.jar,False
createdeco,createdeco:yellow_industrial_iron_lamp,yellow_industrial_iron_lamp,createdeco-2.0.3-1.20.1-forge.jar,False
createdeco,createdeco:yellow_iron_lamp,yellow_iron_lamp,createdeco-2.0.3-1.20.1-forge.jar,False
createdeco,createdeco:yellow_placard,yellow_placard,createdeco-2.0.3-1.20.1-forge.jar,False
createdeco,createdeco:yellow_shipping_container,yellow_shipping_container,createdeco-2.0.3-1.20.1-forge.jar,False
createdeco,createdeco:yellow_zinc_lamp,yellow_zinc_lamp,createdeco-2.0.3-1.20.1-forge.jar,False
createdeco,createdeco:zinc_bars,zinc_bars,createdeco-2.0.3-1.20.1-forge.jar,False
createdeco,createdeco:zinc_bars_overlay,zinc_bars_overlay,createdeco-2.0.3-1.20.1-forge.jar,False
createdeco,createdeco:zinc_catwalk,zinc_catwalk,createdeco-2.0.3-1.20.1-forge.jar,False
createdeco,createdeco:zinc_catwalk_railing,zinc_catwalk_railing,createdeco-2.0.3-1.20.1-forge.jar,False
createdeco,createdeco:zinc_catwalk_stairs,zinc_catwalk_stairs,createdeco-2.0.3-1.20.1-forge.jar,False
createdeco,createdeco:zinc_coinstack,zinc_coinstack,createdeco-2.0.3-1.20.1-forge.jar,False
createdeco,createdeco:zinc_door,zinc_door,createdeco-2.0.3-1.20.1-forge.jar,False
createdeco,createdeco:zinc_facade,zinc_facade,createdeco-2.0.3-1.20.1-forge.jar,False
createdeco,createdeco:zinc_hull,zinc_hull,createdeco-2.0.3-1.20.1-forge.jar,False
createdeco,createdeco:zinc_ladder,zinc_ladder,createdeco-2.0.3-1.20.1-forge.jar,False
createdeco,createdeco:zinc_mesh_fence,zinc_mesh_fence,createdeco-2.0.3-1.20.1-forge.jar,False
createdeco,createdeco:zinc_sheet_metal,zinc_sheet_metal,createdeco-2.0.3-1.20.1-forge.jar,False
createdeco,createdeco:zinc_support,zinc_support,createdeco-2.0.3-1.20.1-forge.jar,False
createdeco,createdeco:zinc_support_wedge,zinc_support_wedge,createdeco-2.0.3-1.20.1-forge.jar,False
createdeco,createdeco:zinc_trapdoor,zinc_trapdoor,createdeco-2.0.3-1.20.1-forge.jar,False
createdeco,createdeco:zinc_window,zinc_window,createdeco-2.0.3-1.20.1-forge.jar,False
createdeco,createdeco:zinc_window_pane,zinc_window_pane,createdeco-2.0.3-1.20.1-forge.jar,False
deadzonevehiclecompat,deadzonevehiclecompat:vehicle_spawn_marker,vehicle_spawn_marker,PROJECT_DEADZONE_Vehicle_Compatibility-1.4.0.jar,False
deadzonevehiclecompat,deadzonevehiclecompat:vehicle_spawn_marker_bus,vehicle_spawn_marker_bus,PROJECT_DEADZONE_Vehicle_Compatibility-1.4.0.jar,False
deadzonevehiclecompat,deadzonevehiclecompat:vehicle_spawn_marker_emergency,vehicle_spawn_marker_emergency,PROJECT_DEADZONE_Vehicle_Compatibility-1.4.0.jar,False
deadzonevehiclecompat,deadzonevehiclecompat:vehicle_spawn_marker_police,vehicle_spawn_marker_police,PROJECT_DEADZONE_Vehicle_Compatibility-1.4.0.jar,False
deadzonevehiclecompat,deadzonevehiclecompat:vehicle_spawn_marker_truck,vehicle_spawn_marker_truck,PROJECT_DEADZONE_Vehicle_Compatibility-1.4.0.jar,False
deadzonevehiclecompat,deadzonevehiclecompat:vehicle_spawn_marker_utility,vehicle_spawn_marker_utility,PROJECT_DEADZONE_Vehicle_Compatibility-1.4.0.jar,False
display_case,display_case:display_case,display_case,Display Case-forge-1.20-1.0.8.jar,True
doomsday_decoration,doomsday_decoration:accessorybox_1,accessorybox_1,doomsday_decoration-1.1.3-forge-1.20.1.jar,False
doomsday_decoration,doomsday_decoration:accessorybox_2,accessorybox_2,doomsday_decoration-1.1.3-forge-1.20.1.jar,False
doomsday_decoration,doomsday_decoration:acrate,acrate,doomsday_decoration-1.1.3-forge-1.20.1.jar,True
doomsday_decoration,doomsday_decoration:acrate_2,acrate_2,doomsday_decoration-1.1.3-forge-1.20.1.jar,True
doomsday_decoration,doomsday_decoration:acrate_3,acrate_3,doomsday_decoration-1.1.3-forge-1.20.1.jar,True
doomsday_decoration,doomsday_decoration:aircondition,aircondition,doomsday_decoration-1.1.3-forge-1.20.1.jar,False
doomsday_decoration,doomsday_decoration:aircondition_2,aircondition_2,doomsday_decoration-1.1.3-forge-1.20.1.jar,False
doomsday_decoration,doomsday_decoration:airconditioning,airconditioning,doomsday_decoration-1.1.3-forge-1.20.1.jar,False
doomsday_decoration,doomsday_decoration:airconditioning_2,airconditioning_2,doomsday_decoration-1.1.3-forge-1.20.1.jar,False
doomsday_decoration,doomsday_decoration:aircraftseat,aircraftseat,doomsday_decoration-1.1.3-forge-1.20.1.jar,False
doomsday_decoration,doomsday_decoration:airdrop,airdrop,doomsday_decoration-1.1.3-forge-1.20.1.jar,False
doomsday_decoration,doomsday_decoration:alert_block,alert_block,doomsday_decoration-1.1.3-forge-1.20.1.jar,False
doomsday_decoration,doomsday_decoration:alertstaircase,alertstaircase,doomsday_decoration-1.1.3-forge-1.20.1.jar,True
doomsday_decoration,doomsday_decoration:alightswitch,alightswitch,doomsday_decoration-1.1.3-forge-1.20.1.jar,False
doomsday_decoration,doomsday_decoration:alpha_bear,alpha_bear,doomsday_decoration-1.1.3-forge-1.20.1.jar,False
doomsday_decoration,doomsday_decoration:ambulance_1,ambulance_1,doomsday_decoration-1.1.3-forge-1.20.1.jar,False
doomsday_decoration,doomsday_decoration:ambulance_2,ambulance_2,doomsday_decoration-1.1.3-forge-1.20.1.jar,False
doomsday_decoration,doomsday_decoration:ambulance_3,ambulance_3,doomsday_decoration-1.1.3-forge-1.20.1.jar,False
doomsday_decoration,doomsday_decoration:ammunitionbox,ammunitionbox,doomsday_decoration-1.1.3-forge-1.20.1.jar,False
doomsday_decoration,doomsday_decoration:anticollisionbucket,anticollisionbucket,doomsday_decoration-1.1.3-forge-1.20.1.jar,False
doomsday_decoration,doomsday_decoration:anticollisionbucket_2,anticollisionbucket_2,doomsday_decoration-1.1.3-forge-1.20.1.jar,False
doomsday_decoration,doomsday_decoration:antitheftinfrared,antitheftinfrared,doomsday_decoration-1.1.3-forge-1.20.1.jar,False
doomsday_decoration,doomsday_decoration:antitheftinfrared_2,antitheftinfrared_2,doomsday_decoration-1.1.3-forge-1.20.1.jar,False
doomsday_decoration,doomsday_decoration:apecube,apecube,doomsday_decoration-1.1.3-forge-1.20.1.jar,False
doomsday_decoration,doomsday_decoration:arcadegame,arcadegame,doomsday_decoration-1.1.3-forge-1.20.1.jar,False
doomsday_decoration,doomsday_decoration:arcadegame_2,arcadegame_2,doomsday_decoration-1.1.3-forge-1.20.1.jar,False
doomsday_decoration,doomsday_decoration:arcadegame_3,arcadegame_3,doomsday_decoration-1.1.3-forge-1.20.1.jar,False
doomsday_decoration,doomsday_decoration:arcadegame_4,arcadegame_4,doomsday_decoration-1.1.3-forge-1.20.1.jar,False
doomsday_decoration,doomsday_decoration:arcadegame_5,arcadegame_5,doomsday_decoration-1.1.3-forge-1.20.1.jar,False
doomsday_decoration,doomsday_decoration:atm,atm,doomsday_decoration-1.1.3-forge-1.20.1.jar,False
doomsday_decoration,doomsday_decoration:atm_2,atm_2,doomsday_decoration-1.1.3-forge-1.20.1.jar,False
doomsday_decoration,doomsday_decoration:balloon,balloon,doomsday_decoration-1.1.3-forge-1.20.1.jar,False
doomsday_decoration,doomsday_decoration:barrel,barrel,doomsday_decoration-1.1.3-forge-1.20.1.jar,True
doomsday_decoration,doomsday_decoration:barriergate,barriergate,doomsday_decoration-1.1.3-forge-1.20.1.jar,False
doomsday_decoration,doomsday_decoration:barriergatepole,barriergatepole,doomsday_decoration-1.1.3-forge-1.20.1.jar,False
doomsday_decoration,doomsday_decoration:base,base,doomsday_decoration-1.1.3-forge-1.20.1.jar,False
doomsday_decoration,doomsday_decoration:basketballhoop,basketballhoop,doomsday_decoration-1.1.3-forge-1.20.1.jar,False
doomsday_decoration,doomsday_decoration:bathtub,bathtub,doomsday_decoration-1.1.3-forge-1.20.1.jar,False
doomsday_decoration,doomsday_decoration:beaker,beaker,doomsday_decoration-1.1.3-forge-1.20.1.jar,False
doomsday_decoration,doomsday_decoration:bed,bed,doomsday_decoration-1.1.3-forge-1.20.1.jar,False
doomsday_decoration,doomsday_decoration:bench,bench,doomsday_decoration-1.1.3-forge-1.20.1.jar,False
doomsday_decoration,doomsday_decoration:black,black,doomsday_decoration-1.1.3-forge-1.20.1.jar,False
doomsday_decoration,doomsday_decoration:black_jeep_1,black_jeep_1,doomsday_decoration-1.1.3-forge-1.20.1.jar,False
doomsday_decoration,doomsday_decoration:black_jeep_2,black_jeep_2,doomsday_decoration-1.1.3-forge-1.20.1.jar,False
doomsday_decoration,doomsday_decoration:blackandblueceramictiles,blackandblueceramictiles,doomsday_decoration-1.1.3-forge-1.20.1.jar,False
doomsday_decoration,doomsday_decoration:blackandblueceramictilesstaircase,blackandblueceramictilesstaircase,doomsday_decoration-1.1.3-forge-1.20.1.jar,True
doomsday_decoration,doomsday_decoration:blackandblueceramictilessteps,blackandblueceramictilessteps,doomsday_decoration-1.1.3-forge-1.20.1.jar,False
doomsday_decoration,doomsday_decoration:blackandblueceramictileswall,blackandblueceramictileswall,doomsday_decoration-1.1.3-forge-1.20.1.jar,False
doomsday_decoration,doomsday_decoration:blackandbrownceramictiles,blackandbrownceramictiles,doomsday_decoration-1.1.3-forge-1.20.1.jar,False
doomsday_decoration,doomsday_decoration:blackandbrownceramictilesstaircase,blackandbrownceramictilesstaircase,doomsday_decoration-1.1.3-forge-1.20.1.jar,True
doomsday_decoration,doomsday_decoration:blackandbrownceramictilessteps,blackandbrownceramictilessteps,doomsday_decoration-1.1.3-forge-1.20.1.jar,False
doomsday_decoration,doomsday_decoration:blackandbrownceramictileswall,blackandbrownceramictileswall,doomsday_decoration-1.1.3-forge-1.20.1.jar,False
doomsday_decoration,doomsday_decoration:blackandgreyceramictiles,blackandgreyceramictiles,doomsday_decoration-1.1.3-forge-1.20.1.jar,False
doomsday_decoration,doomsday_decoration:blackandgreyceramictilesstaircase,blackandgreyceramictilesstaircase,doomsday_decoration-1.1.3-forge-1.20.1.jar,True
doomsday_decoration,doomsday_decoration:blackandgreyceramictilessteps,blackandgreyceramictilessteps,doomsday_decoration-1.1.3-forge-1.20.1.jar,False
doomsday_decoration,doomsday_decoration:blackandgreyceramictileswall,blackandgreyceramictileswall,doomsday_decoration-1.1.3-forge-1.20.1.jar,False
doomsday_decoration,doomsday_decoration:blackandpurpleceramictiles,blackandpurpleceramictiles,doomsday_decoration-1.1.3-forge-1.20.1.jar,False
doomsday_decoration,doomsday_decoration:blackandpurpleceramictilesstaircase,blackandpurpleceramictilesstaircase,doomsday_decoration-1.1.3-forge-1.20.1.jar,True
doomsday_decoration,doomsday_decoration:blackandpurpleceramictilessteps,blackandpurpleceramictilessteps,doomsday_decoration-1.1.3-forge-1.20.1.jar,False
doomsday_decoration,doomsday_decoration:blackandpurpleceramictileswall,blackandpurpleceramictileswall,doomsday_decoration-1.1.3-forge-1.20.1.jar,False
doomsday_decoration,doomsday_decoration:blackandredceramictiles,blackandredceramictiles,doomsday_decoration-1.1.3-forge-1.20.1.jar,False
doomsday_decoration,doomsday_decoration:blackandredceramictilesstaircase,blackandredceramictilesstaircase,doomsday_decoration-1.1.3-forge-1.20.1.jar,True
doomsday_decoration,doomsday_decoration:blackandredceramictilessteps,blackandredceramictilessteps,doomsday_decoration-1.1.3-forge-1.20.1.jar,False
doomsday_decoration,doomsday_decoration:blackandredceramictileswall,blackandredceramictileswall,doomsday_decoration-1.1.3-forge-1.20.1.jar,False
doomsday_decoration,doomsday_decoration:blackandwhiteceramictiles,blackandwhiteceramictiles,doomsday_decoration-1.1.3-forge-1.20.1.jar,False
doomsday_decoration,doomsday_decoration:blackandwhiteceramictilestaircase,blackandwhiteceramictilestaircase,doomsday_decoration-1.1.3-forge-1.20.1.jar,True
doomsday_decoration,doomsday_decoration:blackandwhiteceramictilesteps,blackandwhiteceramictilesteps,doomsday_decoration-1.1.3-forge-1.20.1.jar,False
doomsday_decoration,doomsday_decoration:blackandwhiteporcelainbrickwall,blackandwhiteporcelainbrickwall,doomsday_decoration-1.1.3-forge-1.20.1.jar,False
doomsday_decoration,doomsday_decoration:blackboard,blackboard,doomsday_decoration-1.1.3-forge-1.20.1.jar,False
doomsday_decoration,doomsday_decoration:blackboard_10,blackboard_10,doomsday_decoration-1.1.3-forge-1.20.1.jar,False
doomsday_decoration,doomsday_decoration:blackboard_2,blackboard_2,doomsday_decoration-1.1.3-forge-1.20.1.jar,False
doomsday_decoration,doomsday_decoration:blackboard_3,blackboard_3,doomsday_decoration-1.1.3-forge-1.20.1.jar,False
doomsday_decoration,doomsday_decoration:blackboard_4,blackboard_4,doomsday_decoration-1.1.3-forge-1.20.1.jar,False
doomsday_decoration,doomsday_decoration:blackboard_5,blackboard_5,doomsday_decoration-1.1.3-forge-1.20.1.jar,False
doomsday_decoration,doomsday_decoration:blackboard_6,blackboard_6,doomsday_decoration-1.1.3-forge-1.20.1.jar,False
doomsday_decoration,doomsday_decoration:blackboard_7,blackboard_7,doomsday_decoration-1.1.3-forge-1.20.1.jar,False
doomsday_decoration,doomsday_decoration:blackboard_8,blackboard_8,doomsday_decoration-1.1.3-forge-1.20.1.jar,False
doomsday_decoration,doomsday_decoration:blackboard_9,blackboard_9,doomsday_decoration-1.1.3-forge-1.20.1.jar,False
doomsday_decoration,doomsday_decoration:blackcurtains,blackcurtains,doomsday_decoration-1.1.3-forge-1.20.1.jar,False
doomsday_decoration,doomsday_decoration:blackluggage,blackluggage,doomsday_decoration-1.1.3-forge-1.20.1.jar,False
doomsday_decoration,doomsday_decoration:blackpickuptruck,blackpickuptruck,doomsday_decoration-1.1.3-forge-1.20.1.jar,False
doomsday_decoration,doomsday_decoration:blackstaircase,blackstaircase,doomsday_decoration-1.1.3-forge-1.20.1.jar,True
doomsday_decoration,doomsday_decoration:blackstationwagon,blackstationwagon,doomsday_decoration-1.1.3-forge-1.20.1.jar,False
doomsday_decoration,doomsday_decoration:blacksteps,blacksteps,doomsday_decoration-1.1.3-forge-1.20.1.jar,False
doomsday_decoration,doomsday_decoration:blackvan_1,blackvan_1,doomsday_decoration-1.1.3-forge-1.20.1.jar,False
doomsday_decoration,doomsday_decoration:blackvan_2,blackvan_2,doomsday_decoration-1.1.3-forge-1.20.1.jar,False
doomsday_decoration,doomsday_decoration:blackwall,blackwall,doomsday_decoration-1.1.3-forge-1.20.1.jar,False
doomsday_decoration,doomsday_decoration:blindsidewalk,blindsidewalk,doomsday_decoration-1.1.3-forge-1.20.1.jar,False
doomsday_decoration,doomsday_decoration:blindsidewalk_2,blindsidewalk_2,doomsday_decoration-1.1.3-forge-1.20.1.jar,False
doomsday_decoration,doomsday_decoration:blindsidewalkstaircase,blindsidewalkstaircase,doomsday_decoration-1.1.3-forge-1.20.1.jar,True
doomsday_decoration,doomsday_decoration:blindsidewalkstaircase_2,blindsidewalkstaircase_2,doomsday_decoration-1.1.3-forge-1.20.1.jar,True
doomsday_decoration,doomsday_decoration:blindsidewalksteps,blindsidewalksteps,doomsday_decoration-1.1.3-forge-1.20.1.jar,False
doomsday_decoration,doomsday_decoration:blindsidewalksteps_2,blindsidewalksteps_2,doomsday_decoration-1.1.3-forge-1.20.1.jar,False
doomsday_decoration,doomsday_decoration:blindsidewalkwall,blindsidewalkwall,doomsday_decoration-1.1.3-forge-1.20.1.jar,False
doomsday_decoration,doomsday_decoration:blindsidewalkwall_2,blindsidewalkwall_2,doomsday_decoration-1.1.3-forge-1.20.1.jar,False
doomsday_decoration,doomsday_decoration:blood,blood,doomsday_decoration-1.1.3-forge-1.20.1.jar,False
doomsday_decoration,doomsday_decoration:blood_2,blood_2,doomsday_decoration-1.1.3-forge-1.20.1.jar,False
doomsday_decoration,doomsday_decoration:blood_3,blood_3,doomsday_decoration-1.1.3-forge-1.20.1.jar,False
doomsday_decoration,doomsday_decoration:blood_4,blood_4,doomsday_decoration-1.1.3-forge-1.20.1.jar,False
doomsday_decoration,doomsday_decoration:blood_5,blood_5,doomsday_decoration-1.1.3-forge-1.20.1.jar,False
doomsday_decoration,doomsday_decoration:blood_6,blood_6,doomsday_decoration-1.1.3-forge-1.20.1.jar,False
doomsday_decoration,doomsday_decoration:blue_jeep_1,blue_jeep_1,doomsday_decoration-1.1.3-forge-1.20.1.jar,False
doomsday_decoration,doomsday_decoration:blue_jeep_2,blue_jeep_2,doomsday_decoration-1.1.3-forge-1.20.1.jar,False
doomsday_decoration,doomsday_decoration:blueandblueceramictiles,blueandblueceramictiles,doomsday_decoration-1.1.3-forge-1.20.1.jar,False
doomsday_decoration,doomsday_decoration:blueandblueceramictilesstaircase,blueandblueceramictilesstaircase,doomsday_decoration-1.1.3-forge-1.20.1.jar,True
doomsday_decoration,doomsday_decoration:blueandblueceramictilessteps,blueandblueceramictilessteps,doomsday_decoration-1.1.3-forge-1.20.1.jar,False
doomsday_decoration,doomsday_decoration:blueandblueceramictileswall,blueandblueceramictileswall,doomsday_decoration-1.1.3-forge-1.20.1.jar,False
doomsday_decoration,doomsday_decoration:bluecurtains,bluecurtains,doomsday_decoration-1.1.3-forge-1.20.1.jar,False
doomsday_decoration,doomsday_decoration:blueluggage,blueluggage,doomsday_decoration-1.1.3-forge-1.20.1.jar,False
doomsday_decoration,doomsday_decoration:bluepickuptruck,bluepickuptruck,doomsday_decoration-1.1.3-forge-1.20.1.jar,False
doomsday_decoration,doomsday_decoration:bluepooltiles,bluepooltiles,doomsday_decoration-1.1.3-forge-1.20.1.jar,False
doomsday_decoration,doomsday_decoration:bluepooltiles_2,bluepooltiles_2,doomsday_decoration-1.1.3-forge-1.20.1.jar,False
doomsday_decoration,doomsday_decoration:bluepooltilesstaircase_2,bluepooltilesstaircase_2,doomsday_decoration-1.1.3-forge-1.20.1.jar,True
doomsday_decoration,doomsday_decoration:bluepooltilessteps_2,bluepooltilessteps_2,doomsday_decoration-1.1.3-forge-1.20.1.jar,False
doomsday_decoration,doomsday_decoration:bluepooltilestaircase,bluepooltilestaircase,doomsday_decoration-1.1.3-forge-1.20.1.jar,True
doomsday_decoration,doomsday_decoration:bluepooltilesteps,bluepooltilesteps,doomsday_decoration-1.1.3-forge-1.20.1.jar,False
doomsday_decoration,doomsday_decoration:bluepooltileswall_2,bluepooltileswall_2,doomsday_decoration-1.1.3-forge-1.20.1.jar,False
doomsday_decoration,doomsday_decoration:bluepooltilewall,bluepooltilewall,doomsday_decoration-1.1.3-forge-1.20.1.jar,False
doomsday_decoration,doomsday_decoration:bluestationwagon,bluestationwagon,doomsday_decoration-1.1.3-forge-1.20.1.jar,False
doomsday_decoration,doomsday_decoration:bluevan_1,bluevan_1,doomsday_decoration-1.1.3-forge-1.20.1.jar,False
doomsday_decoration,doomsday_decoration:bluevan_2,bluevan_2,doomsday_decoration-1.1.3-forge-1.20.1.jar,False
doomsday_decoration,doomsday_decoration:board,board,doomsday_decoration-1.1.3-forge-1.20.1.jar,False
doomsday_decoration,doomsday_decoration:bodybag,bodybag,doomsday_decoration-1.1.3-forge-1.20.1.jar,False
doomsday_decoration,doomsday_decoration:book,book,doomsday_decoration-1.1.3-forge-1.20.1.jar,False
doomsday_decoration,doomsday_decoration:bookpile,bookpile,doomsday_decoration-1.1.3-forge-1.20.1.jar,False
doomsday_decoration,doomsday_decoration:bookpile_2,bookpile_2,doomsday_decoration-1.1.3-forge-1.20.1.jar,False
doomsday_decoration,doomsday_decoration:bottle,bottle,doomsday_decoration-1.1.3-forge-1.20.1.jar,False
doomsday_decoration,doomsday_decoration:bottle_2,bottle_2,doomsday_decoration-1.1.3-forge-1.20.1.jar,False
doomsday_decoration,doomsday_decoration:brickwall,brickwall,doomsday_decoration-1.1.3-forge-1.20.1.jar,False
doomsday_decoration,doomsday_decoration:brickwallstaircase,brickwallstaircase,doomsday_decoration-1.1.3-forge-1.20.1.jar,True
doomsday_decoration,doomsday_decoration:brickwallsteps,brickwallsteps,doomsday_decoration-1.1.3-forge-1.20.1.jar,False
doomsday_decoration,doomsday_decoration:brickwallwall,brickwallwall,doomsday_decoration-1.1.3-forge-1.20.1.jar,False
doomsday_decoration,doomsday_decoration:broadcast,broadcast,doomsday_decoration-1.1.3-forge-1.20.1.jar,False
doomsday_decoration,doomsday_decoration:broadcaster,broadcaster,doomsday_decoration-1.1.3-forge-1.20.1.jar,False
doomsday_decoration,doomsday_decoration:brown_jeep_1,brown_jeep_1,doomsday_decoration-1.1.3-forge-1.20.1.jar,False
doomsday_decoration,doomsday_decoration:brown_jeep_2,brown_jeep_2,doomsday_decoration-1.1.3-forge-1.20.1.jar,False
doomsday_decoration,doomsday_decoration:brownandyellowceramictiles,brownandyellowceramictiles,doomsday_decoration-1.1.3-forge-1.20.1.jar,False
doomsday_decoration,doomsday_decoration:brownandyellowceramictilesstaircase,brownandyellowceramictilesstaircase,doomsday_decoration-1.1.3-forge-1.20.1.jar,True
doomsday_decoration,doomsday_decoration:brownandyellowceramictilessteps,brownandyellowceramictilessteps,doomsday_decoration-1.1.3-forge-1.20.1.jar,False
doomsday_decoration,doomsday_decoration:brownandyellowceramictileswall,brownandyellowceramictileswall,doomsday_decoration-1.1.3-forge-1.20.1.jar,False
doomsday_decoration,doomsday_decoration:browning_m_2,browning_m_2,doomsday_decoration-1.1.3-forge-1.20.1.jar,False
doomsday_decoration,doomsday_decoration:brownpickuptruck,brownpickuptruck,doomsday_decoration-1.1.3-forge-1.20.1.jar,False
doomsday_decoration,doomsday_decoration:bucket,bucket,doomsday_decoration-1.1.3-forge-1.20.1.jar,False
doomsday_decoration,doomsday_decoration:bullethole,bullethole,doomsday_decoration-1.1.3-forge-1.20.1.jar,False
doomsday_decoration,doomsday_decoration:bus_stop_board,bus_stop_board,doomsday_decoration-1.1.3-forge-1.20.1.jar,False
doomsday_decoration,doomsday_decoration:cabinet,cabinet,doomsday_decoration-1.1.3-forge-1.20.1.jar,True
doomsday_decoration,doomsday_decoration:cabinet_2,cabinet_2,doomsday_decoration-1.1.3-forge-1.20.1.jar,True
doomsday_decoration,doomsday_decoration:cabinet_3,cabinet_3,doomsday_decoration-1.1.3-forge-1.20.1.jar,True
doomsday_decoration,doomsday_decoration:calendar,calendar,doomsday_decoration-1.1.3-forge-1.20.1.jar,False
doomsday_decoration,doomsday_decoration:calendar_2,calendar_2,doomsday_decoration-1.1.3-forge-1.20.1.jar,False
doomsday_decoration,doomsday_decoration:cart,cart,doomsday_decoration-1.1.3-forge-1.20.1.jar,False
doomsday_decoration,doomsday_decoration:cart_2,cart_2,doomsday_decoration-1.1.3-forge-1.20.1.jar,False
doomsday_decoration,doomsday_decoration:carton,carton,doomsday_decoration-1.1.3-forge-1.20.1.jar,False
doomsday_decoration,doomsday_decoration:carton_2,carton_2,doomsday_decoration-1.1.3-forge-1.20.1.jar,False
doomsday_decoration,doomsday_decoration:carton_3,carton_3,doomsday_decoration-1.1.3-forge-1.20.1.jar,False
doomsday_decoration,doomsday_decoration:carvedwoodenboard,carvedwoodenboard,doomsday_decoration-1.1.3-forge-1.20.1.jar,False
doomsday_decoration,doomsday_decoration:carvedwoodenboardstaircase,carvedwoodenboardstaircase,doomsday_decoration-1.1.3-forge-1.20.1.jar,True
doomsday_decoration,doomsday_decoration:carvedwoodenboardsteps,carvedwoodenboardsteps,doomsday_decoration-1.1.3-forge-1.20.1.jar,False
doomsday_decoration,doomsday_decoration:carvedwoodenboardwall,carvedwoodenboardwall,doomsday_decoration-1.1.3-forge-1.20.1.jar,False
doomsday_decoration,doomsday_decoration:cashregister,cashregister,doomsday_decoration-1.1.3-forge-1.20.1.jar,False
doomsday_decoration,doomsday_decoration:caution_wet_floor,caution_wet_floor,doomsday_decoration-1.1.3-forge-1.20.1.jar,False
doomsday_decoration,doomsday_decoration:ceiling,ceiling,doomsday_decoration-1.1.3-forge-1.20.1.jar,False
doomsday_decoration,doomsday_decoration:ceiling_steps,ceiling_steps,doomsday_decoration-1.1.3-forge-1.20.1.jar,False
doomsday_decoration,doomsday_decoration:ceilingfan,ceilingfan,doomsday_decoration-1.1.3-forge-1.20.1.jar,False
doomsday_decoration,doomsday_decoration:ceilingstaircase,ceilingstaircase,doomsday_decoration-1.1.3-forge-1.20.1.jar,True
doomsday_decoration,doomsday_decoration:cement,cement,doomsday_decoration-1.1.3-forge-1.20.1.jar,False
doomsday_decoration,doomsday_decoration:cement_2,cement_2,doomsday_decoration-1.1.3-forge-1.20.1.jar,False
doomsday_decoration,doomsday_decoration:cementstaircase,cementstaircase,doomsday_decoration-1.1.3-forge-1.20.1.jar,True
doomsday_decoration,doomsday_decoration:cementstaircase_2,cementstaircase_2,doomsday_decoration-1.1.3-forge-1.20.1.jar,True
doomsday_decoration,doomsday_decoration:cementsteps,cementsteps,doomsday_decoration-1.1.3-forge-1.20.1.jar,False
doomsday_decoration,doomsday_decoration:cementsteps_2,cementsteps_2,doomsday_decoration-1.1.3-forge-1.20.1.jar,False
doomsday_decoration,doomsday_decoration:cementwall,cementwall,doomsday_decoration-1.1.3-forge-1.20.1.jar,False
doomsday_decoration,doomsday_decoration:cementwall_2,cementwall_2,doomsday_decoration-1.1.3-forge-1.20.1.jar,False
doomsday_decoration,doomsday_decoration:centralairconditioning,centralairconditioning,doomsday_decoration-1.1.3-forge-1.20.1.jar,False
doomsday_decoration,doomsday_decoration:centralairconditioning_2,centralairconditioning_2,doomsday_decoration-1.1.3-forge-1.20.1.jar,False
doomsday_decoration,doomsday_decoration:centrifuge,centrifuge,doomsday_decoration-1.1.3-forge-1.20.1.jar,False
doomsday_decoration,doomsday_decoration:chair,chair,doomsday_decoration-1.1.3-forge-1.20.1.jar,False
doomsday_decoration,doomsday_decoration:chalk,chalk,doomsday_decoration-1.1.3-forge-1.20.1.jar,False
doomsday_decoration,doomsday_decoration:chemicalprotectiveclothing,chemicalprotectiveclothing,doomsday_decoration-1.1.3-forge-1.20.1.jar,False
doomsday_decoration,doomsday_decoration:chemicalprotectiveclothing_2,chemicalprotectiveclothing_2,doomsday_decoration-1.1.3-forge-1.20.1.jar,False
doomsday_decoration,doomsday_decoration:classroomchairs,classroomchairs,doomsday_decoration-1.1.3-forge-1.20.1.jar,False
doomsday_decoration,doomsday_decoration:classroomdesk,classroomdesk,doomsday_decoration-1.1.3-forge-1.20.1.jar,True
doomsday_decoration,doomsday_decoration:closestool,closestool,doomsday_decoration-1.1.3-forge-1.20.1.jar,False
doomsday_decoration,doomsday_decoration:coffee,coffee,doomsday_decoration-1.1.3-forge-1.20.1.jar,False
doomsday_decoration,doomsday_decoration:coffee_machine,coffee_machine,doomsday_decoration-1.1.3-forge-1.20.1.jar,False
doomsday_decoration,doomsday_decoration:companion_block,companion_block,doomsday_decoration-1.1.3-forge-1.20.1.jar,False
doomsday_decoration,doomsday_decoration:constanttemperatureincubator,constanttemperatureincubator,doomsday_decoration-1.1.3-forge-1.20.1.jar,False
doomsday_decoration,doomsday_decoration:corkboard,corkboard,doomsday_decoration-1.1.3-forge-1.20.1.jar,False
doomsday_decoration,doomsday_decoration:cornerguardrail,cornerguardrail,doomsday_decoration-1.1.3-forge-1.20.1.jar,False
doomsday_decoration,doomsday_decoration:cornerironmesh,cornerironmesh,doomsday_decoration-1.1.3-forge-1.20.1.jar,False
doomsday_decoration,doomsday_decoration:cornerlamppost,cornerlamppost,doomsday_decoration-1.1.3-forge-1.20.1.jar,False
doomsday_decoration,doomsday_decoration:cornerventilationduct,cornerventilationduct,doomsday_decoration-1.1.3-forge-1.20.1.jar,False
doomsday_decoration,doomsday_decoration:cornerventilationduct_2,cornerventilationduct_2,doomsday_decoration-1.1.3-forge-1.20.1.jar,False
doomsday_decoration,doomsday_decoration:cornerwaterpipe_1,cornerwaterpipe_1,doomsday_decoration-1.1.3-forge-1.20.1.jar,False
doomsday_decoration,doomsday_decoration:cornerwaterpipe_2,cornerwaterpipe_2,doomsday_decoration-1.1.3-forge-1.20.1.jar,False
doomsday_decoration,doomsday_decoration:cornerwaterpipe_3,cornerwaterpipe_3,doomsday_decoration-1.1.3-forge-1.20.1.jar,False
doomsday_decoration,doomsday_decoration:cornerwaterpipe_4,cornerwaterpipe_4,doomsday_decoration-1.1.3-forge-1.20.1.jar,False
doomsday_decoration,doomsday_decoration:cornerwiremesh,cornerwiremesh,doomsday_decoration-1.1.3-forge-1.20.1.jar,False
doomsday_decoration,doomsday_decoration:crack,crack,doomsday_decoration-1.1.3-forge-1.20.1.jar,False
doomsday_decoration,doomsday_decoration:crt,crt,doomsday_decoration-1.1.3-forge-1.20.1.jar,False
doomsday_decoration,doomsday_decoration:crt_2,crt_2,doomsday_decoration-1.1.3-forge-1.20.1.jar,False
doomsday_decoration,doomsday_decoration:crt_3,crt_3,doomsday_decoration-1.1.3-forge-1.20.1.jar,False
doomsday_decoration,doomsday_decoration:cup,cup,doomsday_decoration-1.1.3-forge-1.20.1.jar,False
doomsday_decoration,doomsday_decoration:cup_2,cup_2,doomsday_decoration-1.1.3-forge-1.20.1.jar,False
doomsday_decoration,doomsday_decoration:damageddoor_101,damageddoor_101,doomsday_decoration-1.1.3-forge-1.20.1.jar,False
doomsday_decoration,doomsday_decoration:damageddoor_102,damageddoor_102,doomsday_decoration-1.1.3-forge-1.20.1.jar,False
doomsday_decoration,doomsday_decoration:damageddoor_111,damageddoor_111,doomsday_decoration-1.1.3-forge-1.20.1.jar,False
doomsday_decoration,doomsday_decoration:damageddoor_112,damageddoor_112,doomsday_decoration-1.1.3-forge-1.20.1.jar,False
doomsday_decoration,doomsday_decoration:damageddoor_121,damageddoor_121,doomsday_decoration-1.1.3-forge-1.20.1.jar,False
doomsday_decoration,doomsday_decoration:damageddoor_122,damageddoor_122,doomsday_decoration-1.1.3-forge-1.20.1.jar,False
doomsday_decoration,doomsday_decoration:damageddoor_131,damageddoor_131,doomsday_decoration-1.1.3-forge-1.20.1.jar,False
doomsday_decoration,doomsday_decoration:damageddoor_132,damageddoor_132,doomsday_decoration-1.1.3-forge-1.20.1.jar,False
doomsday_decoration,doomsday_decoration:damageddoor_141,damageddoor_141,doomsday_decoration-1.1.3-forge-1.20.1.jar,False
doomsday_decoration,doomsday_decoration:damageddoor_142,damageddoor_142,doomsday_decoration-1.1.3-forge-1.20.1.jar,False
doomsday_decoration,doomsday_decoration:damageddoor_151,damageddoor_151,doomsday_decoration-1.1.3-forge-1.20.1.jar,False
doomsday_decoration,doomsday_decoration:damageddoor_152,damageddoor_152,doomsday_decoration-1.1.3-forge-1.20.1.jar,False
doomsday_decoration,doomsday_decoration:damageddoor_161,damageddoor_161,doomsday_decoration-1.1.3-forge-1.20.1.jar,False
doomsday_decoration,doomsday_decoration:damageddoor_162,damageddoor_162,doomsday_decoration-1.1.3-forge-1.20.1.jar,False
doomsday_decoration,doomsday_decoration:damageddoor_21,damageddoor_21,doomsday_decoration-1.1.3-forge-1.20.1.jar,False
doomsday_decoration,doomsday_decoration:damageddoor_22,damageddoor_22,doomsday_decoration-1.1.3-forge-1.20.1.jar,False
doomsday_decoration,doomsday_decoration:damageddoor_31,damageddoor_31,doomsday_decoration-1.1.3-forge-1.20.1.jar,False
doomsday_decoration,doomsday_decoration:damageddoor_32,damageddoor_32,doomsday_decoration-1.1.3-forge-1.20.1.jar,False
doomsday_decoration,doomsday_decoration:damageddoor_41,damageddoor_41,doomsday_decoration-1.1.3-forge-1.20.1.jar,False
doomsday_decoration,doomsday_decoration:damageddoor_42,damageddoor_42,doomsday_decoration-1.1.3-forge-1.20.1.jar,False
doomsday_decoration,doomsday_decoration:damageddoor_51,damageddoor_51,doomsday_decoration-1.1.3-forge-1.20.1.jar,False
doomsday_decoration,doomsday_decoration:damageddoor_52,damageddoor_52,doomsday_decoration-1.1.3-forge-1.20.1.jar,False
doomsday_decoration,doomsday_decoration:damageddoor_61,damageddoor_61,doomsday_decoration-1.1.3-forge-1.20.1.jar,False
doomsday_decoration,doomsday_decoration:damageddoor_62,damageddoor_62,doomsday_decoration-1.1.3-forge-1.20.1.jar,False
doomsday_decoration,doomsday_decoration:damageddoor_71,damageddoor_71,doomsday_decoration-1.1.3-forge-1.20.1.jar,False
doomsday_decoration,doomsday_decoration:damageddoor_72,damageddoor_72,doomsday_decoration-1.1.3-forge-1.20.1.jar,False
doomsday_decoration,doomsday_decoration:damageddoor_81,damageddoor_81,doomsday_decoration-1.1.3-forge-1.20.1.jar,False
doomsday_decoration,doomsday_decoration:damageddoor_82,damageddoor_82,doomsday_decoration-1.1.3-forge-1.20.1.jar,False
doomsday_decoration,doomsday_decoration:damageddoor_91,damageddoor_91,doomsday_decoration-1.1.3-forge-1.20.1.jar,False
doomsday_decoration,doomsday_decoration:damageddoor_92,damageddoor_92,doomsday_decoration-1.1.3-forge-1.20.1.jar,False
doomsday_decoration,doomsday_decoration:damagedoor_11,damagedoor_11,doomsday_decoration-1.1.3-forge-1.20.1.jar,False
doomsday_decoration,doomsday_decoration:damagedoor_12,damagedoor_12,doomsday_decoration-1.1.3-forge-1.20.1.jar,False
doomsday_decoration,doomsday_decoration:desk,desk,doomsday_decoration-1.1.3-forge-1.20.1.jar,True
doomsday_decoration,doomsday_decoration:desk_2,desk_2,doomsday_decoration-1.1.3-forge-1.20.1.jar,True
doomsday_decoration,doomsday_decoration:desk_3,desk_3,doomsday_decoration-1.1.3-forge-1.20.1.jar,True
doomsday_decoration,doomsday_decoration:discard_bluevan_1,discard_bluevan_1,doomsday_decoration-1.1.3-forge-1.20.1.jar,False
doomsday_decoration,doomsday_decoration:discard_bluevan_2,discard_bluevan_2,doomsday_decoration-1.1.3-forge-1.20.1.jar,False
doomsday_decoration,doomsday_decoration:discard_redvan_1,discard_redvan_1,doomsday_decoration-1.1.3-forge-1.20.1.jar,False
doomsday_decoration,doomsday_decoration:discard_redvan_2,discard_redvan_2,doomsday_decoration-1.1.3-forge-1.20.1.jar,False
doomsday_decoration,doomsday_decoration:discard_white_jeep_1,discard_white_jeep_1,doomsday_decoration-1.1.3-forge-1.20.1.jar,False
doomsday_decoration,doomsday_decoration:discard_white_jeep_2,discard_white_jeep_2,doomsday_decoration-1.1.3-forge-1.20.1.jar,False
doomsday_decoration,doomsday_decoration:discardblackcar_1,discardblackcar_1,doomsday_decoration-1.1.3-forge-1.20.1.jar,False
doomsday_decoration,doomsday_decoration:discardblackcar_2,discardblackcar_2,doomsday_decoration-1.1.3-forge-1.20.1.jar,False
doomsday_decoration,doomsday_decoration:discardblackjeep_1,discardblackjeep_1,doomsday_decoration-1.1.3-forge-1.20.1.jar,False
doomsday_decoration,doomsday_decoration:discardblackjeep_2,discardblackjeep_2,doomsday_decoration-1.1.3-forge-1.20.1.jar,False
doomsday_decoration,doomsday_decoration:discardblackpickuptruck,discardblackpickuptruck,doomsday_decoration-1.1.3-forge-1.20.1.jar,False
doomsday_decoration,doomsday_decoration:discardblackstationwagon,discardblackstationwagon,doomsday_decoration-1.1.3-forge-1.20.1.jar,False
doomsday_decoration,doomsday_decoration:discardblackvan_1,discardblackvan_1,doomsday_decoration-1.1.3-forge-1.20.1.jar,False
doomsday_decoration,doomsday_decoration:discardblackvan_2,discardblackvan_2,doomsday_decoration-1.1.3-forge-1.20.1.jar,False
doomsday_decoration,doomsday_decoration:discardbluecar_1,discardbluecar_1,doomsday_decoration-1.1.3-forge-1.20.1.jar,False
doomsday_decoration,doomsday_decoration:discardbluecar_2,discardbluecar_2,doomsday_decoration-1.1.3-forge-1.20.1.jar,False
doomsday_decoration,doomsday_decoration:discardbluejeep_1,discardbluejeep_1,doomsday_decoration-1.1.3-forge-1.20.1.jar,False
doomsday_decoration,doomsday_decoration:discardbluejeep_2,discardbluejeep_2,doomsday_decoration-1.1.3-forge-1.20.1.jar,False
doomsday_decoration,doomsday_decoration:discardbluepickuptruck,discardbluepickuptruck,doomsday_decoration-1.1.3-forge-1.20.1.jar,False
doomsday_decoration,doomsday_decoration:discardbluestationwagon,discardbluestationwagon,doomsday_decoration-1.1.3-forge-1.20.1.jar,False
doomsday_decoration,doomsday_decoration:discardbrownjeep_1,discardbrownjeep_1,doomsday_decoration-1.1.3-forge-1.20.1.jar,False
doomsday_decoration,doomsday_decoration:discardbrownjeep_2,discardbrownjeep_2,doomsday_decoration-1.1.3-forge-1.20.1.jar,False
doomsday_decoration,doomsday_decoration:discardbrownpickuptruck,discardbrownpickuptruck,doomsday_decoration-1.1.3-forge-1.20.1.jar,False
doomsday_decoration,doomsday_decoration:discardgreencar_1,discardgreencar_1,doomsday_decoration-1.1.3-forge-1.20.1.jar,False
doomsday_decoration,doomsday_decoration:discardgreencar_2,discardgreencar_2,doomsday_decoration-1.1.3-forge-1.20.1.jar,False
doomsday_decoration,doomsday_decoration:discardgreenjeep_1,discardgreenjeep_1,doomsday_decoration-1.1.3-forge-1.20.1.jar,False
doomsday_decoration,doomsday_decoration:discardgreenjeep_2,discardgreenjeep_2,doomsday_decoration-1.1.3-forge-1.20.1.jar,False
doomsday_decoration,doomsday_decoration:discardgreenpickuptruck,discardgreenpickuptruck,doomsday_decoration-1.1.3-forge-1.20.1.jar,False
doomsday_decoration,doomsday_decoration:discardgreenstationwagon,discardgreenstationwagon,doomsday_decoration-1.1.3-forge-1.20.1.jar,False
doomsday_decoration,doomsday_decoration:discardgreenvan_1,discardgreenvan_1,doomsday_decoration-1.1.3-forge-1.20.1.jar,False
doomsday_decoration,doomsday_decoration:discardgreenvan_2,discardgreenvan_2,doomsday_decoration-1.1.3-forge-1.20.1.jar,False
doomsday_decoration,doomsday_decoration:discardgreycar_1,discardgreycar_1,doomsday_decoration-1.1.3-forge-1.20.1.jar,False
doomsday_decoration,doomsday_decoration:discardgreycar_2,discardgreycar_2,doomsday_decoration-1.1.3-forge-1.20.1.jar,False
doomsday_decoration,doomsday_decoration:discardgreyjeep_1,discardgreyjeep_1,doomsday_decoration-1.1.3-forge-1.20.1.jar,False
doomsday_decoration,doomsday_decoration:discardgreyjeep_2,discardgreyjeep_2,doomsday_decoration-1.1.3-forge-1.20.1.jar,False
doomsday_decoration,doomsday_decoration:discardgreypickuptruck,discardgreypickuptruck,doomsday_decoration-1.1.3-forge-1.20.1.jar,False
doomsday_decoration,doomsday_decoration:discardgreystationwagon,discardgreystationwagon,doomsday_decoration-1.1.3-forge-1.20.1.jar,False
doomsday_decoration,doomsday_decoration:discardgreyvan_1,discardgreyvan_1,doomsday_decoration-1.1.3-forge-1.20.1.jar,False
doomsday_decoration,doomsday_decoration:discardgreyvan_2,discardgreyvan_2,doomsday_decoration-1.1.3-forge-1.20.1.jar,False
doomsday_decoration,doomsday_decoration:discardkhakicar_1,discardkhakicar_1,doomsday_decoration-1.1.3-forge-1.20.1.jar,False
doomsday_decoration,doomsday_decoration:discardkhakicar_2,discardkhakicar_2,doomsday_decoration-1.1.3-forge-1.20.1.jar,False
doomsday_decoration,doomsday_decoration:discardkhakistationwagon,discardkhakistationwagon,doomsday_decoration-1.1.3-forge-1.20.1.jar,False
doomsday_decoration,doomsday_decoration:discardpolicecar_1,discardpolicecar_1,doomsday_decoration-1.1.3-forge-1.20.1.jar,False
doomsday_decoration,doomsday_decoration:discardpolicecar_2,discardpolicecar_2,doomsday_decoration-1.1.3-forge-1.20.1.jar,False
doomsday_decoration,doomsday_decoration:discardpolicecar_3,discardpolicecar_3,doomsday_decoration-1.1.3-forge-1.20.1.jar,False
doomsday_decoration,doomsday_decoration:discardpolicecar_4,discardpolicecar_4,doomsday_decoration-1.1.3-forge-1.20.1.jar,False
doomsday_decoration,doomsday_decoration:discardredcar_1,discardredcar_1,doomsday_decoration-1.1.3-forge-1.20.1.jar,False
doomsday_decoration,doomsday_decoration:discardredcar_2,discardredcar_2,doomsday_decoration-1.1.3-forge-1.20.1.jar,False
doomsday_decoration,doomsday_decoration:discardredjeep_1,discardredjeep_1,doomsday_decoration-1.1.3-forge-1.20.1.jar,False
doomsday_decoration,doomsday_decoration:discardredjeep_2,discardredjeep_2,doomsday_decoration-1.1.3-forge-1.20.1.jar,False
doomsday_decoration,doomsday_decoration:discardredpickuptruck,discardredpickuptruck,doomsday_decoration-1.1.3-forge-1.20.1.jar,False
doomsday_decoration,doomsday_decoration:discardredstationwagon,discardredstationwagon,doomsday_decoration-1.1.3-forge-1.20.1.jar,False
doomsday_decoration,doomsday_decoration:discardwhitecar_1,discardwhitecar_1,doomsday_decoration-1.1.3-forge-1.20.1.jar,False
doomsday_decoration,doomsday_decoration:discardwhitecar_2,discardwhitecar_2,doomsday_decoration-1.1.3-forge-1.20.1.jar,False
doomsday_decoration,doomsday_decoration:discardwhitepickuptruck,discardwhitepickuptruck,doomsday_decoration-1.1.3-forge-1.20.1.jar,False
doomsday_decoration,doomsday_decoration:discardwhitestationwagon,discardwhitestationwagon,doomsday_decoration-1.1.3-forge-1.20.1.jar,False
doomsday_decoration,doomsday_decoration:discardwhitevan_1,discardwhitevan_1,doomsday_decoration-1.1.3-forge-1.20.1.jar,False
doomsday_decoration,doomsday_decoration:discardwhitevan_2,discardwhitevan_2,doomsday_decoration-1.1.3-forge-1.20.1.jar,False
doomsday_decoration,doomsday_decoration:discardyellowvan_1,discardyellowvan_1,doomsday_decoration-1.1.3-forge-1.20.1.jar,False
doomsday_decoration,doomsday_decoration:discardyellowvan_2,discardyellowvan_2,doomsday_decoration-1.1.3-forge-1.20.1.jar,False
doomsday_decoration,doomsday_decoration:dolly,dolly,doomsday_decoration-1.1.3-forge-1.20.1.jar,False
doomsday_decoration,doomsday_decoration:door_1,door_1,doomsday_decoration-1.1.3-forge-1.20.1.jar,False
doomsday_decoration,doomsday_decoration:door_10,door_10,doomsday_decoration-1.1.3-forge-1.20.1.jar,False
doomsday_decoration,doomsday_decoration:door_11,door_11,doomsday_decoration-1.1.3-forge-1.20.1.jar,False
doomsday_decoration,doomsday_decoration:door_12,door_12,doomsday_decoration-1.1.3-forge-1.20.1.jar,False
doomsday_decoration,doomsday_decoration:door_13,door_13,doomsday_decoration-1.1.3-forge-1.20.1.jar,False
doomsday_decoration,doomsday_decoration:door_14,door_14,doomsday_decoration-1.1.3-forge-1.20.1.jar,False
doomsday_decoration,doomsday_decoration:door_15,door_15,doomsday_decoration-1.1.3-forge-1.20.1.jar,False
doomsday_decoration,doomsday_decoration:door_16,door_16,doomsday_decoration-1.1.3-forge-1.20.1.jar,False
doomsday_decoration,doomsday_decoration:door_2,door_2,doomsday_decoration-1.1.3-forge-1.20.1.jar,False
doomsday_decoration,doomsday_decoration:door_3,door_3,doomsday_decoration-1.1.3-forge-1.20.1.jar,False
doomsday_decoration,doomsday_decoration:door_4,door_4,doomsday_decoration-1.1.3-forge-1.20.1.jar,False
doomsday_decoration,doomsday_decoration:door_5,door_5,doomsday_decoration-1.1.3-forge-1.20.1.jar,False
doomsday_decoration,doomsday_decoration:door_6,door_6,doomsday_decoration-1.1.3-forge-1.20.1.jar,False
doomsday_decoration,doomsday_decoration:door_7,door_7,doomsday_decoration-1.1.3-forge-1.20.1.jar,False
doomsday_decoration,doomsday_decoration:door_8,door_8,doomsday_decoration-1.1.3-forge-1.20.1.jar,False
doomsday_decoration,doomsday_decoration:door_9,door_9,doomsday_decoration-1.1.3-forge-1.20.1.jar,False
doomsday_decoration,doomsday_decoration:draw,draw,doomsday_decoration-1.1.3-forge-1.20.1.jar,False
doomsday_decoration,doomsday_decoration:draw_2,draw_2,doomsday_decoration-1.1.3-forge-1.20.1.jar,False
doomsday_decoration,doomsday_decoration:draw_3,draw_3,doomsday_decoration-1.1.3-forge-1.20.1.jar,False
doomsday_decoration,doomsday_decoration:draw_4,draw_4,doomsday_decoration-1.1.3-forge-1.20.1.jar,False
doomsday_decoration,doomsday_decoration:draw_5,draw_5,doomsday_decoration-1.1.3-forge-1.20.1.jar,False
doomsday_decoration,doomsday_decoration:drug,drug,doomsday_decoration-1.1.3-forge-1.20.1.jar,False
doomsday_decoration,doomsday_decoration:dummymodel,dummymodel,doomsday_decoration-1.1.3-forge-1.20.1.jar,False
doomsday_decoration,doomsday_decoration:electricbox,electricbox,doomsday_decoration-1.1.3-forge-1.20.1.jar,False
doomsday_decoration,doomsday_decoration:electricoven,electricoven,doomsday_decoration-1.1.3-forge-1.20.1.jar,False
doomsday_decoration,doomsday_decoration:emptytesttuberack,emptytesttuberack,doomsday_decoration-1.1.3-forge-1.20.1.jar,False
doomsday_decoration,doomsday_decoration:error,error,doomsday_decoration-1.1.3-forge-1.20.1.jar,False
doomsday_decoration,doomsday_decoration:error_carpet,error_carpet,doomsday_decoration-1.1.3-forge-1.20.1.jar,False
doomsday_decoration,doomsday_decoration:error_pane,error_pane,doomsday_decoration-1.1.3-forge-1.20.1.jar,False
doomsday_decoration,doomsday_decoration:error_trap_door,error_trap_door,doomsday_decoration-1.1.3-forge-1.20.1.jar,False
doomsday_decoration,doomsday_decoration:errorbutton,errorbutton,doomsday_decoration-1.1.3-forge-1.20.1.jar,False
doomsday_decoration,doomsday_decoration:errordoor,errordoor,doomsday_decoration-1.1.3-forge-1.20.1.jar,False
doomsday_decoration,doomsday_decoration:errorfence,errorfence,doomsday_decoration-1.1.3-forge-1.20.1.jar,False
doomsday_decoration,doomsday_decoration:errorfencegate,errorfencegate,doomsday_decoration-1.1.3-forge-1.20.1.jar,False
doomsday_decoration,doomsday_decoration:errorpressureplate,errorpressureplate,doomsday_decoration-1.1.3-forge-1.20.1.jar,False
doomsday_decoration,doomsday_decoration:errorstaircase,errorstaircase,doomsday_decoration-1.1.3-forge-1.20.1.jar,True
doomsday_decoration,doomsday_decoration:errorsteps,errorsteps,doomsday_decoration-1.1.3-forge-1.20.1.jar,False
doomsday_decoration,doomsday_decoration:errorwall,errorwall,doomsday_decoration-1.1.3-forge-1.20.1.jar,False
doomsday_decoration,doomsday_decoration:escalator,escalator,doomsday_decoration-1.1.3-forge-1.20.1.jar,False
doomsday_decoration,doomsday_decoration:exhaustfan,exhaustfan,doomsday_decoration-1.1.3-forge-1.20.1.jar,False
doomsday_decoration,doomsday_decoration:exit,exit,doomsday_decoration-1.1.3-forge-1.20.1.jar,False
doomsday_decoration,doomsday_decoration:exit_2,exit_2,doomsday_decoration-1.1.3-forge-1.20.1.jar,False
doomsday_decoration,doomsday_decoration:exit_3,exit_3,doomsday_decoration-1.1.3-forge-1.20.1.jar,False
doomsday_decoration,doomsday_decoration:extractor,extractor,doomsday_decoration-1.1.3-forge-1.20.1.jar,False
doomsday_decoration,doomsday_decoration:fan,fan,doomsday_decoration-1.1.3-forge-1.20.1.jar,False
doomsday_decoration,doomsday_decoration:fan_2,fan_2,doomsday_decoration-1.1.3-forge-1.20.1.jar,False
doomsday_decoration,doomsday_decoration:female_toiletsigns,female_toiletsigns,doomsday_decoration-1.1.3-forge-1.20.1.jar,False
doomsday_decoration,doomsday_decoration:female_toiletsigns_2,female_toiletsigns_2,doomsday_decoration-1.1.3-forge-1.20.1.jar,False
doomsday_decoration,doomsday_decoration:fire_extinguisher,fire_extinguisher,doomsday_decoration-1.1.3-forge-1.20.1.jar,False
doomsday_decoration,doomsday_decoration:fire_hydrant,fire_hydrant,doomsday_decoration-1.1.3-forge-1.20.1.jar,False
doomsday_decoration,doomsday_decoration:firehydrant_2,firehydrant_2,doomsday_decoration-1.1.3-forge-1.20.1.jar,False
doomsday_decoration,doomsday_decoration:firstaidkit,firstaidkit,doomsday_decoration-1.1.3-forge-1.20.1.jar,False
doomsday_decoration,doomsday_decoration:fixedgenerator,fixedgenerator,doomsday_decoration-1.1.3-forge-1.20.1.jar,False
doomsday_decoration,doomsday_decoration:flask,flask,doomsday_decoration-1.1.3-forge-1.20.1.jar,False
doomsday_decoration,doomsday_decoration:floodlight,floodlight,doomsday_decoration-1.1.3-forge-1.20.1.jar,False
doomsday_decoration,doomsday_decoration:floodlight_2,floodlight_2,doomsday_decoration-1.1.3-forge-1.20.1.jar,False
doomsday_decoration,doomsday_decoration:floodlight_3,floodlight_3,doomsday_decoration-1.1.3-forge-1.20.1.jar,False
doomsday_decoration,doomsday_decoration:floodlight_4,floodlight_4,doomsday_decoration-1.1.3-forge-1.20.1.jar,False
doomsday_decoration,doomsday_decoration:floodlight_5,floodlight_5,doomsday_decoration-1.1.3-forge-1.20.1.jar,False
doomsday_decoration,doomsday_decoration:floodlight_6,floodlight_6,doomsday_decoration-1.1.3-forge-1.20.1.jar,False
doomsday_decoration,doomsday_decoration:floor,floor,doomsday_decoration-1.1.3-forge-1.20.1.jar,False
doomsday_decoration,doomsday_decoration:floorstairs,floorstairs,doomsday_decoration-1.1.3-forge-1.20.1.jar,False
doomsday_decoration,doomsday_decoration:floorsteps,floorsteps,doomsday_decoration-1.1.3-forge-1.20.1.jar,False
doomsday_decoration,doomsday_decoration:floortiles,floortiles,doomsday_decoration-1.1.3-forge-1.20.1.jar,False
doomsday_decoration,doomsday_decoration:floortilestaircase,floortilestaircase,doomsday_decoration-1.1.3-forge-1.20.1.jar,True
doomsday_decoration,doomsday_decoration:floortilesteps,floortilesteps,doomsday_decoration-1.1.3-forge-1.20.1.jar,False
doomsday_decoration,doomsday_decoration:fluorescentlamp_1,fluorescentlamp_1,doomsday_decoration-1.1.3-forge-1.20.1.jar,False
doomsday_decoration,doomsday_decoration:fluorescentlamp_2,fluorescentlamp_2,doomsday_decoration-1.1.3-forge-1.20.1.jar,False
doomsday_decoration,doomsday_decoration:fluorescentlamp_3,fluorescentlamp_3,doomsday_decoration-1.1.3-forge-1.20.1.jar,False
doomsday_decoration,doomsday_decoration:folder_1,folder_1,doomsday_decoration-1.1.3-forge-1.20.1.jar,False
doomsday_decoration,doomsday_decoration:folder_2,folder_2,doomsday_decoration-1.1.3-forge-1.20.1.jar,False
doomsday_decoration,doomsday_decoration:foldingchair,foldingchair,doomsday_decoration-1.1.3-forge-1.20.1.jar,False
doomsday_decoration,doomsday_decoration:foodstand_1,foodstand_1,doomsday_decoration-1.1.3-forge-1.20.1.jar,False
doomsday_decoration,doomsday_decoration:foodstand_2,foodstand_2,doomsday_decoration-1.1.3-forge-1.20.1.jar,False
doomsday_decoration,doomsday_decoration:foodstand_3,foodstand_3,doomsday_decoration-1.1.3-forge-1.20.1.jar,False
doomsday_decoration,doomsday_decoration:forklift,forklift,doomsday_decoration-1.1.3-forge-1.20.1.jar,False
doomsday_decoration,doomsday_decoration:forklifttruck,forklifttruck,doomsday_decoration-1.1.3-forge-1.20.1.jar,False
doomsday_decoration,doomsday_decoration:freezer,freezer,doomsday_decoration-1.1.3-forge-1.20.1.jar,True
doomsday_decoration,doomsday_decoration:fridge,fridge,doomsday_decoration-1.1.3-forge-1.20.1.jar,True
doomsday_decoration,doomsday_decoration:fridge_2,fridge_2,doomsday_decoration-1.1.3-forge-1.20.1.jar,True
doomsday_decoration,doomsday_decoration:front_blue_sedan,front_blue_sedan,doomsday_decoration-1.1.3-forge-1.20.1.jar,False
doomsday_decoration,doomsday_decoration:frontblacksedan,frontblacksedan,doomsday_decoration-1.1.3-forge-1.20.1.jar,False
doomsday_decoration,doomsday_decoration:frontgraysedan,frontgraysedan,doomsday_decoration-1.1.3-forge-1.20.1.jar,False
doomsday_decoration,doomsday_decoration:frontgreensedan,frontgreensedan,doomsday_decoration-1.1.3-forge-1.20.1.jar,False
doomsday_decoration,doomsday_decoration:frontkhakisedan,frontkhakisedan,doomsday_decoration-1.1.3-forge-1.20.1.jar,False
doomsday_decoration,doomsday_decoration:frontredsedan,frontredsedan,doomsday_decoration-1.1.3-forge-1.20.1.jar,False
doomsday_decoration,doomsday_decoration:frontwhitesedan,frontwhitesedan,doomsday_decoration-1.1.3-forge-1.20.1.jar,False
doomsday_decoration,doomsday_decoration:gasstation,gasstation,doomsday_decoration-1.1.3-forge-1.20.1.jar,False
doomsday_decoration,doomsday_decoration:gastank,gastank,doomsday_decoration-1.1.3-forge-1.20.1.jar,False
doomsday_decoration,doomsday_decoration:generator,generator,doomsday_decoration-1.1.3-forge-1.20.1.jar,False
doomsday_decoration,doomsday_decoration:glassshards,glassshards,doomsday_decoration-1.1.3-forge-1.20.1.jar,False
doomsday_decoration,doomsday_decoration:glassshards_2,glassshards_2,doomsday_decoration-1.1.3-forge-1.20.1.jar,False
doomsday_decoration,doomsday_decoration:glassshards_3,glassshards_3,doomsday_decoration-1.1.3-forge-1.20.1.jar,False
doomsday_decoration,doomsday_decoration:glassware,glassware,doomsday_decoration-1.1.3-forge-1.20.1.jar,False
doomsday_decoration,doomsday_decoration:globe,globe,doomsday_decoration-1.1.3-forge-1.20.1.jar,False
doomsday_decoration,doomsday_decoration:goodsshelves,goodsshelves,doomsday_decoration-1.1.3-forge-1.20.1.jar,False
doomsday_decoration,doomsday_decoration:goodsshelves_2,goodsshelves_2,doomsday_decoration-1.1.3-forge-1.20.1.jar,False
doomsday_decoration,doomsday_decoration:goodsshelves_3,goodsshelves_3,doomsday_decoration-1.1.3-forge-1.20.1.jar,False
doomsday_decoration,doomsday_decoration:goodsshelves_4,goodsshelves_4,doomsday_decoration-1.1.3-forge-1.20.1.jar,False
doomsday_decoration,doomsday_decoration:goodsshelves_5,goodsshelves_5,doomsday_decoration-1.1.3-forge-1.20.1.jar,False
doomsday_decoration,doomsday_decoration:goodsshelves_6,goodsshelves_6,doomsday_decoration-1.1.3-forge-1.20.1.jar,False
doomsday_decoration,doomsday_decoration:gravel,gravel,doomsday_decoration-1.1.3-forge-1.20.1.jar,False
doomsday_decoration,doomsday_decoration:gravelstaircase,gravelstaircase,doomsday_decoration-1.1.3-forge-1.20.1.jar,True
doomsday_decoration,doomsday_decoration:gravelsteps,gravelsteps,doomsday_decoration-1.1.3-forge-1.20.1.jar,False
doomsday_decoration,doomsday_decoration:gravelwall,gravelwall,doomsday_decoration-1.1.3-forge-1.20.1.jar,False
doomsday_decoration,doomsday_decoration:gravestone,gravestone,doomsday_decoration-1.1.3-forge-1.20.1.jar,False
doomsday_decoration,doomsday_decoration:green_hummer_1,green_hummer_1,doomsday_decoration-1.1.3-forge-1.20.1.jar,False
doomsday_decoration,doomsday_decoration:green_hummer_2,green_hummer_2,doomsday_decoration-1.1.3-forge-1.20.1.jar,False
doomsday_decoration,doomsday_decoration:green_hummer_3,green_hummer_3,doomsday_decoration-1.1.3-forge-1.20.1.jar,False
doomsday_decoration,doomsday_decoration:green_hummer_4,green_hummer_4,doomsday_decoration-1.1.3-forge-1.20.1.jar,False
doomsday_decoration,doomsday_decoration:green_hummer_5,green_hummer_5,doomsday_decoration-1.1.3-forge-1.20.1.jar,False
doomsday_decoration,doomsday_decoration:green_hummer_6,green_hummer_6,doomsday_decoration-1.1.3-forge-1.20.1.jar,False
doomsday_decoration,doomsday_decoration:green_hummer_7,green_hummer_7,doomsday_decoration-1.1.3-forge-1.20.1.jar,False
doomsday_decoration,doomsday_decoration:green_hummer_8,green_hummer_8,doomsday_decoration-1.1.3-forge-1.20.1.jar,False
doomsday_decoration,doomsday_decoration:green_hummer_9,green_hummer_9,doomsday_decoration-1.1.3-forge-1.20.1.jar,False
doomsday_decoration,doomsday_decoration:green_jeep_1,green_jeep_1,doomsday_decoration-1.1.3-forge-1.20.1.jar,False
doomsday_decoration,doomsday_decoration:green_jeep_2,green_jeep_2,doomsday_decoration-1.1.3-forge-1.20.1.jar,False
doomsday_decoration,doomsday_decoration:green_screen_steps,green_screen_steps,doomsday_decoration-1.1.3-forge-1.20.1.jar,False
doomsday_decoration,doomsday_decoration:greencurtains,greencurtains,doomsday_decoration-1.1.3-forge-1.20.1.jar,False
doomsday_decoration,doomsday_decoration:greenluggage,greenluggage,doomsday_decoration-1.1.3-forge-1.20.1.jar,False
doomsday_decoration,doomsday_decoration:greenpickuptruck,greenpickuptruck,doomsday_decoration-1.1.3-forge-1.20.1.jar,False
doomsday_decoration,doomsday_decoration:greenscreen,greenscreen,doomsday_decoration-1.1.3-forge-1.20.1.jar,False
doomsday_decoration,doomsday_decoration:greenscreenstaircase,greenscreenstaircase,doomsday_decoration-1.1.3-forge-1.20.1.jar,True
doomsday_decoration,doomsday_decoration:greentravelcar,greentravelcar,doomsday_decoration-1.1.3-forge-1.20.1.jar,False
doomsday_decoration,doomsday_decoration:greenvan_1,greenvan_1,doomsday_decoration-1.1.3-forge-1.20.1.jar,False
doomsday_decoration,doomsday_decoration:greenvan_2,greenvan_2,doomsday_decoration-1.1.3-forge-1.20.1.jar,False
doomsday_decoration,doomsday_decoration:greenwall,greenwall,doomsday_decoration-1.1.3-forge-1.20.1.jar,False
doomsday_decoration,doomsday_decoration:grey_jeep_1,grey_jeep_1,doomsday_decoration-1.1.3-forge-1.20.1.jar,False
doomsday_decoration,doomsday_decoration:grey_jeep_2,grey_jeep_2,doomsday_decoration-1.1.3-forge-1.20.1.jar,False
doomsday_decoration,doomsday_decoration:greyandblueceramictiles,greyandblueceramictiles,doomsday_decoration-1.1.3-forge-1.20.1.jar,False
doomsday_decoration,doomsday_decoration:greyandblueceramictilesstaircase,greyandblueceramictilesstaircase,doomsday_decoration-1.1.3-forge-1.20.1.jar,True
doomsday_decoration,doomsday_decoration:greyandblueceramictilessteps,greyandblueceramictilessteps,doomsday_decoration-1.1.3-forge-1.20.1.jar,False
doomsday_decoration,doomsday_decoration:greyandblueceramictileswall,greyandblueceramictileswall,doomsday_decoration-1.1.3-forge-1.20.1.jar,False
doomsday_decoration,doomsday_decoration:greycurtains,greycurtains,doomsday_decoration-1.1.3-forge-1.20.1.jar,False
doomsday_decoration,doomsday_decoration:greyluggage,greyluggage,doomsday_decoration-1.1.3-forge-1.20.1.jar,False
doomsday_decoration,doomsday_decoration:greypickuptruck,greypickuptruck,doomsday_decoration-1.1.3-forge-1.20.1.jar,False
doomsday_decoration,doomsday_decoration:greyvan_1,greyvan_1,doomsday_decoration-1.1.3-forge-1.20.1.jar,False
doomsday_decoration,doomsday_decoration:greyvan_2,greyvan_2,doomsday_decoration-1.1.3-forge-1.20.1.jar,False
doomsday_decoration,doomsday_decoration:greywagon,greywagon,doomsday_decoration-1.1.3-forge-1.20.1.jar,False
doomsday_decoration,doomsday_decoration:grill,grill,doomsday_decoration-1.1.3-forge-1.20.1.jar,False
doomsday_decoration,doomsday_decoration:guardrail,guardrail,doomsday_decoration-1.1.3-forge-1.20.1.jar,False
doomsday_decoration,doomsday_decoration:hangingbottlerod,hangingbottlerod,doomsday_decoration-1.1.3-forge-1.20.1.jar,False
doomsday_decoration,doomsday_decoration:hangingclothes,hangingclothes,doomsday_decoration-1.1.3-forge-1.20.1.jar,False
doomsday_decoration,doomsday_decoration:hesco,hesco,doomsday_decoration-1.1.3-forge-1.20.1.jar,False
doomsday_decoration,doomsday_decoration:highwayguardrail,highwayguardrail,doomsday_decoration-1.1.3-forge-1.20.1.jar,False
doomsday_decoration,doomsday_decoration:hollowbrick,hollowbrick,doomsday_decoration-1.1.3-forge-1.20.1.jar,False
doomsday_decoration,doomsday_decoration:host,host,doomsday_decoration-1.1.3-forge-1.20.1.jar,False
doomsday_decoration,doomsday_decoration:host_2,host_2,doomsday_decoration-1.1.3-forge-1.20.1.jar,False
doomsday_decoration,doomsday_decoration:huzai,huzai,doomsday_decoration-1.1.3-forge-1.20.1.jar,False
doomsday_decoration,doomsday_decoration:indoorgarbagebin,indoorgarbagebin,doomsday_decoration-1.1.3-forge-1.20.1.jar,False
doomsday_decoration,doomsday_decoration:insulationcabinet,insulationcabinet,doomsday_decoration-1.1.3-forge-1.20.1.jar,True
doomsday_decoration,doomsday_decoration:ironnetting,ironnetting,doomsday_decoration-1.1.3-forge-1.20.1.jar,False
doomsday_decoration,doomsday_decoration:ironplate_1,ironplate_1,doomsday_decoration-1.1.3-forge-1.20.1.jar,False
doomsday_decoration,doomsday_decoration:ironplate_2,ironplate_2,doomsday_decoration-1.1.3-forge-1.20.1.jar,False
doomsday_decoration,doomsday_decoration:ironplate_3,ironplate_3,doomsday_decoration-1.1.3-forge-1.20.1.jar,False
doomsday_decoration,doomsday_decoration:ironrod,ironrod,doomsday_decoration-1.1.3-forge-1.20.1.jar,False
doomsday_decoration,doomsday_decoration:ironsheet_1,ironsheet_1,doomsday_decoration-1.1.3-forge-1.20.1.jar,False
doomsday_decoration,doomsday_decoration:ironsheet_2,ironsheet_2,doomsday_decoration-1.1.3-forge-1.20.1.jar,False
doomsday_decoration,doomsday_decoration:ironsheet_3,ironsheet_3,doomsday_decoration-1.1.3-forge-1.20.1.jar,False
doomsday_decoration,doomsday_decoration:ironsheet_4,ironsheet_4,doomsday_decoration-1.1.3-forge-1.20.1.jar,False
doomsday_decoration,doomsday_decoration:ironsheetstaircase_1,ironsheetstaircase_1,doomsday_decoration-1.1.3-forge-1.20.1.jar,True
doomsday_decoration,doomsday_decoration:ironsheetstaircase_2,ironsheetstaircase_2,doomsday_decoration-1.1.3-forge-1.20.1.jar,True
doomsday_decoration,doomsday_decoration:ironsheetstaircase_3,ironsheetstaircase_3,doomsday_decoration-1.1.3-forge-1.20.1.jar,True
doomsday_decoration,doomsday_decoration:ironsheetstaircase_4,ironsheetstaircase_4,doomsday_decoration-1.1.3-forge-1.20.1.jar,True
doomsday_decoration,doomsday_decoration:ironsheetsteps_1,ironsheetsteps_1,doomsday_decoration-1.1.3-forge-1.20.1.jar,False
doomsday_decoration,doomsday_decoration:ironsheetsteps_2,ironsheetsteps_2,doomsday_decoration-1.1.3-forge-1.20.1.jar,False
doomsday_decoration,doomsday_decoration:ironsheetsteps_3,ironsheetsteps_3,doomsday_decoration-1.1.3-forge-1.20.1.jar,False
doomsday_decoration,doomsday_decoration:ironsheetsteps_4,ironsheetsteps_4,doomsday_decoration-1.1.3-forge-1.20.1.jar,False
doomsday_decoration,doomsday_decoration:ironsheetwall_1,ironsheetwall_1,doomsday_decoration-1.1.3-forge-1.20.1.jar,False
doomsday_decoration,doomsday_decoration:ironsheetwall_2,ironsheetwall_2,doomsday_decoration-1.1.3-forge-1.20.1.jar,False
doomsday_decoration,doomsday_decoration:ironsheetwall_3,ironsheetwall_3,doomsday_decoration-1.1.3-forge-1.20.1.jar,False
doomsday_decoration,doomsday_decoration:ironsheetwall_4,ironsheetwall_4,doomsday_decoration-1.1.3-forge-1.20.1.jar,False
doomsday_decoration,doomsday_decoration:ironstaircase,ironstaircase,doomsday_decoration-1.1.3-forge-1.20.1.jar,True
doomsday_decoration,doomsday_decoration:isolationbarrier_1,isolationbarrier_1,doomsday_decoration-1.1.3-forge-1.20.1.jar,False
doomsday_decoration,doomsday_decoration:isolationbarrier_2,isolationbarrier_2,doomsday_decoration-1.1.3-forge-1.20.1.jar,False
doomsday_decoration,doomsday_decoration:isolationbarrier_3,isolationbarrier_3,doomsday_decoration-1.1.3-forge-1.20.1.jar,False
doomsday_decoration,doomsday_decoration:isolationcolumn,isolationcolumn,doomsday_decoration-1.1.3-forge-1.20.1.jar,False
doomsday_decoration,doomsday_decoration:jar,jar,doomsday_decoration-1.1.3-forge-1.20.1.jar,False
doomsday_decoration,doomsday_decoration:kettle,kettle,doomsday_decoration-1.1.3-forge-1.20.1.jar,False
doomsday_decoration,doomsday_decoration:khaki_hummer_1,khaki_hummer_1,doomsday_decoration-1.1.3-forge-1.20.1.jar,False
doomsday_decoration,doomsday_decoration:khaki_hummer_2,khaki_hummer_2,doomsday_decoration-1.1.3-forge-1.20.1.jar,False
doomsday_decoration,doomsday_decoration:khaki_hummer_3,khaki_hummer_3,doomsday_decoration-1.1.3-forge-1.20.1.jar,False
doomsday_decoration,doomsday_decoration:khaki_hummer_4,khaki_hummer_4,doomsday_decoration-1.1.3-forge-1.20.1.jar,False
doomsday_decoration,doomsday_decoration:khaki_hummer_5,khaki_hummer_5,doomsday_decoration-1.1.3-forge-1.20.1.jar,False
doomsday_decoration,doomsday_decoration:khaki_hummer_6,khaki_hummer_6,doomsday_decoration-1.1.3-forge-1.20.1.jar,False
doomsday_decoration,doomsday_decoration:khaki_hummer_7,khaki_hummer_7,doomsday_decoration-1.1.3-forge-1.20.1.jar,False
doomsday_decoration,doomsday_decoration:khaki_hummer_8,khaki_hummer_8,doomsday_decoration-1.1.3-forge-1.20.1.jar,False
doomsday_decoration,doomsday_decoration:khaki_hummer_9,khaki_hummer_9,doomsday_decoration-1.1.3-forge-1.20.1.jar,False
doomsday_decoration,doomsday_decoration:khakiluggage,khakiluggage,doomsday_decoration-1.1.3-forge-1.20.1.jar,False
doomsday_decoration,doomsday_decoration:khakistationwagon,khakistationwagon,doomsday_decoration-1.1.3-forge-1.20.1.jar,False
doomsday_decoration,doomsday_decoration:knapsack,knapsack,doomsday_decoration-1.1.3-forge-1.20.1.jar,False
doomsday_decoration,doomsday_decoration:laboratoryreport,laboratoryreport,doomsday_decoration-1.1.3-forge-1.20.1.jar,False
doomsday_decoration,doomsday_decoration:ladder_1,ladder_1,doomsday_decoration-1.1.3-forge-1.20.1.jar,False
doomsday_decoration,doomsday_decoration:ladder_2,ladder_2,doomsday_decoration-1.1.3-forge-1.20.1.jar,False
doomsday_decoration,doomsday_decoration:ladder_3,ladder_3,doomsday_decoration-1.1.3-forge-1.20.1.jar,False
doomsday_decoration,doomsday_decoration:ladder_4,ladder_4,doomsday_decoration-1.1.3-forge-1.20.1.jar,False
doomsday_decoration,doomsday_decoration:ladder_5,ladder_5,doomsday_decoration-1.1.3-forge-1.20.1.jar,False
doomsday_decoration,doomsday_decoration:lamp,lamp,doomsday_decoration-1.1.3-forge-1.20.1.jar,False
doomsday_decoration,doomsday_decoration:lamp_2,lamp_2,doomsday_decoration-1.1.3-forge-1.20.1.jar,False
doomsday_decoration,doomsday_decoration:lamp_steps,lamp_steps,doomsday_decoration-1.1.3-forge-1.20.1.jar,False
doomsday_decoration,doomsday_decoration:lamp_steps_2,lamp_steps_2,doomsday_decoration-1.1.3-forge-1.20.1.jar,False
doomsday_decoration,doomsday_decoration:lampstaircase,lampstaircase,doomsday_decoration-1.1.3-forge-1.20.1.jar,True
doomsday_decoration,doomsday_decoration:lampstaircase_2,lampstaircase_2,doomsday_decoration-1.1.3-forge-1.20.1.jar,True
doomsday_decoration,doomsday_decoration:leftescalator,leftescalator,doomsday_decoration-1.1.3-forge-1.20.1.jar,False
doomsday_decoration,doomsday_decoration:lockers,lockers,doomsday_decoration-1.1.3-forge-1.20.1.jar,True
doomsday_decoration,doomsday_decoration:lockers_2,lockers_2,doomsday_decoration-1.1.3-forge-1.20.1.jar,True
doomsday_decoration,doomsday_decoration:luggage,luggage,doomsday_decoration-1.1.3-forge-1.20.1.jar,False
doomsday_decoration,doomsday_decoration:mailbox_1,mailbox_1,doomsday_decoration-1.1.3-forge-1.20.1.jar,False
doomsday_decoration,doomsday_decoration:mailbox_2,mailbox_2,doomsday_decoration-1.1.3-forge-1.20.1.jar,False
doomsday_decoration,doomsday_decoration:male_toiletsigns,male_toiletsigns,doomsday_decoration-1.1.3-forge-1.20.1.jar,False
doomsday_decoration,doomsday_decoration:male_toiletsigns_2,male_toiletsigns_2,doomsday_decoration-1.1.3-forge-1.20.1.jar,False
doomsday_decoration,doomsday_decoration:manholecover,manholecover,doomsday_decoration-1.1.3-forge-1.20.1.jar,False
doomsday_decoration,doomsday_decoration:marble,marble,doomsday_decoration-1.1.3-forge-1.20.1.jar,False
doomsday_decoration,doomsday_decoration:marble_2,marble_2,doomsday_decoration-1.1.3-forge-1.20.1.jar,False
doomsday_decoration,doomsday_decoration:marble_3,marble_3,doomsday_decoration-1.1.3-forge-1.20.1.jar,False
doomsday_decoration,doomsday_decoration:marble_4,marble_4,doomsday_decoration-1.1.3-forge-1.20.1.jar,False
doomsday_decoration,doomsday_decoration:marble_5,marble_5,doomsday_decoration-1.1.3-forge-1.20.1.jar,False
doomsday_decoration,doomsday_decoration:marblestaircase,marblestaircase,doomsday_decoration-1.1.3-forge-1.20.1.jar,True
doomsday_decoration,doomsday_decoration:marblestaircase_2,marblestaircase_2,doomsday_decoration-1.1.3-forge-1.20.1.jar,True
doomsday_decoration,doomsday_decoration:marblestaircase_3,marblestaircase_3,doomsday_decoration-1.1.3-forge-1.20.1.jar,True
doomsday_decoration,doomsday_decoration:marblestaircase_4,marblestaircase_4,doomsday_decoration-1.1.3-forge-1.20.1.jar,True
doomsday_decoration,doomsday_decoration:marblestaircase_5,marblestaircase_5,doomsday_decoration-1.1.3-forge-1.20.1.jar,True
doomsday_decoration,doomsday_decoration:marblesteps,marblesteps,doomsday_decoration-1.1.3-forge-1.20.1.jar,False
doomsday_decoration,doomsday_decoration:marblesteps_2,marblesteps_2,doomsday_decoration-1.1.3-forge-1.20.1.jar,False
doomsday_decoration,doomsday_decoration:marblesteps_3,marblesteps_3,doomsday_decoration-1.1.3-forge-1.20.1.jar,False
doomsday_decoration,doomsday_decoration:marblesteps_4,marblesteps_4,doomsday_decoration-1.1.3-forge-1.20.1.jar,False
doomsday_decoration,doomsday_decoration:marblesteps_5,marblesteps_5,doomsday_decoration-1.1.3-forge-1.20.1.jar,False
doomsday_decoration,doomsday_decoration:marblewall,marblewall,doomsday_decoration-1.1.3-forge-1.20.1.jar,False
doomsday_decoration,doomsday_decoration:marblewall_2,marblewall_2,doomsday_decoration-1.1.3-forge-1.20.1.jar,False
doomsday_decoration,doomsday_decoration:marblewall_3,marblewall_3,doomsday_decoration-1.1.3-forge-1.20.1.jar,False
doomsday_decoration,doomsday_decoration:marblewall_4,marblewall_4,doomsday_decoration-1.1.3-forge-1.20.1.jar,False
doomsday_decoration,doomsday_decoration:marblewall_5,marblewall_5,doomsday_decoration-1.1.3-forge-1.20.1.jar,False
doomsday_decoration,doomsday_decoration:mat,mat,doomsday_decoration-1.1.3-forge-1.20.1.jar,False
doomsday_decoration,doomsday_decoration:measuringbottle,measuringbottle,doomsday_decoration-1.1.3-forge-1.20.1.jar,False
doomsday_decoration,doomsday_decoration:medical_bed,medical_bed,doomsday_decoration-1.1.3-forge-1.20.1.jar,False
doomsday_decoration,doomsday_decoration:medicalbox,medicalbox,doomsday_decoration-1.1.3-forge-1.20.1.jar,False
doomsday_decoration,doomsday_decoration:metalcabinet,metalcabinet,doomsday_decoration-1.1.3-forge-1.20.1.jar,True
doomsday_decoration,doomsday_decoration:metalcabinet_2,metalcabinet_2,doomsday_decoration-1.1.3-forge-1.20.1.jar,True
doomsday_decoration,doomsday_decoration:metaldrawer,metaldrawer,doomsday_decoration-1.1.3-forge-1.20.1.jar,True
doomsday_decoration,doomsday_decoration:metaldrawer_2,metaldrawer_2,doomsday_decoration-1.1.3-forge-1.20.1.jar,True
doomsday_decoration,doomsday_decoration:microphone,microphone,doomsday_decoration-1.1.3-forge-1.20.1.jar,False
doomsday_decoration,doomsday_decoration:microphone_2,microphone_2,doomsday_decoration-1.1.3-forge-1.20.1.jar,False
doomsday_decoration,doomsday_decoration:microscope,microscope,doomsday_decoration-1.1.3-forge-1.20.1.jar,False
doomsday_decoration,doomsday_decoration:microwaveoven,microwaveoven,doomsday_decoration-1.1.3-forge-1.20.1.jar,False
doomsday_decoration,doomsday_decoration:mirror,mirror,doomsday_decoration-1.1.3-forge-1.20.1.jar,False
doomsday_decoration,doomsday_decoration:missingpersonnotice,missingpersonnotice,doomsday_decoration-1.1.3-forge-1.20.1.jar,False
doomsday_decoration,doomsday_decoration:monitor,monitor,doomsday_decoration-1.1.3-forge-1.20.1.jar,False
doomsday_decoration,doomsday_decoration:monitor_2,monitor_2,doomsday_decoration-1.1.3-forge-1.20.1.jar,False
doomsday_decoration,doomsday_decoration:monitor_3,monitor_3,doomsday_decoration-1.1.3-forge-1.20.1.jar,False
doomsday_decoration,doomsday_decoration:monitor_4,monitor_4,doomsday_decoration-1.1.3-forge-1.20.1.jar,False
doomsday_decoration,doomsday_decoration:mortar,mortar,doomsday_decoration-1.1.3-forge-1.20.1.jar,False
doomsday_decoration,doomsday_decoration:mortarmissile,mortarmissile,doomsday_decoration-1.1.3-forge-1.20.1.jar,False
doomsday_decoration,doomsday_decoration:motorcycle,motorcycle,doomsday_decoration-1.1.3-forge-1.20.1.jar,False
doomsday_decoration,doomsday_decoration:motorcycle_2,motorcycle_2,doomsday_decoration-1.1.3-forge-1.20.1.jar,False
doomsday_decoration,doomsday_decoration:motorcycle_3,motorcycle_3,doomsday_decoration-1.1.3-forge-1.20.1.jar,False
doomsday_decoration,doomsday_decoration:motorcycle_4,motorcycle_4,doomsday_decoration-1.1.3-forge-1.20.1.jar,False
doomsday_decoration,doomsday_decoration:motorcycle_5,motorcycle_5,doomsday_decoration-1.1.3-forge-1.20.1.jar,False
doomsday_decoration,doomsday_decoration:motorcycle_6,motorcycle_6,doomsday_decoration-1.1.3-forge-1.20.1.jar,False
doomsday_decoration,doomsday_decoration:motorcycle_7,motorcycle_7,doomsday_decoration-1.1.3-forge-1.20.1.jar,False
doomsday_decoration,doomsday_decoration:mower,mower,doomsday_decoration-1.1.3-forge-1.20.1.jar,False
doomsday_decoration,doomsday_decoration:newspaper,newspaper,doomsday_decoration-1.1.3-forge-1.20.1.jar,False
doomsday_decoration,doomsday_decoration:newspaper_2,newspaper_2,doomsday_decoration-1.1.3-forge-1.20.1.jar,False
doomsday_decoration,doomsday_decoration:nomap,nomap,doomsday_decoration-1.1.3-forge-1.20.1.jar,False
doomsday_decoration,doomsday_decoration:nomap_2,nomap_2,doomsday_decoration-1.1.3-forge-1.20.1.jar,False
doomsday_decoration,doomsday_decoration:nomap_carpet,nomap_carpet,doomsday_decoration-1.1.3-forge-1.20.1.jar,False
doomsday_decoration,doomsday_decoration:nomap_pane,nomap_pane,doomsday_decoration-1.1.3-forge-1.20.1.jar,False
doomsday_decoration,doomsday_decoration:nomap_pane_2,nomap_pane_2,doomsday_decoration-1.1.3-forge-1.20.1.jar,False
doomsday_decoration,doomsday_decoration:nomap_pressureplate,nomap_pressureplate,doomsday_decoration-1.1.3-forge-1.20.1.jar,False
doomsday_decoration,doomsday_decoration:nomap_pressureplate_2,nomap_pressureplate_2,doomsday_decoration-1.1.3-forge-1.20.1.jar,False
doomsday_decoration,doomsday_decoration:nomap_staircase_2,nomap_staircase_2,doomsday_decoration-1.1.3-forge-1.20.1.jar,True
doomsday_decoration,doomsday_decoration:nomap_step_2,nomap_step_2,doomsday_decoration-1.1.3-forge-1.20.1.jar,False
doomsday_decoration,doomsday_decoration:nomap_trap_door,nomap_trap_door,doomsday_decoration-1.1.3-forge-1.20.1.jar,False
doomsday_decoration,doomsday_decoration:nomap_trap_door_2,nomap_trap_door_2,doomsday_decoration-1.1.3-forge-1.20.1.jar,False
doomsday_decoration,doomsday_decoration:nomapbutton,nomapbutton,doomsday_decoration-1.1.3-forge-1.20.1.jar,False
doomsday_decoration,doomsday_decoration:nomapbutton_2,nomapbutton_2,doomsday_decoration-1.1.3-forge-1.20.1.jar,False
doomsday_decoration,doomsday_decoration:nomapcarpet_2,nomapcarpet_2,doomsday_decoration-1.1.3-forge-1.20.1.jar,False
doomsday_decoration,doomsday_decoration:nomapdoor,nomapdoor,doomsday_decoration-1.1.3-forge-1.20.1.jar,False
doomsday_decoration,doomsday_decoration:nomapdoor_2,nomapdoor_2,doomsday_decoration-1.1.3-forge-1.20.1.jar,False
doomsday_decoration,doomsday_decoration:nomapfence,nomapfence,doomsday_decoration-1.1.3-forge-1.20.1.jar,False
doomsday_decoration,doomsday_decoration:nomapfence_2,nomapfence_2,doomsday_decoration-1.1.3-forge-1.20.1.jar,False
doomsday_decoration,doomsday_decoration:nomapfencegate,nomapfencegate,doomsday_decoration-1.1.3-forge-1.20.1.jar,False
doomsday_decoration,doomsday_decoration:nomapfencegate_2,nomapfencegate_2,doomsday_decoration-1.1.3-forge-1.20.1.jar,False
doomsday_decoration,doomsday_decoration:nomapstaircase,nomapstaircase,doomsday_decoration-1.1.3-forge-1.20.1.jar,True
doomsday_decoration,doomsday_decoration:nomapstep,nomapstep,doomsday_decoration-1.1.3-forge-1.20.1.jar,False
doomsday_decoration,doomsday_decoration:nomapwall,nomapwall,doomsday_decoration-1.1.3-forge-1.20.1.jar,False
doomsday_decoration,doomsday_decoration:nomapwall_2,nomapwall_2,doomsday_decoration-1.1.3-forge-1.20.1.jar,False
doomsday_decoration,doomsday_decoration:office_chair,office_chair,doomsday_decoration-1.1.3-forge-1.20.1.jar,False
doomsday_decoration,doomsday_decoration:officedrawers_1,officedrawers_1,doomsday_decoration-1.1.3-forge-1.20.1.jar,True
doomsday_decoration,doomsday_decoration:officedrawers_2,officedrawers_2,doomsday_decoration-1.1.3-forge-1.20.1.jar,True
doomsday_decoration,doomsday_decoration:officepartitiondesk,officepartitiondesk,doomsday_decoration-1.1.3-forge-1.20.1.jar,True
doomsday_decoration,doomsday_decoration:officepartitiondesk_2,officepartitiondesk_2,doomsday_decoration-1.1.3-forge-1.20.1.jar,True
doomsday_decoration,doomsday_decoration:officepartitiondesk_3,officepartitiondesk_3,doomsday_decoration-1.1.3-forge-1.20.1.jar,True
doomsday_decoration,doomsday_decoration:officepartitiondesk_4,officepartitiondesk_4,doomsday_decoration-1.1.3-forge-1.20.1.jar,True
doomsday_decoration,doomsday_decoration:officepartitiondesk_5,officepartitiondesk_5,doomsday_decoration-1.1.3-forge-1.20.1.jar,True
doomsday_decoration,doomsday_decoration:oildrum,oildrum,doomsday_decoration-1.1.3-forge-1.20.1.jar,False
doomsday_decoration,doomsday_decoration:oiltank,oiltank,doomsday_decoration-1.1.3-forge-1.20.1.jar,False
doomsday_decoration,doomsday_decoration:oiltank_2,oiltank_2,doomsday_decoration-1.1.3-forge-1.20.1.jar,False
doomsday_decoration,doomsday_decoration:oldtv,oldtv,doomsday_decoration-1.1.3-forge-1.20.1.jar,False
doomsday_decoration,doomsday_decoration:oldtv_2,oldtv_2,doomsday_decoration-1.1.3-forge-1.20.1.jar,False
doomsday_decoration,doomsday_decoration:oldtv_3,oldtv_3,doomsday_decoration-1.1.3-forge-1.20.1.jar,False
doomsday_decoration,doomsday_decoration:orangeandblueceramictiles,orangeandblueceramictiles,doomsday_decoration-1.1.3-forge-1.20.1.jar,False
doomsday_decoration,doomsday_decoration:orangeandblueceramictilesstaircase,orangeandblueceramictilesstaircase,doomsday_decoration-1.1.3-forge-1.20.1.jar,True
doomsday_decoration,doomsday_decoration:orangeandblueceramictilessteps,orangeandblueceramictilessteps,doomsday_decoration-1.1.3-forge-1.20.1.jar,False
doomsday_decoration,doomsday_decoration:orangeandblueceramictileswall,orangeandblueceramictileswall,doomsday_decoration-1.1.3-forge-1.20.1.jar,False
doomsday_decoration,doomsday_decoration:otto,otto,doomsday_decoration-1.1.3-forge-1.20.1.jar,False
doomsday_decoration,doomsday_decoration:p_hmeter,p_hmeter,doomsday_decoration-1.1.3-forge-1.20.1.jar,False
doomsday_decoration,doomsday_decoration:pan,pan,doomsday_decoration-1.1.3-forge-1.20.1.jar,False
doomsday_decoration,doomsday_decoration:parasol_1,parasol_1,doomsday_decoration-1.1.3-forge-1.20.1.jar,False
doomsday_decoration,doomsday_decoration:parasol_2,parasol_2,doomsday_decoration-1.1.3-forge-1.20.1.jar,False
doomsday_decoration,doomsday_decoration:parasol_3,parasol_3,doomsday_decoration-1.1.3-forge-1.20.1.jar,False
doomsday_decoration,doomsday_decoration:parasol_4,parasol_4,doomsday_decoration-1.1.3-forge-1.20.1.jar,False
doomsday_decoration,doomsday_decoration:parasol_5,parasol_5,doomsday_decoration-1.1.3-forge-1.20.1.jar,False
doomsday_decoration,doomsday_decoration:parasol_6,parasol_6,doomsday_decoration-1.1.3-forge-1.20.1.jar,False
doomsday_decoration,doomsday_decoration:parasol_7,parasol_7,doomsday_decoration-1.1.3-forge-1.20.1.jar,False
doomsday_decoration,doomsday_decoration:parkbenches,parkbenches,doomsday_decoration-1.1.3-forge-1.20.1.jar,False
doomsday_decoration,doomsday_decoration:parkstreetlights,parkstreetlights,doomsday_decoration-1.1.3-forge-1.20.1.jar,False
doomsday_decoration,doomsday_decoration:parkstreetlights_2,parkstreetlights_2,doomsday_decoration-1.1.3-forge-1.20.1.jar,False
doomsday_decoration,doomsday_decoration:pebble,pebble,doomsday_decoration-1.1.3-forge-1.20.1.jar,False
doomsday_decoration,doomsday_decoration:pebblestaircase,pebblestaircase,doomsday_decoration-1.1.3-forge-1.20.1.jar,True
doomsday_decoration,doomsday_decoration:pebblesteps,pebblesteps,doomsday_decoration-1.1.3-forge-1.20.1.jar,False
doomsday_decoration,doomsday_decoration:pebblewall,pebblewall,doomsday_decoration-1.1.3-forge-1.20.1.jar,False
doomsday_decoration,doomsday_decoration:petridish,petridish,doomsday_decoration-1.1.3-forge-1.20.1.jar,False
doomsday_decoration,doomsday_decoration:phone,phone,doomsday_decoration-1.1.3-forge-1.20.1.jar,False
doomsday_decoration,doomsday_decoration:picnic_bench,picnic_bench,doomsday_decoration-1.1.3-forge-1.20.1.jar,False
doomsday_decoration,doomsday_decoration:pinkandredceramictiles,pinkandredceramictiles,doomsday_decoration-1.1.3-forge-1.20.1.jar,False
doomsday_decoration,doomsday_decoration:pinkandredceramictilesstaircase,pinkandredceramictilesstaircase,doomsday_decoration-1.1.3-forge-1.20.1.jar,True
doomsday_decoration,doomsday_decoration:pinkandredceramictilessteps,pinkandredceramictilessteps,doomsday_decoration-1.1.3-forge-1.20.1.jar,False
doomsday_decoration,doomsday_decoration:pinkandredceramictileswall,pinkandredceramictileswall,doomsday_decoration-1.1.3-forge-1.20.1.jar,False
doomsday_decoration,doomsday_decoration:pinkandwhiteceramictiles,pinkandwhiteceramictiles,doomsday_decoration-1.1.3-forge-1.20.1.jar,False
doomsday_decoration,doomsday_decoration:pinkandwhiteceramictilesstaircase,pinkandwhiteceramictilesstaircase,doomsday_decoration-1.1.3-forge-1.20.1.jar,True
doomsday_decoration,doomsday_decoration:pinkandwhiteceramictilessteps,pinkandwhiteceramictilessteps,doomsday_decoration-1.1.3-forge-1.20.1.jar,False
doomsday_decoration,doomsday_decoration:pinkandwhiteceramictileswall,pinkandwhiteceramictileswall,doomsday_decoration-1.1.3-forge-1.20.1.jar,False
doomsday_decoration,doomsday_decoration:pinkceramictiles,pinkceramictiles,doomsday_decoration-1.1.3-forge-1.20.1.jar,False
doomsday_decoration,doomsday_decoration:pinkceramictilesstaircase,pinkceramictilesstaircase,doomsday_decoration-1.1.3-forge-1.20.1.jar,True
doomsday_decoration,doomsday_decoration:pinkceramictilessteps,pinkceramictilessteps,doomsday_decoration-1.1.3-forge-1.20.1.jar,False
doomsday_decoration,doomsday_decoration:pinkceramictileswall,pinkceramictileswall,doomsday_decoration-1.1.3-forge-1.20.1.jar,False
doomsday_decoration,doomsday_decoration:planking_0,planking_0,doomsday_decoration-1.1.3-forge-1.20.1.jar,False
doomsday_decoration,doomsday_decoration:planking_02,planking_02,doomsday_decoration-1.1.3-forge-1.20.1.jar,False
doomsday_decoration,doomsday_decoration:planking_0_a,planking_0_a,doomsday_decoration-1.1.3-forge-1.20.1.jar,False
doomsday_decoration,doomsday_decoration:planking_0_b,planking_0_b,doomsday_decoration-1.1.3-forge-1.20.1.jar,False
doomsday_decoration,doomsday_decoration:planking_0_c,planking_0_c,doomsday_decoration-1.1.3-forge-1.20.1.jar,False
doomsday_decoration,doomsday_decoration:planking_0_d,planking_0_d,doomsday_decoration-1.1.3-forge-1.20.1.jar,False
doomsday_decoration,doomsday_decoration:planking_0_e,planking_0_e,doomsday_decoration-1.1.3-forge-1.20.1.jar,False
doomsday_decoration,doomsday_decoration:planking_0_f,planking_0_f,doomsday_decoration-1.1.3-forge-1.20.1.jar,False
doomsday_decoration,doomsday_decoration:planking_0_g,planking_0_g,doomsday_decoration-1.1.3-forge-1.20.1.jar,False
doomsday_decoration,doomsday_decoration:planking_1,planking_1,doomsday_decoration-1.1.3-forge-1.20.1.jar,False
doomsday_decoration,doomsday_decoration:planking_12,planking_12,doomsday_decoration-1.1.3-forge-1.20.1.jar,False
doomsday_decoration,doomsday_decoration:planking_1_a,planking_1_a,doomsday_decoration-1.1.3-forge-1.20.1.jar,False
doomsday_decoration,doomsday_decoration:planking_1_b,planking_1_b,doomsday_decoration-1.1.3-forge-1.20.1.jar,False
doomsday_decoration,doomsday_decoration:planking_1_c,planking_1_c,doomsday_decoration-1.1.3-forge-1.20.1.jar,False
doomsday_decoration,doomsday_decoration:planking_1_d,planking_1_d,doomsday_decoration-1.1.3-forge-1.20.1.jar,False
doomsday_decoration,doomsday_decoration:planking_1_e,planking_1_e,doomsday_decoration-1.1.3-forge-1.20.1.jar,False
doomsday_decoration,doomsday_decoration:planking_1_f,planking_1_f,doomsday_decoration-1.1.3-forge-1.20.1.jar,False
doomsday_decoration,doomsday_decoration:planking_2,planking_2,doomsday_decoration-1.1.3-forge-1.20.1.jar,False
doomsday_decoration,doomsday_decoration:planking_22,planking_22,doomsday_decoration-1.1.3-forge-1.20.1.jar,False
doomsday_decoration,doomsday_decoration:planking_2_a,planking_2_a,doomsday_decoration-1.1.3-forge-1.20.1.jar,False
doomsday_decoration,doomsday_decoration:planking_2_b,planking_2_b,doomsday_decoration-1.1.3-forge-1.20.1.jar,False
doomsday_decoration,doomsday_decoration:planking_2_c,planking_2_c,doomsday_decoration-1.1.3-forge-1.20.1.jar,False
doomsday_decoration,doomsday_decoration:planking_2_d,planking_2_d,doomsday_decoration-1.1.3-forge-1.20.1.jar,False
doomsday_decoration,doomsday_decoration:planking_2_e,planking_2_e,doomsday_decoration-1.1.3-forge-1.20.1.jar,False
doomsday_decoration,doomsday_decoration:planking_2_f,planking_2_f,doomsday_decoration-1.1.3-forge-1.20.1.jar,False
doomsday_decoration,doomsday_decoration:planking_2_g,planking_2_g,doomsday_decoration-1.1.3-forge-1.20.1.jar,False
doomsday_decoration,doomsday_decoration:planking_3,planking_3,doomsday_decoration-1.1.3-forge-1.20.1.jar,False
doomsday_decoration,doomsday_decoration:planking_32,planking_32,doomsday_decoration-1.1.3-forge-1.20.1.jar,False
doomsday_decoration,doomsday_decoration:planking_3_a,planking_3_a,doomsday_decoration-1.1.3-forge-1.20.1.jar,False
doomsday_decoration,doomsday_decoration:planking_3_b,planking_3_b,doomsday_decoration-1.1.3-forge-1.20.1.jar,False
doomsday_decoration,doomsday_decoration:planking_3_c,planking_3_c,doomsday_decoration-1.1.3-forge-1.20.1.jar,False
doomsday_decoration,doomsday_decoration:planking_3_d,planking_3_d,doomsday_decoration-1.1.3-forge-1.20.1.jar,False
doomsday_decoration,doomsday_decoration:planking_3_e,planking_3_e,doomsday_decoration-1.1.3-forge-1.20.1.jar,False
doomsday_decoration,doomsday_decoration:planking_3_f,planking_3_f,doomsday_decoration-1.1.3-forge-1.20.1.jar,False
doomsday_decoration,doomsday_decoration:planking_3_g,planking_3_g,doomsday_decoration-1.1.3-forge-1.20.1.jar,False
doomsday_decoration,doomsday_decoration:planking_4,planking_4,doomsday_decoration-1.1.3-forge-1.20.1.jar,False
doomsday_decoration,doomsday_decoration:planking_42,planking_42,doomsday_decoration-1.1.3-forge-1.20.1.jar,False
doomsday_decoration,doomsday_decoration:planking_4_a,planking_4_a,doomsday_decoration-1.1.3-forge-1.20.1.jar,False
doomsday_decoration,doomsday_decoration:planking_4_b,planking_4_b,doomsday_decoration-1.1.3-forge-1.20.1.jar,False
doomsday_decoration,doomsday_decoration:planking_4_c,planking_4_c,doomsday_decoration-1.1.3-forge-1.20.1.jar,False
doomsday_decoration,doomsday_decoration:planking_4_d,planking_4_d,doomsday_decoration-1.1.3-forge-1.20.1.jar,False
doomsday_decoration,doomsday_decoration:planking_4_e,planking_4_e,doomsday_decoration-1.1.3-forge-1.20.1.jar,False
doomsday_decoration,doomsday_decoration:planking_4_f,planking_4_f,doomsday_decoration-1.1.3-forge-1.20.1.jar,False
doomsday_decoration,doomsday_decoration:planking_4_g,planking_4_g,doomsday_decoration-1.1.3-forge-1.20.1.jar,False
doomsday_decoration,doomsday_decoration:planking_5,planking_5,doomsday_decoration-1.1.3-forge-1.20.1.jar,False
doomsday_decoration,doomsday_decoration:planking_52,planking_52,doomsday_decoration-1.1.3-forge-1.20.1.jar,False
doomsday_decoration,doomsday_decoration:planking_5_a,planking_5_a,doomsday_decoration-1.1.3-forge-1.20.1.jar,False
doomsday_decoration,doomsday_decoration:planking_5_b,planking_5_b,doomsday_decoration-1.1.3-forge-1.20.1.jar,False
doomsday_decoration,doomsday_decoration:planking_5_c,planking_5_c,doomsday_decoration-1.1.3-forge-1.20.1.jar,False
doomsday_decoration,doomsday_decoration:planking_5_d,planking_5_d,doomsday_decoration-1.1.3-forge-1.20.1.jar,False
doomsday_decoration,doomsday_decoration:planking_5_e,planking_5_e,doomsday_decoration-1.1.3-forge-1.20.1.jar,False
doomsday_decoration,doomsday_decoration:planking_5_f,planking_5_f,doomsday_decoration-1.1.3-forge-1.20.1.jar,False
doomsday_decoration,doomsday_decoration:planking_5_g,planking_5_g,doomsday_decoration-1.1.3-forge-1.20.1.jar,False
doomsday_decoration,doomsday_decoration:planking_6,planking_6,doomsday_decoration-1.1.3-forge-1.20.1.jar,False
doomsday_decoration,doomsday_decoration:planking_62,planking_62,doomsday_decoration-1.1.3-forge-1.20.1.jar,False
doomsday_decoration,doomsday_decoration:planking_6_a,planking_6_a,doomsday_decoration-1.1.3-forge-1.20.1.jar,False
doomsday_decoration,doomsday_decoration:planking_6_b,planking_6_b,doomsday_decoration-1.1.3-forge-1.20.1.jar,False
doomsday_decoration,doomsday_decoration:planking_6_c,planking_6_c,doomsday_decoration-1.1.3-forge-1.20.1.jar,False
doomsday_decoration,doomsday_decoration:planking_6_d,planking_6_d,doomsday_decoration-1.1.3-forge-1.20.1.jar,False
doomsday_decoration,doomsday_decoration:planking_6_e,planking_6_e,doomsday_decoration-1.1.3-forge-1.20.1.jar,False
doomsday_decoration,doomsday_decoration:planking_6_f,planking_6_f,doomsday_decoration-1.1.3-forge-1.20.1.jar,False
doomsday_decoration,doomsday_decoration:planking_6_g,planking_6_g,doomsday_decoration-1.1.3-forge-1.20.1.jar,False
doomsday_decoration,doomsday_decoration:planking_g,planking_g,doomsday_decoration-1.1.3-forge-1.20.1.jar,False
doomsday_decoration,doomsday_decoration:plasticbox,plasticbox,doomsday_decoration-1.1.3-forge-1.20.1.jar,False
doomsday_decoration,doomsday_decoration:plasticbox_2,plasticbox_2,doomsday_decoration-1.1.3-forge-1.20.1.jar,False
doomsday_decoration,doomsday_decoration:plasticbox_3,plasticbox_3,doomsday_decoration-1.1.3-forge-1.20.1.jar,False
doomsday_decoration,doomsday_decoration:plasticbox_4,plasticbox_4,doomsday_decoration-1.1.3-forge-1.20.1.jar,False
doomsday_decoration,doomsday_decoration:plasticchair,plasticchair,doomsday_decoration-1.1.3-forge-1.20.1.jar,False
doomsday_decoration,doomsday_decoration:plate,plate,doomsday_decoration-1.1.3-forge-1.20.1.jar,False
doomsday_decoration,doomsday_decoration:platform,platform,doomsday_decoration-1.1.3-forge-1.20.1.jar,False
doomsday_decoration,doomsday_decoration:pole,pole,doomsday_decoration-1.1.3-forge-1.20.1.jar,False
doomsday_decoration,doomsday_decoration:policecar_1,policecar_1,doomsday_decoration-1.1.3-forge-1.20.1.jar,False
doomsday_decoration,doomsday_decoration:policecar_2,policecar_2,doomsday_decoration-1.1.3-forge-1.20.1.jar,False
doomsday_decoration,doomsday_decoration:policecar_3,policecar_3,doomsday_decoration-1.1.3-forge-1.20.1.jar,False
doomsday_decoration,doomsday_decoration:policecar_4,policecar_4,doomsday_decoration-1.1.3-forge-1.20.1.jar,False
doomsday_decoration,doomsday_decoration:poolceramictiles,poolceramictiles,doomsday_decoration-1.1.3-forge-1.20.1.jar,False
doomsday_decoration,doomsday_decoration:pooltiles,pooltiles,doomsday_decoration-1.1.3-forge-1.20.1.jar,False
doomsday_decoration,doomsday_decoration:pooltilesstaircase,pooltilesstaircase,doomsday_decoration-1.1.3-forge-1.20.1.jar,True
doomsday_decoration,doomsday_decoration:pooltilessteps,pooltilessteps,doomsday_decoration-1.1.3-forge-1.20.1.jar,False
doomsday_decoration,doomsday_decoration:pooltilestaircase,pooltilestaircase,doomsday_decoration-1.1.3-forge-1.20.1.jar,True
doomsday_decoration,doomsday_decoration:pooltilesteps,pooltilesteps,doomsday_decoration-1.1.3-forge-1.20.1.jar,False
doomsday_decoration,doomsday_decoration:pooltileswall,pooltileswall,doomsday_decoration-1.1.3-forge-1.20.1.jar,False
doomsday_decoration,doomsday_decoration:pooltilewall,pooltilewall,doomsday_decoration-1.1.3-forge-1.20.1.jar,False
doomsday_decoration,doomsday_decoration:popcornpopper,popcornpopper,doomsday_decoration-1.1.3-forge-1.20.1.jar,False
doomsday_decoration,doomsday_decoration:porcelainbrickwall,porcelainbrickwall,doomsday_decoration-1.1.3-forge-1.20.1.jar,False
doomsday_decoration,doomsday_decoration:pottedplant,pottedplant,doomsday_decoration-1.1.3-forge-1.20.1.jar,False
doomsday_decoration,doomsday_decoration:pottedplant_2,pottedplant_2,doomsday_decoration-1.1.3-forge-1.20.1.jar,False
doomsday_decoration,doomsday_decoration:printer,printer,doomsday_decoration-1.1.3-forge-1.20.1.jar,False
doomsday_decoration,doomsday_decoration:projector,projector,doomsday_decoration-1.1.3-forge-1.20.1.jar,False
doomsday_decoration,doomsday_decoration:projector_2,projector_2,doomsday_decoration-1.1.3-forge-1.20.1.jar,False
doomsday_decoration,doomsday_decoration:publictelephone,publictelephone,doomsday_decoration-1.1.3-forge-1.20.1.jar,False
doomsday_decoration,doomsday_decoration:purpleandblueceramictiles,purpleandblueceramictiles,doomsday_decoration-1.1.3-forge-1.20.1.jar,False
doomsday_decoration,doomsday_decoration:purpleandblueceramictilesstaircase,purpleandblueceramictilesstaircase,doomsday_decoration-1.1.3-forge-1.20.1.jar,True
doomsday_decoration,doomsday_decoration:purpleandblueceramictilessteps,purpleandblueceramictilessteps,doomsday_decoration-1.1.3-forge-1.20.1.jar,False
doomsday_decoration,doomsday_decoration:purpleandblueceramictileswall,purpleandblueceramictileswall,doomsday_decoration-1.1.3-forge-1.20.1.jar,False
doomsday_decoration,doomsday_decoration:radiator,radiator,doomsday_decoration-1.1.3-forge-1.20.1.jar,False
doomsday_decoration,doomsday_decoration:radio,radio,doomsday_decoration-1.1.3-forge-1.20.1.jar,False
doomsday_decoration,doomsday_decoration:rear_blue_sedan,rear_blue_sedan,doomsday_decoration-1.1.3-forge-1.20.1.jar,False
doomsday_decoration,doomsday_decoration:rearblacksedan,rearblacksedan,doomsday_decoration-1.1.3-forge-1.20.1.jar,False
doomsday_decoration,doomsday_decoration:reargraysedan,reargraysedan,doomsday_decoration-1.1.3-forge-1.20.1.jar,False
doomsday_decoration,doomsday_decoration:reargreensedan,reargreensedan,doomsday_decoration-1.1.3-forge-1.20.1.jar,False
doomsday_decoration,doomsday_decoration:rearkhakisedan,rearkhakisedan,doomsday_decoration-1.1.3-forge-1.20.1.jar,False
doomsday_decoration,doomsday_decoration:rearredsedan,rearredsedan,doomsday_decoration-1.1.3-forge-1.20.1.jar,False
doomsday_decoration,doomsday_decoration:rearwhitesedan,rearwhitesedan,doomsday_decoration-1.1.3-forge-1.20.1.jar,False
doomsday_decoration,doomsday_decoration:recordingmachine,recordingmachine,doomsday_decoration-1.1.3-forge-1.20.1.jar,False
doomsday_decoration,doomsday_decoration:red_jeep_1,red_jeep_1,doomsday_decoration-1.1.3-forge-1.20.1.jar,False
doomsday_decoration,doomsday_decoration:red_jeep_2,red_jeep_2,doomsday_decoration-1.1.3-forge-1.20.1.jar,False
doomsday_decoration,doomsday_decoration:redbrick,redbrick,doomsday_decoration-1.1.3-forge-1.20.1.jar,False
doomsday_decoration,doomsday_decoration:redcurtains,redcurtains,doomsday_decoration-1.1.3-forge-1.20.1.jar,False
doomsday_decoration,doomsday_decoration:redluggage,redluggage,doomsday_decoration-1.1.3-forge-1.20.1.jar,False
doomsday_decoration,doomsday_decoration:redpickuptruck,redpickuptruck,doomsday_decoration-1.1.3-forge-1.20.1.jar,False
doomsday_decoration,doomsday_decoration:redstationwagon,redstationwagon,doomsday_decoration-1.1.3-forge-1.20.1.jar,False
doomsday_decoration,doomsday_decoration:redvan_1,redvan_1,doomsday_decoration-1.1.3-forge-1.20.1.jar,False
doomsday_decoration,doomsday_decoration:redvan_2,redvan_2,doomsday_decoration-1.1.3-forge-1.20.1.jar,False
doomsday_decoration,doomsday_decoration:remains_1,remains_1,doomsday_decoration-1.1.3-forge-1.20.1.jar,False
doomsday_decoration,doomsday_decoration:remains_10,remains_10,doomsday_decoration-1.1.3-forge-1.20.1.jar,False
doomsday_decoration,doomsday_decoration:remains_1010,remains_1010,doomsday_decoration-1.1.3-forge-1.20.1.jar,False
doomsday_decoration,doomsday_decoration:remains_101010,remains_101010,doomsday_decoration-1.1.3-forge-1.20.1.jar,False
doomsday_decoration,doomsday_decoration:remains_11,remains_11,doomsday_decoration-1.1.3-forge-1.20.1.jar,False
doomsday_decoration,doomsday_decoration:remains_111,remains_111,doomsday_decoration-1.1.3-forge-1.20.1.jar,False
doomsday_decoration,doomsday_decoration:remains_2,remains_2,doomsday_decoration-1.1.3-forge-1.20.1.jar,False
doomsday_decoration,doomsday_decoration:remains_22,remains_22,doomsday_decoration-1.1.3-forge-1.20.1.jar,False
doomsday_decoration,doomsday_decoration:remains_222,remains_222,doomsday_decoration-1.1.3-forge-1.20.1.jar,False
doomsday_decoration,doomsday_decoration:remains_3,remains_3,doomsday_decoration-1.1.3-forge-1.20.1.jar,False
doomsday_decoration,doomsday_decoration:remains_33,remains_33,doomsday_decoration-1.1.3-forge-1.20.1.jar,False
doomsday_decoration,doomsday_decoration:remains_333,remains_333,doomsday_decoration-1.1.3-forge-1.20.1.jar,False
doomsday_decoration,doomsday_decoration:remains_4,remains_4,doomsday_decoration-1.1.3-forge-1.20.1.jar,False
doomsday_decoration,doomsday_decoration:remains_44,remains_44,doomsday_decoration-1.1.3-forge-1.20.1.jar,False
doomsday_decoration,doomsday_decoration:remains_444,remains_444,doomsday_decoration-1.1.3-forge-1.20.1.jar,False
doomsday_decoration,doomsday_decoration:remains_5,remains_5,doomsday_decoration-1.1.3-forge-1.20.1.jar,False
doomsday_decoration,doomsday_decoration:remains_55,remains_55,doomsday_decoration-1.1.3-forge-1.20.1.jar,False
doomsday_decoration,doomsday_decoration:remains_555,remains_555,doomsday_decoration-1.1.3-forge-1.20.1.jar,False
doomsday_decoration,doomsday_decoration:remains_6,remains_6,doomsday_decoration-1.1.3-forge-1.20.1.jar,False
doomsday_decoration,doomsday_decoration:remains_66,remains_66,doomsday_decoration-1.1.3-forge-1.20.1.jar,False
doomsday_decoration,doomsday_decoration:remains_666,remains_666,doomsday_decoration-1.1.3-forge-1.20.1.jar,False
doomsday_decoration,doomsday_decoration:remains_7,remains_7,doomsday_decoration-1.1.3-forge-1.20.1.jar,False
doomsday_decoration,doomsday_decoration:remains_77,remains_77,doomsday_decoration-1.1.3-forge-1.20.1.jar,False
doomsday_decoration,doomsday_decoration:remains_777,remains_777,doomsday_decoration-1.1.3-forge-1.20.1.jar,False
doomsday_decoration,doomsday_decoration:remains_8,remains_8,doomsday_decoration-1.1.3-forge-1.20.1.jar,False
doomsday_decoration,doomsday_decoration:remains_88,remains_88,doomsday_decoration-1.1.3-forge-1.20.1.jar,False
doomsday_decoration,doomsday_decoration:remains_888,remains_888,doomsday_decoration-1.1.3-forge-1.20.1.jar,False
doomsday_decoration,doomsday_decoration:remains_9,remains_9,doomsday_decoration-1.1.3-forge-1.20.1.jar,False
doomsday_decoration,doomsday_decoration:remains_99,remains_99,doomsday_decoration-1.1.3-forge-1.20.1.jar,False
doomsday_decoration,doomsday_decoration:remains_999,remains_999,doomsday_decoration-1.1.3-forge-1.20.1.jar,False
doomsday_decoration,doomsday_decoration:rightescalator,rightescalator,doomsday_decoration-1.1.3-forge-1.20.1.jar,False
doomsday_decoration,doomsday_decoration:roadsignpole,roadsignpole,doomsday_decoration-1.1.3-forge-1.20.1.jar,False
doomsday_decoration,doomsday_decoration:robloxjar,robloxjar,doomsday_decoration-1.1.3-forge-1.20.1.jar,False
doomsday_decoration,doomsday_decoration:roundbrick,roundbrick,doomsday_decoration-1.1.3-forge-1.20.1.jar,False
doomsday_decoration,doomsday_decoration:roundbrickstaircase,roundbrickstaircase,doomsday_decoration-1.1.3-forge-1.20.1.jar,True
doomsday_decoration,doomsday_decoration:roundbricksteps,roundbricksteps,doomsday_decoration-1.1.3-forge-1.20.1.jar,False
doomsday_decoration,doomsday_decoration:roundbrickwall,roundbrickwall,doomsday_decoration-1.1.3-forge-1.20.1.jar,False
doomsday_decoration,doomsday_decoration:roundlamps,roundlamps,doomsday_decoration-1.1.3-forge-1.20.1.jar,False
doomsday_decoration,doomsday_decoration:roundlamps_2,roundlamps_2,doomsday_decoration-1.1.3-forge-1.20.1.jar,False
doomsday_decoration,doomsday_decoration:roundlamps_3,roundlamps_3,doomsday_decoration-1.1.3-forge-1.20.1.jar,False
doomsday_decoration,doomsday_decoration:safe,safe,doomsday_decoration-1.1.3-forge-1.20.1.jar,False
doomsday_decoration,doomsday_decoration:sandbag,sandbag,doomsday_decoration-1.1.3-forge-1.20.1.jar,False
doomsday_decoration,doomsday_decoration:sandbag_2,sandbag_2,doomsday_decoration-1.1.3-forge-1.20.1.jar,False
doomsday_decoration,doomsday_decoration:sandbag_3,sandbag_3,doomsday_decoration-1.1.3-forge-1.20.1.jar,False
doomsday_decoration,doomsday_decoration:sandbag_4,sandbag_4,doomsday_decoration-1.1.3-forge-1.20.1.jar,False
doomsday_decoration,doomsday_decoration:sandbag_5,sandbag_5,doomsday_decoration-1.1.3-forge-1.20.1.jar,False
doomsday_decoration,doomsday_decoration:scale,scale,doomsday_decoration-1.1.3-forge-1.20.1.jar,False
doomsday_decoration,doomsday_decoration:sculpture,sculpture,doomsday_decoration-1.1.3-forge-1.20.1.jar,False
doomsday_decoration,doomsday_decoration:shed_1,shed_1,doomsday_decoration-1.1.3-forge-1.20.1.jar,False
doomsday_decoration,doomsday_decoration:shed_2,shed_2,doomsday_decoration-1.1.3-forge-1.20.1.jar,False
doomsday_decoration,doomsday_decoration:shed_3,shed_3,doomsday_decoration-1.1.3-forge-1.20.1.jar,False
doomsday_decoration,doomsday_decoration:shed_4,shed_4,doomsday_decoration-1.1.3-forge-1.20.1.jar,False
doomsday_decoration,doomsday_decoration:shed_5,shed_5,doomsday_decoration-1.1.3-forge-1.20.1.jar,False
doomsday_decoration,doomsday_decoration:shed_6,shed_6,doomsday_decoration-1.1.3-forge-1.20.1.jar,False
doomsday_decoration,doomsday_decoration:shed_7,shed_7,doomsday_decoration-1.1.3-forge-1.20.1.jar,False
doomsday_decoration,doomsday_decoration:shelf,shelf,doomsday_decoration-1.1.3-forge-1.20.1.jar,True
doomsday_decoration,doomsday_decoration:shelf_2,shelf_2,doomsday_decoration-1.1.3-forge-1.20.1.jar,True
doomsday_decoration,doomsday_decoration:shelf_3,shelf_3,doomsday_decoration-1.1.3-forge-1.20.1.jar,True
doomsday_decoration,doomsday_decoration:shelf_4,shelf_4,doomsday_decoration-1.1.3-forge-1.20.1.jar,True
doomsday_decoration,doomsday_decoration:shit,shit,doomsday_decoration-1.1.3-forge-1.20.1.jar,False
doomsday_decoration,doomsday_decoration:shopping_cart,shopping_cart,doomsday_decoration-1.1.3-forge-1.20.1.jar,False
doomsday_decoration,doomsday_decoration:shutter_1,shutter_1,doomsday_decoration-1.1.3-forge-1.20.1.jar,False
doomsday_decoration,doomsday_decoration:shutter_2,shutter_2,doomsday_decoration-1.1.3-forge-1.20.1.jar,False
doomsday_decoration,doomsday_decoration:shutter_3,shutter_3,doomsday_decoration-1.1.3-forge-1.20.1.jar,False
doomsday_decoration,doomsday_decoration:shutter_4,shutter_4,doomsday_decoration-1.1.3-forge-1.20.1.jar,False
doomsday_decoration,doomsday_decoration:shutter_5,shutter_5,doomsday_decoration-1.1.3-forge-1.20.1.jar,False
doomsday_decoration,doomsday_decoration:sign,sign,doomsday_decoration-1.1.3-forge-1.20.1.jar,False
doomsday_decoration,doomsday_decoration:socket,socket,doomsday_decoration-1.1.3-forge-1.20.1.jar,False
doomsday_decoration,doomsday_decoration:sofa,sofa,doomsday_decoration-1.1.3-forge-1.20.1.jar,False
doomsday_decoration,doomsday_decoration:sofa_2,sofa_2,doomsday_decoration-1.1.3-forge-1.20.1.jar,False
doomsday_decoration,doomsday_decoration:speaker,speaker,doomsday_decoration-1.1.3-forge-1.20.1.jar,False
doomsday_decoration,doomsday_decoration:spectrophotometer,spectrophotometer,doomsday_decoration-1.1.3-forge-1.20.1.jar,False
doomsday_decoration,doomsday_decoration:speedbump,speedbump,doomsday_decoration-1.1.3-forge-1.20.1.jar,False
doomsday_decoration,doomsday_decoration:speedlimit,speedlimit,doomsday_decoration-1.1.3-forge-1.20.1.jar,False
doomsday_decoration,doomsday_decoration:spotlight,spotlight,doomsday_decoration-1.1.3-forge-1.20.1.jar,False
doomsday_decoration,doomsday_decoration:spotlight_2,spotlight_2,doomsday_decoration-1.1.3-forge-1.20.1.jar,False
doomsday_decoration,doomsday_decoration:squarebrick,squarebrick,doomsday_decoration-1.1.3-forge-1.20.1.jar,False
doomsday_decoration,doomsday_decoration:squarebrick_10,squarebrick_10,doomsday_decoration-1.1.3-forge-1.20.1.jar,False
doomsday_decoration,doomsday_decoration:squarebrick_11,squarebrick_11,doomsday_decoration-1.1.3-forge-1.20.1.jar,False
doomsday_decoration,doomsday_decoration:squarebrick_12,squarebrick_12,doomsday_decoration-1.1.3-forge-1.20.1.jar,False
doomsday_decoration,doomsday_decoration:squarebrick_13,squarebrick_13,doomsday_decoration-1.1.3-forge-1.20.1.jar,False
doomsday_decoration,doomsday_decoration:squarebrick_14,squarebrick_14,doomsday_decoration-1.1.3-forge-1.20.1.jar,False
doomsday_decoration,doomsday_decoration:squarebrick_15,squarebrick_15,doomsday_decoration-1.1.3-forge-1.20.1.jar,False
doomsday_decoration,doomsday_decoration:squarebrick_16,squarebrick_16,doomsday_decoration-1.1.3-forge-1.20.1.jar,False
doomsday_decoration,doomsday_decoration:squarebrick_17,squarebrick_17,doomsday_decoration-1.1.3-forge-1.20.1.jar,False
doomsday_decoration,doomsday_decoration:squarebrick_18,squarebrick_18,doomsday_decoration-1.1.3-forge-1.20.1.jar,False
doomsday_decoration,doomsday_decoration:squarebrick_19,squarebrick_19,doomsday_decoration-1.1.3-forge-1.20.1.jar,False
doomsday_decoration,doomsday_decoration:squarebrick_2,squarebrick_2,doomsday_decoration-1.1.3-forge-1.20.1.jar,False
doomsday_decoration,doomsday_decoration:squarebrick_20,squarebrick_20,doomsday_decoration-1.1.3-forge-1.20.1.jar,False
doomsday_decoration,doomsday_decoration:squarebrick_21,squarebrick_21,doomsday_decoration-1.1.3-forge-1.20.1.jar,False
doomsday_decoration,doomsday_decoration:squarebrick_22,squarebrick_22,doomsday_decoration-1.1.3-forge-1.20.1.jar,False
doomsday_decoration,doomsday_decoration:squarebrick_23,squarebrick_23,doomsday_decoration-1.1.3-forge-1.20.1.jar,False
doomsday_decoration,doomsday_decoration:squarebrick_24,squarebrick_24,doomsday_decoration-1.1.3-forge-1.20.1.jar,False
doomsday_decoration,doomsday_decoration:squarebrick_25,squarebrick_25,doomsday_decoration-1.1.3-forge-1.20.1.jar,False
doomsday_decoration,doomsday_decoration:squarebrick_26,squarebrick_26,doomsday_decoration-1.1.3-forge-1.20.1.jar,False
doomsday_decoration,doomsday_decoration:squarebrick_27,squarebrick_27,doomsday_decoration-1.1.3-forge-1.20.1.jar,False
doomsday_decoration,doomsday_decoration:squarebrick_28,squarebrick_28,doomsday_decoration-1.1.3-forge-1.20.1.jar,False
doomsday_decoration,doomsday_decoration:squarebrick_29,squarebrick_29,doomsday_decoration-1.1.3-forge-1.20.1.jar,False
doomsday_decoration,doomsday_decoration:squarebrick_3,squarebrick_3,doomsday_decoration-1.1.3-forge-1.20.1.jar,False
doomsday_decoration,doomsday_decoration:squarebrick_30,squarebrick_30,doomsday_decoration-1.1.3-forge-1.20.1.jar,False
doomsday_decoration,doomsday_decoration:squarebrick_31,squarebrick_31,doomsday_decoration-1.1.3-forge-1.20.1.jar,False
doomsday_decoration,doomsday_decoration:squarebrick_32,squarebrick_32,doomsday_decoration-1.1.3-forge-1.20.1.jar,False
doomsday_decoration,doomsday_decoration:squarebrick_33,squarebrick_33,doomsday_decoration-1.1.3-forge-1.20.1.jar,False
doomsday_decoration,doomsday_decoration:squarebrick_34,squarebrick_34,doomsday_decoration-1.1.3-forge-1.20.1.jar,False
doomsday_decoration,doomsday_decoration:squarebrick_35,squarebrick_35,doomsday_decoration-1.1.3-forge-1.20.1.jar,False
doomsday_decoration,doomsday_decoration:squarebrick_36,squarebrick_36,doomsday_decoration-1.1.3-forge-1.20.1.jar,False
doomsday_decoration,doomsday_decoration:squarebrick_37,squarebrick_37,doomsday_decoration-1.1.3-forge-1.20.1.jar,False
doomsday_decoration,doomsday_decoration:squarebrick_38,squarebrick_38,doomsday_decoration-1.1.3-forge-1.20.1.jar,False
doomsday_decoration,doomsday_decoration:squarebrick_4,squarebrick_4,doomsday_decoration-1.1.3-forge-1.20.1.jar,False
doomsday_decoration,doomsday_decoration:squarebrick_5,squarebrick_5,doomsday_decoration-1.1.3-forge-1.20.1.jar,False
doomsday_decoration,doomsday_decoration:squarebrick_6,squarebrick_6,doomsday_decoration-1.1.3-forge-1.20.1.jar,False
doomsday_decoration,doomsday_decoration:squarebrick_7,squarebrick_7,doomsday_decoration-1.1.3-forge-1.20.1.jar,False
doomsday_decoration,doomsday_decoration:squarebrick_8,squarebrick_8,doomsday_decoration-1.1.3-forge-1.20.1.jar,False
doomsday_decoration,doomsday_decoration:squarebrick_9,squarebrick_9,doomsday_decoration-1.1.3-forge-1.20.1.jar,False
doomsday_decoration,doomsday_decoration:squarebrickstaircase,squarebrickstaircase,doomsday_decoration-1.1.3-forge-1.20.1.jar,True
doomsday_decoration,doomsday_decoration:squarebrickstaircase_10,squarebrickstaircase_10,doomsday_decoration-1.1.3-forge-1.20.1.jar,True
doomsday_decoration,doomsday_decoration:squarebrickstaircase_11,squarebrickstaircase_11,doomsday_decoration-1.1.3-forge-1.20.1.jar,True
doomsday_decoration,doomsday_decoration:squarebrickstaircase_12,squarebrickstaircase_12,doomsday_decoration-1.1.3-forge-1.20.1.jar,True
doomsday_decoration,doomsday_decoration:squarebrickstaircase_13,squarebrickstaircase_13,doomsday_decoration-1.1.3-forge-1.20.1.jar,True
doomsday_decoration,doomsday_decoration:squarebrickstaircase_14,squarebrickstaircase_14,doomsday_decoration-1.1.3-forge-1.20.1.jar,True
doomsday_decoration,doomsday_decoration:squarebrickstaircase_15,squarebrickstaircase_15,doomsday_decoration-1.1.3-forge-1.20.1.jar,True
doomsday_decoration,doomsday_decoration:squarebrickstaircase_16,squarebrickstaircase_16,doomsday_decoration-1.1.3-forge-1.20.1.jar,True
doomsday_decoration,doomsday_decoration:squarebrickstaircase_17,squarebrickstaircase_17,doomsday_decoration-1.1.3-forge-1.20.1.jar,True
doomsday_decoration,doomsday_decoration:squarebrickstaircase_18,squarebrickstaircase_18,doomsday_decoration-1.1.3-forge-1.20.1.jar,True
doomsday_decoration,doomsday_decoration:squarebrickstaircase_19,squarebrickstaircase_19,doomsday_decoration-1.1.3-forge-1.20.1.jar,True
doomsday_decoration,doomsday_decoration:squarebrickstaircase_2,squarebrickstaircase_2,doomsday_decoration-1.1.3-forge-1.20.1.jar,True
doomsday_decoration,doomsday_decoration:squarebrickstaircase_20,squarebrickstaircase_20,doomsday_decoration-1.1.3-forge-1.20.1.jar,True
doomsday_decoration,doomsday_decoration:squarebrickstaircase_21,squarebrickstaircase_21,doomsday_decoration-1.1.3-forge-1.20.1.jar,True
doomsday_decoration,doomsday_decoration:squarebrickstaircase_22,squarebrickstaircase_22,doomsday_decoration-1.1.3-forge-1.20.1.jar,True
doomsday_decoration,doomsday_decoration:squarebrickstaircase_23,squarebrickstaircase_23,doomsday_decoration-1.1.3-forge-1.20.1.jar,True
doomsday_decoration,doomsday_decoration:squarebrickstaircase_24,squarebrickstaircase_24,doomsday_decoration-1.1.3-forge-1.20.1.jar,True
doomsday_decoration,doomsday_decoration:squarebrickstaircase_25,squarebrickstaircase_25,doomsday_decoration-1.1.3-forge-1.20.1.jar,True
doomsday_decoration,doomsday_decoration:squarebrickstaircase_26,squarebrickstaircase_26,doomsday_decoration-1.1.3-forge-1.20.1.jar,True
doomsday_decoration,doomsday_decoration:squarebrickstaircase_27,squarebrickstaircase_27,doomsday_decoration-1.1.3-forge-1.20.1.jar,True
doomsday_decoration,doomsday_decoration:squarebrickstaircase_28,squarebrickstaircase_28,doomsday_decoration-1.1.3-forge-1.20.1.jar,True
doomsday_decoration,doomsday_decoration:squarebrickstaircase_29,squarebrickstaircase_29,doomsday_decoration-1.1.3-forge-1.20.1.jar,True
doomsday_decoration,doomsday_decoration:squarebrickstaircase_3,squarebrickstaircase_3,doomsday_decoration-1.1.3-forge-1.20.1.jar,True
doomsday_decoration,doomsday_decoration:squarebrickstaircase_30,squarebrickstaircase_30,doomsday_decoration-1.1.3-forge-1.20.1.jar,True
doomsday_decoration,doomsday_decoration:squarebrickstaircase_31,squarebrickstaircase_31,doomsday_decoration-1.1.3-forge-1.20.1.jar,True
doomsday_decoration,doomsday_decoration:squarebrickstaircase_32,squarebrickstaircase_32,doomsday_decoration-1.1.3-forge-1.20.1.jar,True
doomsday_decoration,doomsday_decoration:squarebrickstaircase_33,squarebrickstaircase_33,doomsday_decoration-1.1.3-forge-1.20.1.jar,True
doomsday_decoration,doomsday_decoration:squarebrickstaircase_34,squarebrickstaircase_34,doomsday_decoration-1.1.3-forge-1.20.1.jar,True
doomsday_decoration,doomsday_decoration:squarebrickstaircase_35,squarebrickstaircase_35,doomsday_decoration-1.1.3-forge-1.20.1.jar,True
doomsday_decoration,doomsday_decoration:squarebrickstaircase_36,squarebrickstaircase_36,doomsday_decoration-1.1.3-forge-1.20.1.jar,True
doomsday_decoration,doomsday_decoration:squarebrickstaircase_37,squarebrickstaircase_37,doomsday_decoration-1.1.3-forge-1.20.1.jar,True
doomsday_decoration,doomsday_decoration:squarebrickstaircase_38,squarebrickstaircase_38,doomsday_decoration-1.1.3-forge-1.20.1.jar,True
doomsday_decoration,doomsday_decoration:squarebrickstaircase_4,squarebrickstaircase_4,doomsday_decoration-1.1.3-forge-1.20.1.jar,True
doomsday_decoration,doomsday_decoration:squarebrickstaircase_5,squarebrickstaircase_5,doomsday_decoration-1.1.3-forge-1.20.1.jar,True
doomsday_decoration,doomsday_decoration:squarebrickstaircase_6,squarebrickstaircase_6,doomsday_decoration-1.1.3-forge-1.20.1.jar,True
doomsday_decoration,doomsday_decoration:squarebrickstaircase_7,squarebrickstaircase_7,doomsday_decoration-1.1.3-forge-1.20.1.jar,True
doomsday_decoration,doomsday_decoration:squarebrickstaircase_8,squarebrickstaircase_8,doomsday_decoration-1.1.3-forge-1.20.1.jar,True
doomsday_decoration,doomsday_decoration:squarebrickstaircase_9,squarebrickstaircase_9,doomsday_decoration-1.1.3-forge-1.20.1.jar,True
doomsday_decoration,doomsday_decoration:squarebricksteps,squarebricksteps,doomsday_decoration-1.1.3-forge-1.20.1.jar,False
doomsday_decoration,doomsday_decoration:squarebricksteps_10,squarebricksteps_10,doomsday_decoration-1.1.3-forge-1.20.1.jar,False
doomsday_decoration,doomsday_decoration:squarebricksteps_11,squarebricksteps_11,doomsday_decoration-1.1.3-forge-1.20.1.jar,False
doomsday_decoration,doomsday_decoration:squarebricksteps_12,squarebricksteps_12,doomsday_decoration-1.1.3-forge-1.20.1.jar,False
doomsday_decoration,doomsday_decoration:squarebricksteps_13,squarebricksteps_13,doomsday_decoration-1.1.3-forge-1.20.1.jar,False
doomsday_decoration,doomsday_decoration:squarebricksteps_14,squarebricksteps_14,doomsday_decoration-1.1.3-forge-1.20.1.jar,False
doomsday_decoration,doomsday_decoration:squarebricksteps_15,squarebricksteps_15,doomsday_decoration-1.1.3-forge-1.20.1.jar,False
doomsday_decoration,doomsday_decoration:squarebricksteps_16,squarebricksteps_16,doomsday_decoration-1.1.3-forge-1.20.1.jar,False
doomsday_decoration,doomsday_decoration:squarebricksteps_17,squarebricksteps_17,doomsday_decoration-1.1.3-forge-1.20.1.jar,False
doomsday_decoration,doomsday_decoration:squarebricksteps_18,squarebricksteps_18,doomsday_decoration-1.1.3-forge-1.20.1.jar,False
doomsday_decoration,doomsday_decoration:squarebricksteps_19,squarebricksteps_19,doomsday_decoration-1.1.3-forge-1.20.1.jar,False
doomsday_decoration,doomsday_decoration:squarebricksteps_2,squarebricksteps_2,doomsday_decoration-1.1.3-forge-1.20.1.jar,False
doomsday_decoration,doomsday_decoration:squarebricksteps_20,squarebricksteps_20,doomsday_decoration-1.1.3-forge-1.20.1.jar,False
doomsday_decoration,doomsday_decoration:squarebricksteps_21,squarebricksteps_21,doomsday_decoration-1.1.3-forge-1.20.1.jar,False
doomsday_decoration,doomsday_decoration:squarebricksteps_22,squarebricksteps_22,doomsday_decoration-1.1.3-forge-1.20.1.jar,False
doomsday_decoration,doomsday_decoration:squarebricksteps_23,squarebricksteps_23,doomsday_decoration-1.1.3-forge-1.20.1.jar,False
doomsday_decoration,doomsday_decoration:squarebricksteps_24,squarebricksteps_24,doomsday_decoration-1.1.3-forge-1.20.1.jar,False
doomsday_decoration,doomsday_decoration:squarebricksteps_25,squarebricksteps_25,doomsday_decoration-1.1.3-forge-1.20.1.jar,False
doomsday_decoration,doomsday_decoration:squarebricksteps_26,squarebricksteps_26,doomsday_decoration-1.1.3-forge-1.20.1.jar,False
doomsday_decoration,doomsday_decoration:squarebricksteps_27,squarebricksteps_27,doomsday_decoration-1.1.3-forge-1.20.1.jar,False
doomsday_decoration,doomsday_decoration:squarebricksteps_28,squarebricksteps_28,doomsday_decoration-1.1.3-forge-1.20.1.jar,False
doomsday_decoration,doomsday_decoration:squarebricksteps_29,squarebricksteps_29,doomsday_decoration-1.1.3-forge-1.20.1.jar,False
doomsday_decoration,doomsday_decoration:squarebricksteps_3,squarebricksteps_3,doomsday_decoration-1.1.3-forge-1.20.1.jar,False
doomsday_decoration,doomsday_decoration:squarebricksteps_30,squarebricksteps_30,doomsday_decoration-1.1.3-forge-1.20.1.jar,False
doomsday_decoration,doomsday_decoration:squarebricksteps_31,squarebricksteps_31,doomsday_decoration-1.1.3-forge-1.20.1.jar,False
doomsday_decoration,doomsday_decoration:squarebricksteps_32,squarebricksteps_32,doomsday_decoration-1.1.3-forge-1.20.1.jar,False
doomsday_decoration,doomsday_decoration:squarebricksteps_33,squarebricksteps_33,doomsday_decoration-1.1.3-forge-1.20.1.jar,False
doomsday_decoration,doomsday_decoration:squarebricksteps_34,squarebricksteps_34,doomsday_decoration-1.1.3-forge-1.20.1.jar,False
doomsday_decoration,doomsday_decoration:squarebricksteps_35,squarebricksteps_35,doomsday_decoration-1.1.3-forge-1.20.1.jar,False
doomsday_decoration,doomsday_decoration:squarebricksteps_36,squarebricksteps_36,doomsday_decoration-1.1.3-forge-1.20.1.jar,False
doomsday_decoration,doomsday_decoration:squarebricksteps_37,squarebricksteps_37,doomsday_decoration-1.1.3-forge-1.20.1.jar,False
doomsday_decoration,doomsday_decoration:squarebricksteps_38,squarebricksteps_38,doomsday_decoration-1.1.3-forge-1.20.1.jar,False
doomsday_decoration,doomsday_decoration:squarebricksteps_4,squarebricksteps_4,doomsday_decoration-1.1.3-forge-1.20.1.jar,False
doomsday_decoration,doomsday_decoration:squarebricksteps_5,squarebricksteps_5,doomsday_decoration-1.1.3-forge-1.20.1.jar,False
doomsday_decoration,doomsday_decoration:squarebricksteps_6,squarebricksteps_6,doomsday_decoration-1.1.3-forge-1.20.1.jar,False
doomsday_decoration,doomsday_decoration:squarebricksteps_7,squarebricksteps_7,doomsday_decoration-1.1.3-forge-1.20.1.jar,False
doomsday_decoration,doomsday_decoration:squarebricksteps_8,squarebricksteps_8,doomsday_decoration-1.1.3-forge-1.20.1.jar,False
doomsday_decoration,doomsday_decoration:squarebricksteps_9,squarebricksteps_9,doomsday_decoration-1.1.3-forge-1.20.1.jar,False
doomsday_decoration,doomsday_decoration:squarebrickwall,squarebrickwall,doomsday_decoration-1.1.3-forge-1.20.1.jar,False
doomsday_decoration,doomsday_decoration:squarebrickwall_10,squarebrickwall_10,doomsday_decoration-1.1.3-forge-1.20.1.jar,False
doomsday_decoration,doomsday_decoration:squarebrickwall_11,squarebrickwall_11,doomsday_decoration-1.1.3-forge-1.20.1.jar,False
doomsday_decoration,doomsday_decoration:squarebrickwall_12,squarebrickwall_12,doomsday_decoration-1.1.3-forge-1.20.1.jar,False
doomsday_decoration,doomsday_decoration:squarebrickwall_13,squarebrickwall_13,doomsday_decoration-1.1.3-forge-1.20.1.jar,False
doomsday_decoration,doomsday_decoration:squarebrickwall_14,squarebrickwall_14,doomsday_decoration-1.1.3-forge-1.20.1.jar,False
doomsday_decoration,doomsday_decoration:squarebrickwall_15,squarebrickwall_15,doomsday_decoration-1.1.3-forge-1.20.1.jar,False
doomsday_decoration,doomsday_decoration:squarebrickwall_16,squarebrickwall_16,doomsday_decoration-1.1.3-forge-1.20.1.jar,False
doomsday_decoration,doomsday_decoration:squarebrickwall_17,squarebrickwall_17,doomsday_decoration-1.1.3-forge-1.20.1.jar,False
doomsday_decoration,doomsday_decoration:squarebrickwall_18,squarebrickwall_18,doomsday_decoration-1.1.3-forge-1.20.1.jar,False
doomsday_decoration,doomsday_decoration:squarebrickwall_19,squarebrickwall_19,doomsday_decoration-1.1.3-forge-1.20.1.jar,False
doomsday_decoration,doomsday_decoration:squarebrickwall_2,squarebrickwall_2,doomsday_decoration-1.1.3-forge-1.20.1.jar,False
doomsday_decoration,doomsday_decoration:squarebrickwall_20,squarebrickwall_20,doomsday_decoration-1.1.3-forge-1.20.1.jar,False
doomsday_decoration,doomsday_decoration:squarebrickwall_21,squarebrickwall_21,doomsday_decoration-1.1.3-forge-1.20.1.jar,False
doomsday_decoration,doomsday_decoration:squarebrickwall_22,squarebrickwall_22,doomsday_decoration-1.1.3-forge-1.20.1.jar,False
doomsday_decoration,doomsday_decoration:squarebrickwall_23,squarebrickwall_23,doomsday_decoration-1.1.3-forge-1.20.1.jar,False
doomsday_decoration,doomsday_decoration:squarebrickwall_24,squarebrickwall_24,doomsday_decoration-1.1.3-forge-1.20.1.jar,False
doomsday_decoration,doomsday_decoration:squarebrickwall_25,squarebrickwall_25,doomsday_decoration-1.1.3-forge-1.20.1.jar,False
doomsday_decoration,doomsday_decoration:squarebrickwall_26,squarebrickwall_26,doomsday_decoration-1.1.3-forge-1.20.1.jar,False
doomsday_decoration,doomsday_decoration:squarebrickwall_27,squarebrickwall_27,doomsday_decoration-1.1.3-forge-1.20.1.jar,False
doomsday_decoration,doomsday_decoration:squarebrickwall_28,squarebrickwall_28,doomsday_decoration-1.1.3-forge-1.20.1.jar,False
doomsday_decoration,doomsday_decoration:squarebrickwall_29,squarebrickwall_29,doomsday_decoration-1.1.3-forge-1.20.1.jar,False
doomsday_decoration,doomsday_decoration:squarebrickwall_3,squarebrickwall_3,doomsday_decoration-1.1.3-forge-1.20.1.jar,False
doomsday_decoration,doomsday_decoration:squarebrickwall_30,squarebrickwall_30,doomsday_decoration-1.1.3-forge-1.20.1.jar,False
doomsday_decoration,doomsday_decoration:squarebrickwall_31,squarebrickwall_31,doomsday_decoration-1.1.3-forge-1.20.1.jar,False
doomsday_decoration,doomsday_decoration:squarebrickwall_32,squarebrickwall_32,doomsday_decoration-1.1.3-forge-1.20.1.jar,False
doomsday_decoration,doomsday_decoration:squarebrickwall_33,squarebrickwall_33,doomsday_decoration-1.1.3-forge-1.20.1.jar,False
doomsday_decoration,doomsday_decoration:squarebrickwall_34,squarebrickwall_34,doomsday_decoration-1.1.3-forge-1.20.1.jar,False
doomsday_decoration,doomsday_decoration:squarebrickwall_35,squarebrickwall_35,doomsday_decoration-1.1.3-forge-1.20.1.jar,False
doomsday_decoration,doomsday_decoration:squarebrickwall_36,squarebrickwall_36,doomsday_decoration-1.1.3-forge-1.20.1.jar,False
doomsday_decoration,doomsday_decoration:squarebrickwall_37,squarebrickwall_37,doomsday_decoration-1.1.3-forge-1.20.1.jar,False
doomsday_decoration,doomsday_decoration:squarebrickwall_38,squarebrickwall_38,doomsday_decoration-1.1.3-forge-1.20.1.jar,False
doomsday_decoration,doomsday_decoration:squarebrickwall_4,squarebrickwall_4,doomsday_decoration-1.1.3-forge-1.20.1.jar,False
doomsday_decoration,doomsday_decoration:squarebrickwall_5,squarebrickwall_5,doomsday_decoration-1.1.3-forge-1.20.1.jar,False
doomsday_decoration,doomsday_decoration:squarebrickwall_6,squarebrickwall_6,doomsday_decoration-1.1.3-forge-1.20.1.jar,False
doomsday_decoration,doomsday_decoration:squarebrickwall_7,squarebrickwall_7,doomsday_decoration-1.1.3-forge-1.20.1.jar,False
doomsday_decoration,doomsday_decoration:squarebrickwall_8,squarebrickwall_8,doomsday_decoration-1.1.3-forge-1.20.1.jar,False
doomsday_decoration,doomsday_decoration:squarebrickwall_9,squarebrickwall_9,doomsday_decoration-1.1.3-forge-1.20.1.jar,False
doomsday_decoration,doomsday_decoration:steelpipe,steelpipe,doomsday_decoration-1.1.3-forge-1.20.1.jar,False
doomsday_decoration,doomsday_decoration:stoneparticles,stoneparticles,doomsday_decoration-1.1.3-forge-1.20.1.jar,False
doomsday_decoration,doomsday_decoration:stoneparticlesstaircase,stoneparticlesstaircase,doomsday_decoration-1.1.3-forge-1.20.1.jar,True
doomsday_decoration,doomsday_decoration:stoneparticlessteps,stoneparticlessteps,doomsday_decoration-1.1.3-forge-1.20.1.jar,False
doomsday_decoration,doomsday_decoration:stoneparticleswall,stoneparticleswall,doomsday_decoration-1.1.3-forge-1.20.1.jar,False
doomsday_decoration,doomsday_decoration:stop,stop,doomsday_decoration-1.1.3-forge-1.20.1.jar,False
doomsday_decoration,doomsday_decoration:streetlamp_1,streetlamp_1,doomsday_decoration-1.1.3-forge-1.20.1.jar,False
doomsday_decoration,doomsday_decoration:streetlamp_2,streetlamp_2,doomsday_decoration-1.1.3-forge-1.20.1.jar,False
doomsday_decoration,doomsday_decoration:streetlamp_3,streetlamp_3,doomsday_decoration-1.1.3-forge-1.20.1.jar,False
doomsday_decoration,doomsday_decoration:streetlamp_4,streetlamp_4,doomsday_decoration-1.1.3-forge-1.20.1.jar,False
doomsday_decoration,doomsday_decoration:stretcher,stretcher,doomsday_decoration-1.1.3-forge-1.20.1.jar,False
doomsday_decoration,doomsday_decoration:stroller,stroller,doomsday_decoration-1.1.3-forge-1.20.1.jar,False
doomsday_decoration,doomsday_decoration:subwayseats,subwayseats,doomsday_decoration-1.1.3-forge-1.20.1.jar,False
doomsday_decoration,doomsday_decoration:table,table,doomsday_decoration-1.1.3-forge-1.20.1.jar,True
doomsday_decoration,doomsday_decoration:tablelamp,tablelamp,doomsday_decoration-1.1.3-forge-1.20.1.jar,True
doomsday_decoration,doomsday_decoration:tablelamp_2,tablelamp_2,doomsday_decoration-1.1.3-forge-1.20.1.jar,True
doomsday_decoration,doomsday_decoration:tablelamp_3,tablelamp_3,doomsday_decoration-1.1.3-forge-1.20.1.jar,True
doomsday_decoration,doomsday_decoration:tablelamp_4,tablelamp_4,doomsday_decoration-1.1.3-forge-1.20.1.jar,True
doomsday_decoration,doomsday_decoration:tabletop,tabletop,doomsday_decoration-1.1.3-forge-1.20.1.jar,True
doomsday_decoration,doomsday_decoration:tabletop_2,tabletop_2,doomsday_decoration-1.1.3-forge-1.20.1.jar,True
doomsday_decoration,doomsday_decoration:taxi_1,taxi_1,doomsday_decoration-1.1.3-forge-1.20.1.jar,False
doomsday_decoration,doomsday_decoration:taxi_2,taxi_2,doomsday_decoration-1.1.3-forge-1.20.1.jar,False
doomsday_decoration,doomsday_decoration:teapot,teapot,doomsday_decoration-1.1.3-forge-1.20.1.jar,False
doomsday_decoration,doomsday_decoration:teddybear,teddybear,doomsday_decoration-1.1.3-forge-1.20.1.jar,False
doomsday_decoration,doomsday_decoration:tenventilationducts,tenventilationducts,doomsday_decoration-1.1.3-forge-1.20.1.jar,False
doomsday_decoration,doomsday_decoration:tenventilationducts_2,tenventilationducts_2,doomsday_decoration-1.1.3-forge-1.20.1.jar,False
doomsday_decoration,doomsday_decoration:testtube,testtube,doomsday_decoration-1.1.3-forge-1.20.1.jar,False
doomsday_decoration,doomsday_decoration:testtuberack,testtuberack,doomsday_decoration-1.1.3-forge-1.20.1.jar,False
doomsday_decoration,doomsday_decoration:testtuberack_2,testtuberack_2,doomsday_decoration-1.1.3-forge-1.20.1.jar,False
doomsday_decoration,doomsday_decoration:testtuberack_3,testtuberack_3,doomsday_decoration-1.1.3-forge-1.20.1.jar,False
doomsday_decoration,doomsday_decoration:testtuberack_4,testtuberack_4,doomsday_decoration-1.1.3-forge-1.20.1.jar,False
doomsday_decoration,doomsday_decoration:testtuberack_5,testtuberack_5,doomsday_decoration-1.1.3-forge-1.20.1.jar,False
doomsday_decoration,doomsday_decoration:theballofdomination,theballofdomination,doomsday_decoration-1.1.3-forge-1.20.1.jar,False
doomsday_decoration,doomsday_decoration:theserver,theserver,doomsday_decoration-1.1.3-forge-1.20.1.jar,False
doomsday_decoration,doomsday_decoration:toilet_signs,toilet_signs,doomsday_decoration-1.1.3-forge-1.20.1.jar,False
doomsday_decoration,doomsday_decoration:toilet_signs_2,toilet_signs_2,doomsday_decoration-1.1.3-forge-1.20.1.jar,False
doomsday_decoration,doomsday_decoration:toolbox,toolbox,doomsday_decoration-1.1.3-forge-1.20.1.jar,False
doomsday_decoration,doomsday_decoration:trafficcone,trafficcone,doomsday_decoration-1.1.3-forge-1.20.1.jar,False
doomsday_decoration,doomsday_decoration:trafficcone_2,trafficcone_2,doomsday_decoration-1.1.3-forge-1.20.1.jar,False
doomsday_decoration,doomsday_decoration:trafficcone_3,trafficcone_3,doomsday_decoration-1.1.3-forge-1.20.1.jar,False
doomsday_decoration,doomsday_decoration:trafficlight,trafficlight,doomsday_decoration-1.1.3-forge-1.20.1.jar,False
doomsday_decoration,doomsday_decoration:trafficlight_2,trafficlight_2,doomsday_decoration-1.1.3-forge-1.20.1.jar,False
doomsday_decoration,doomsday_decoration:trailergenerator,trailergenerator,doomsday_decoration-1.1.3-forge-1.20.1.jar,False
doomsday_decoration,doomsday_decoration:trashbag,trashbag,doomsday_decoration-1.1.3-forge-1.20.1.jar,False
doomsday_decoration,doomsday_decoration:trashbag_2,trashbag_2,doomsday_decoration-1.1.3-forge-1.20.1.jar,False
doomsday_decoration,doomsday_decoration:trashbag_3,trashbag_3,doomsday_decoration-1.1.3-forge-1.20.1.jar,False
doomsday_decoration,doomsday_decoration:trashcan,trashcan,doomsday_decoration-1.1.3-forge-1.20.1.jar,False
doomsday_decoration,doomsday_decoration:trashcan_2,trashcan_2,doomsday_decoration-1.1.3-forge-1.20.1.jar,False
doomsday_decoration,doomsday_decoration:trashcan_3,trashcan_3,doomsday_decoration-1.1.3-forge-1.20.1.jar,False
doomsday_decoration,doomsday_decoration:trashcan_4,trashcan_4,doomsday_decoration-1.1.3-forge-1.20.1.jar,False
doomsday_decoration,doomsday_decoration:trophy,trophy,doomsday_decoration-1.1.3-forge-1.20.1.jar,False
doomsday_decoration,doomsday_decoration:tventilationduct,tventilationduct,doomsday_decoration-1.1.3-forge-1.20.1.jar,False
doomsday_decoration,doomsday_decoration:twaterpipe_1,twaterpipe_1,doomsday_decoration-1.1.3-forge-1.20.1.jar,False
doomsday_decoration,doomsday_decoration:twaterpipe_2,twaterpipe_2,doomsday_decoration-1.1.3-forge-1.20.1.jar,False
doomsday_decoration,doomsday_decoration:twaterpipe_3,twaterpipe_3,doomsday_decoration-1.1.3-forge-1.20.1.jar,False
doomsday_decoration,doomsday_decoration:twaterpipe_4,twaterpipe_4,doomsday_decoration-1.1.3-forge-1.20.1.jar,False
doomsday_decoration,doomsday_decoration:urinepool,urinepool,doomsday_decoration-1.1.3-forge-1.20.1.jar,False
doomsday_decoration,doomsday_decoration:vehiclemountedmachinegun_1,vehiclemountedmachinegun_1,doomsday_decoration-1.1.3-forge-1.20.1.jar,False
doomsday_decoration,doomsday_decoration:vehiclemountedmachinegun_2,vehiclemountedmachinegun_2,doomsday_decoration-1.1.3-forge-1.20.1.jar,False
doomsday_decoration,doomsday_decoration:vehiclemountedmachinegun_3,vehiclemountedmachinegun_3,doomsday_decoration-1.1.3-forge-1.20.1.jar,False
doomsday_decoration,doomsday_decoration:vendingmachine,vendingmachine,doomsday_decoration-1.1.3-forge-1.20.1.jar,True
doomsday_decoration,doomsday_decoration:vendingmachine_2,vendingmachine_2,doomsday_decoration-1.1.3-forge-1.20.1.jar,True
doomsday_decoration,doomsday_decoration:vendingmachine_3,vendingmachine_3,doomsday_decoration-1.1.3-forge-1.20.1.jar,True
doomsday_decoration,doomsday_decoration:vendingmachine_4,vendingmachine_4,doomsday_decoration-1.1.3-forge-1.20.1.jar,True
doomsday_decoration,doomsday_decoration:ventilationduct,ventilationduct,doomsday_decoration-1.1.3-forge-1.20.1.jar,False
doomsday_decoration,doomsday_decoration:ventilationopening,ventilationopening,doomsday_decoration-1.1.3-forge-1.20.1.jar,False
doomsday_decoration,doomsday_decoration:ventilationopening_2,ventilationopening_2,doomsday_decoration-1.1.3-forge-1.20.1.jar,False
doomsday_decoration,doomsday_decoration:ventilationopening_3,ventilationopening_3,doomsday_decoration-1.1.3-forge-1.20.1.jar,False
doomsday_decoration,doomsday_decoration:verticaltile,verticaltile,doomsday_decoration-1.1.3-forge-1.20.1.jar,False
doomsday_decoration,doomsday_decoration:verticaltilestaircase,verticaltilestaircase,doomsday_decoration-1.1.3-forge-1.20.1.jar,True
doomsday_decoration,doomsday_decoration:verticaltilesteps,verticaltilesteps,doomsday_decoration-1.1.3-forge-1.20.1.jar,False
doomsday_decoration,doomsday_decoration:verticaltilewall,verticaltilewall,doomsday_decoration-1.1.3-forge-1.20.1.jar,False
doomsday_decoration,doomsday_decoration:videorecorder,videorecorder,doomsday_decoration-1.1.3-forge-1.20.1.jar,False
doomsday_decoration,doomsday_decoration:wallpaper,wallpaper,doomsday_decoration-1.1.3-forge-1.20.1.jar,False
doomsday_decoration,doomsday_decoration:wallpaper_2,wallpaper_2,doomsday_decoration-1.1.3-forge-1.20.1.jar,False
doomsday_decoration,doomsday_decoration:wallpaper_3,wallpaper_3,doomsday_decoration-1.1.3-forge-1.20.1.jar,False
doomsday_decoration,doomsday_decoration:wallpaper_4,wallpaper_4,doomsday_decoration-1.1.3-forge-1.20.1.jar,False
doomsday_decoration,doomsday_decoration:wallpaper_5,wallpaper_5,doomsday_decoration-1.1.3-forge-1.20.1.jar,False
doomsday_decoration,doomsday_decoration:wallpaper_steps,wallpaper_steps,doomsday_decoration-1.1.3-forge-1.20.1.jar,False
doomsday_decoration,doomsday_decoration:wallpaper_wall,wallpaper_wall,doomsday_decoration-1.1.3-forge-1.20.1.jar,False
doomsday_decoration,doomsday_decoration:wallpaperstaircase,wallpaperstaircase,doomsday_decoration-1.1.3-forge-1.20.1.jar,True
doomsday_decoration,doomsday_decoration:wallpaperstaircase_3,wallpaperstaircase_3,doomsday_decoration-1.1.3-forge-1.20.1.jar,True
doomsday_decoration,doomsday_decoration:wallpaperstaircase_4,wallpaperstaircase_4,doomsday_decoration-1.1.3-forge-1.20.1.jar,True
doomsday_decoration,doomsday_decoration:wallpaperstaircase_5,wallpaperstaircase_5,doomsday_decoration-1.1.3-forge-1.20.1.jar,True
doomsday_decoration,doomsday_decoration:wallpapersteps_3,wallpapersteps_3,doomsday_decoration-1.1.3-forge-1.20.1.jar,False
doomsday_decoration,doomsday_decoration:wallpapersteps_4,wallpapersteps_4,doomsday_decoration-1.1.3-forge-1.20.1.jar,False
doomsday_decoration,doomsday_decoration:wallpapersteps_5,wallpapersteps_5,doomsday_decoration-1.1.3-forge-1.20.1.jar,False
doomsday_decoration,doomsday_decoration:wallpaperwall_2,wallpaperwall_2,doomsday_decoration-1.1.3-forge-1.20.1.jar,False
doomsday_decoration,doomsday_decoration:wallpaperwall_3,wallpaperwall_3,doomsday_decoration-1.1.3-forge-1.20.1.jar,False
doomsday_decoration,doomsday_decoration:wallpaperwall_4,wallpaperwall_4,doomsday_decoration-1.1.3-forge-1.20.1.jar,False
doomsday_decoration,doomsday_decoration:wallpaperwall_5,wallpaperwall_5,doomsday_decoration-1.1.3-forge-1.20.1.jar,False
doomsday_decoration,doomsday_decoration:warning_steps,warning_steps,doomsday_decoration-1.1.3-forge-1.20.1.jar,False
doomsday_decoration,doomsday_decoration:warningline,warningline,doomsday_decoration-1.1.3-forge-1.20.1.jar,False
doomsday_decoration,doomsday_decoration:warningpost,warningpost,doomsday_decoration-1.1.3-forge-1.20.1.jar,False
doomsday_decoration,doomsday_decoration:warningwall,warningwall,doomsday_decoration-1.1.3-forge-1.20.1.jar,False
doomsday_decoration,doomsday_decoration:washbasin,washbasin,doomsday_decoration-1.1.3-forge-1.20.1.jar,False
doomsday_decoration,doomsday_decoration:washingmachine,washingmachine,doomsday_decoration-1.1.3-forge-1.20.1.jar,False
doomsday_decoration,doomsday_decoration:wastepaper_1,wastepaper_1,doomsday_decoration-1.1.3-forge-1.20.1.jar,False
doomsday_decoration,doomsday_decoration:wastepaper_2,wastepaper_2,doomsday_decoration-1.1.3-forge-1.20.1.jar,False
doomsday_decoration,doomsday_decoration:watch,watch,doomsday_decoration-1.1.3-forge-1.20.1.jar,False
doomsday_decoration,doomsday_decoration:waterdispenser,waterdispenser,doomsday_decoration-1.1.3-forge-1.20.1.jar,False
doomsday_decoration,doomsday_decoration:waterpipe_1,waterpipe_1,doomsday_decoration-1.1.3-forge-1.20.1.jar,False
doomsday_decoration,doomsday_decoration:waterpipe_2,waterpipe_2,doomsday_decoration-1.1.3-forge-1.20.1.jar,False
doomsday_decoration,doomsday_decoration:waterpipe_3,waterpipe_3,doomsday_decoration-1.1.3-forge-1.20.1.jar,False
doomsday_decoration,doomsday_decoration:wc,wc,doomsday_decoration-1.1.3-forge-1.20.1.jar,False
doomsday_decoration,doomsday_decoration:weapon_rack,weapon_rack,doomsday_decoration-1.1.3-forge-1.20.1.jar,False
doomsday_decoration,doomsday_decoration:weapon_rack_2,weapon_rack_2,doomsday_decoration-1.1.3-forge-1.20.1.jar,False
doomsday_decoration,doomsday_decoration:weapon_rack_3,weapon_rack_3,doomsday_decoration-1.1.3-forge-1.20.1.jar,False
doomsday_decoration,doomsday_decoration:weapon_rack_4,weapon_rack_4,doomsday_decoration-1.1.3-forge-1.20.1.jar,False
doomsday_decoration,doomsday_decoration:weaponbox,weaponbox,doomsday_decoration-1.1.3-forge-1.20.1.jar,False
doomsday_decoration,doomsday_decoration:wheelchair,wheelchair,doomsday_decoration-1.1.3-forge-1.20.1.jar,False
doomsday_decoration,doomsday_decoration:white,white,doomsday_decoration-1.1.3-forge-1.20.1.jar,False
doomsday_decoration,doomsday_decoration:white_humme_8,white_humme_8,doomsday_decoration-1.1.3-forge-1.20.1.jar,False
doomsday_decoration,doomsday_decoration:white_hummer_1,white_hummer_1,doomsday_decoration-1.1.3-forge-1.20.1.jar,False
doomsday_decoration,doomsday_decoration:white_hummer_2,white_hummer_2,doomsday_decoration-1.1.3-forge-1.20.1.jar,False
doomsday_decoration,doomsday_decoration:white_hummer_3,white_hummer_3,doomsday_decoration-1.1.3-forge-1.20.1.jar,False
doomsday_decoration,doomsday_decoration:white_hummer_4,white_hummer_4,doomsday_decoration-1.1.3-forge-1.20.1.jar,False
doomsday_decoration,doomsday_decoration:white_hummer_5,white_hummer_5,doomsday_decoration-1.1.3-forge-1.20.1.jar,False
doomsday_decoration,doomsday_decoration:white_hummer_6,white_hummer_6,doomsday_decoration-1.1.3-forge-1.20.1.jar,False
doomsday_decoration,doomsday_decoration:white_hummer_7,white_hummer_7,doomsday_decoration-1.1.3-forge-1.20.1.jar,False
doomsday_decoration,doomsday_decoration:white_hummer_9,white_hummer_9,doomsday_decoration-1.1.3-forge-1.20.1.jar,False
doomsday_decoration,doomsday_decoration:white_jeep_1,white_jeep_1,doomsday_decoration-1.1.3-forge-1.20.1.jar,False
doomsday_decoration,doomsday_decoration:white_jeep_2,white_jeep_2,doomsday_decoration-1.1.3-forge-1.20.1.jar,False
doomsday_decoration,doomsday_decoration:white_steps,white_steps,doomsday_decoration-1.1.3-forge-1.20.1.jar,False
doomsday_decoration,doomsday_decoration:whiteandgreenceramictiles,whiteandgreenceramictiles,doomsday_decoration-1.1.3-forge-1.20.1.jar,False
doomsday_decoration,doomsday_decoration:whiteandgreenceramictilesstaircase,whiteandgreenceramictilesstaircase,doomsday_decoration-1.1.3-forge-1.20.1.jar,True
doomsday_decoration,doomsday_decoration:whiteandgreenceramictilessteps,whiteandgreenceramictilessteps,doomsday_decoration-1.1.3-forge-1.20.1.jar,False
doomsday_decoration,doomsday_decoration:whiteandgreenceramictileswall,whiteandgreenceramictileswall,doomsday_decoration-1.1.3-forge-1.20.1.jar,False
doomsday_decoration,doomsday_decoration:whitecurtains,whitecurtains,doomsday_decoration-1.1.3-forge-1.20.1.jar,False
doomsday_decoration,doomsday_decoration:whitepickuptruck,whitepickuptruck,doomsday_decoration-1.1.3-forge-1.20.1.jar,False
doomsday_decoration,doomsday_decoration:whitestaircase,whitestaircase,doomsday_decoration-1.1.3-forge-1.20.1.jar,True
doomsday_decoration,doomsday_decoration:whitestationwagon,whitestationwagon,doomsday_decoration-1.1.3-forge-1.20.1.jar,False
doomsday_decoration,doomsday_decoration:whitevan_1,whitevan_1,doomsday_decoration-1.1.3-forge-1.20.1.jar,False
doomsday_decoration,doomsday_decoration:whitevan_2,whitevan_2,doomsday_decoration-1.1.3-forge-1.20.1.jar,False
doomsday_decoration,doomsday_decoration:whitewall,whitewall,doomsday_decoration-1.1.3-forge-1.20.1.jar,False
doomsday_decoration,doomsday_decoration:wireless,wireless,doomsday_decoration-1.1.3-forge-1.20.1.jar,False
doomsday_decoration,doomsday_decoration:wiremesh,wiremesh,doomsday_decoration-1.1.3-forge-1.20.1.jar,False
doomsday_decoration,doomsday_decoration:wiremesh_2,wiremesh_2,doomsday_decoration-1.1.3-forge-1.20.1.jar,False
doomsday_decoration,doomsday_decoration:wiremesh_3,wiremesh_3,doomsday_decoration-1.1.3-forge-1.20.1.jar,False
doomsday_decoration,doomsday_decoration:woodencabinet,woodencabinet,doomsday_decoration-1.1.3-forge-1.20.1.jar,True
doomsday_decoration,doomsday_decoration:woodencabinet_2,woodencabinet_2,doomsday_decoration-1.1.3-forge-1.20.1.jar,True
doomsday_decoration,doomsday_decoration:woodencrate,woodencrate,doomsday_decoration-1.1.3-forge-1.20.1.jar,True
doomsday_decoration,doomsday_decoration:woodendrawer,woodendrawer,doomsday_decoration-1.1.3-forge-1.20.1.jar,True
doomsday_decoration,doomsday_decoration:woodendrawer_2,woodendrawer_2,doomsday_decoration-1.1.3-forge-1.20.1.jar,True
doomsday_decoration,doomsday_decoration:woodenpallets,woodenpallets,doomsday_decoration-1.1.3-forge-1.20.1.jar,False
doomsday_decoration,doomsday_decoration:xshapedbrick,xshapedbrick,doomsday_decoration-1.1.3-forge-1.20.1.jar,False
doomsday_decoration,doomsday_decoration:xshapedbrickstaircase,xshapedbrickstaircase,doomsday_decoration-1.1.3-forge-1.20.1.jar,True
doomsday_decoration,doomsday_decoration:xshapedbricksteps,xshapedbricksteps,doomsday_decoration-1.1.3-forge-1.20.1.jar,False
doomsday_decoration,doomsday_decoration:xshapedbrickwall,xshapedbrickwall,doomsday_decoration-1.1.3-forge-1.20.1.jar,False
doomsday_decoration,doomsday_decoration:xshapedceramictile,xshapedceramictile,doomsday_decoration-1.1.3-forge-1.20.1.jar,False
doomsday_decoration,doomsday_decoration:xshapedceramictilestaircase,xshapedceramictilestaircase,doomsday_decoration-1.1.3-forge-1.20.1.jar,True
doomsday_decoration,doomsday_decoration:xshapedceramictilesteps,xshapedceramictilesteps,doomsday_decoration-1.1.3-forge-1.20.1.jar,False
doomsday_decoration,doomsday_decoration:xshapedceramictilewall,xshapedceramictilewall,doomsday_decoration-1.1.3-forge-1.20.1.jar,False
doomsday_decoration,doomsday_decoration:yellowandgreenceramictiles,yellowandgreenceramictiles,doomsday_decoration-1.1.3-forge-1.20.1.jar,False
doomsday_decoration,doomsday_decoration:yellowandgreenceramictilesstaircase,yellowandgreenceramictilesstaircase,doomsday_decoration-1.1.3-forge-1.20.1.jar,True
doomsday_decoration,doomsday_decoration:yellowandgreenceramictilessteps,yellowandgreenceramictilessteps,doomsday_decoration-1.1.3-forge-1.20.1.jar,False
doomsday_decoration,doomsday_decoration:yellowandgreenceramictileswall,yellowandgreenceramictileswall,doomsday_decoration-1.1.3-forge-1.20.1.jar,False
doomsday_decoration,doomsday_decoration:yellowandwhiteceramictiles,yellowandwhiteceramictiles,doomsday_decoration-1.1.3-forge-1.20.1.jar,False
doomsday_decoration,doomsday_decoration:yellowandwhiteceramictilesstaircase,yellowandwhiteceramictilesstaircase,doomsday_decoration-1.1.3-forge-1.20.1.jar,True
doomsday_decoration,doomsday_decoration:yellowandwhiteceramictilessteps,yellowandwhiteceramictilessteps,doomsday_decoration-1.1.3-forge-1.20.1.jar,False
doomsday_decoration,doomsday_decoration:yellowandwhiteceramictileswall,yellowandwhiteceramictileswall,doomsday_decoration-1.1.3-forge-1.20.1.jar,False
doomsday_decoration,doomsday_decoration:yellowcurtains,yellowcurtains,doomsday_decoration-1.1.3-forge-1.20.1.jar,False
doomsday_decoration,doomsday_decoration:yellowvan_1,yellowvan_1,doomsday_decoration-1.1.3-forge-1.20.1.jar,False
doomsday_decoration,doomsday_decoration:yellowvan_2,yellowvan_2,doomsday_decoration-1.1.3-forge-1.20.1.jar,False
doomsday_decoration,doomsday_decoration:ziptopcan,ziptopcan,doomsday_decoration-1.1.3-forge-1.20.1.jar,False
dynamictrees,dynamictrees:rooty_supplementaries_planter,rooty_supplementaries_planter,supplementaries-1.20-3.1.43-forge.jar,False
dynamictrees,dynamictrees:rooty_supplementaries_planter_rich,rooty_supplementaries_planter_rich,supplementaries-1.20-3.1.43-forge.jar,False
enhancedcelestials,enhancedcelestials:meteor,meteor,Enhanced-Celestials-forge-1.20.1-5.0.3.2.jar,False
enhancedcelestials,enhancedcelestials:space_moss_block,space_moss_block,Enhanced-Celestials-forge-1.20.1-5.0.3.2.jar,False
enhancedcelestials,enhancedcelestials:space_moss_carpet,space_moss_carpet,Enhanced-Celestials-forge-1.20.1-5.0.3.2.jar,False
enhancedcelestials,enhancedcelestials:space_moss_grass,space_moss_grass,Enhanced-Celestials-forge-1.20.1-5.0.3.2.jar,False
epicfight,epicfight:fracture_block,fracture_block,epic-fight-20.14.17-mc1.20.1-forge.jar,False
farmersdelight,farmersdelight:acacia_cabinet,acacia_cabinet,FarmersDelight-1.20.1-1.3.2.jar,True
farmersdelight,farmersdelight:apple_pie,apple_pie,FarmersDelight-1.20.1-1.3.2.jar,False
farmersdelight,farmersdelight:bamboo_basket,bamboo_basket,FarmersDelight-1.20.1-1.3.2.jar,False
farmersdelight,farmersdelight:bamboo_cabinet,bamboo_cabinet,FarmersDelight-1.20.1-1.3.2.jar,True
farmersdelight,farmersdelight:beetroot_crate,beetroot_crate,FarmersDelight-1.20.1-1.3.2.jar,True
farmersdelight,farmersdelight:birch_cabinet,birch_cabinet,FarmersDelight-1.20.1-1.3.2.jar,True
farmersdelight,farmersdelight:black_canvas_sign,black_canvas_sign,FarmersDelight-1.20.1-1.3.2.jar,False
farmersdelight,farmersdelight:black_canvas_wall_sign,black_canvas_wall_sign,FarmersDelight-1.20.1-1.3.2.jar,False
farmersdelight,farmersdelight:black_hanging_canvas_sign,black_hanging_canvas_sign,FarmersDelight-1.20.1-1.3.2.jar,False
farmersdelight,farmersdelight:black_wall_hanging_canvas_sign,black_wall_hanging_canvas_sign,FarmersDelight-1.20.1-1.3.2.jar,False
farmersdelight,farmersdelight:blue_canvas_sign,blue_canvas_sign,FarmersDelight-1.20.1-1.3.2.jar,False
farmersdelight,farmersdelight:blue_canvas_wall_sign,blue_canvas_wall_sign,FarmersDelight-1.20.1-1.3.2.jar,False
farmersdelight,farmersdelight:blue_hanging_canvas_sign,blue_hanging_canvas_sign,FarmersDelight-1.20.1-1.3.2.jar,False
farmersdelight,farmersdelight:blue_wall_hanging_canvas_sign,blue_wall_hanging_canvas_sign,FarmersDelight-1.20.1-1.3.2.jar,False
farmersdelight,farmersdelight:brown_canvas_sign,brown_canvas_sign,FarmersDelight-1.20.1-1.3.2.jar,False
farmersdelight,farmersdelight:brown_canvas_wall_sign,brown_canvas_wall_sign,FarmersDelight-1.20.1-1.3.2.jar,False
farmersdelight,farmersdelight:brown_hanging_canvas_sign,brown_hanging_canvas_sign,FarmersDelight-1.20.1-1.3.2.jar,False
farmersdelight,farmersdelight:brown_mushroom_colony,brown_mushroom_colony,FarmersDelight-1.20.1-1.3.2.jar,False
farmersdelight,farmersdelight:brown_wall_hanging_canvas_sign,brown_wall_hanging_canvas_sign,FarmersDelight-1.20.1-1.3.2.jar,False
farmersdelight,farmersdelight:budding_tomatoes,budding_tomatoes,FarmersDelight-1.20.1-1.3.2.jar,False
farmersdelight,farmersdelight:cabbage_crate,cabbage_crate,FarmersDelight-1.20.1-1.3.2.jar,True
farmersdelight,farmersdelight:cabbages,cabbages,FarmersDelight-1.20.1-1.3.2.jar,False
farmersdelight,farmersdelight:canvas_rug,canvas_rug,FarmersDelight-1.20.1-1.3.2.jar,False
farmersdelight,farmersdelight:canvas_sign,canvas_sign,FarmersDelight-1.20.1-1.3.2.jar,False
farmersdelight,farmersdelight:canvas_wall_sign,canvas_wall_sign,FarmersDelight-1.20.1-1.3.2.jar,False
farmersdelight,farmersdelight:carrot_crate,carrot_crate,FarmersDelight-1.20.1-1.3.2.jar,True
farmersdelight,farmersdelight:cherry_cabinet,cherry_cabinet,FarmersDelight-1.20.1-1.3.2.jar,True
farmersdelight,farmersdelight:chocolate_pie,chocolate_pie,FarmersDelight-1.20.1-1.3.2.jar,False
farmersdelight,farmersdelight:cooking_pot,cooking_pot,FarmersDelight-1.20.1-1.3.2.jar,False
farmersdelight,farmersdelight:crimson_cabinet,crimson_cabinet,FarmersDelight-1.20.1-1.3.2.jar,True
farmersdelight,farmersdelight:cutting_board,cutting_board,FarmersDelight-1.20.1-1.3.2.jar,False
farmersdelight,farmersdelight:cyan_canvas_sign,cyan_canvas_sign,FarmersDelight-1.20.1-1.3.2.jar,False
farmersdelight,farmersdelight:cyan_canvas_wall_sign,cyan_canvas_wall_sign,FarmersDelight-1.20.1-1.3.2.jar,False
farmersdelight,farmersdelight:cyan_hanging_canvas_sign,cyan_hanging_canvas_sign,FarmersDelight-1.20.1-1.3.2.jar,False
farmersdelight,farmersdelight:cyan_wall_hanging_canvas_sign,cyan_wall_hanging_canvas_sign,FarmersDelight-1.20.1-1.3.2.jar,False
farmersdelight,farmersdelight:dark_oak_cabinet,dark_oak_cabinet,FarmersDelight-1.20.1-1.3.2.jar,True
farmersdelight,farmersdelight:full_tatami_mat,full_tatami_mat,FarmersDelight-1.20.1-1.3.2.jar,False
farmersdelight,farmersdelight:gleaming_salad_block,gleaming_salad_block,FarmersDelight-1.20.1-1.3.2.jar,False
farmersdelight,farmersdelight:gray_canvas_sign,gray_canvas_sign,FarmersDelight-1.20.1-1.3.2.jar,False
farmersdelight,farmersdelight:gray_canvas_wall_sign,gray_canvas_wall_sign,FarmersDelight-1.20.1-1.3.2.jar,False
farmersdelight,farmersdelight:gray_hanging_canvas_sign,gray_hanging_canvas_sign,FarmersDelight-1.20.1-1.3.2.jar,False
farmersdelight,farmersdelight:gray_wall_hanging_canvas_sign,gray_wall_hanging_canvas_sign,FarmersDelight-1.20.1-1.3.2.jar,False
farmersdelight,farmersdelight:green_canvas_sign,green_canvas_sign,FarmersDelight-1.20.1-1.3.2.jar,False
farmersdelight,farmersdelight:green_canvas_wall_sign,green_canvas_wall_sign,FarmersDelight-1.20.1-1.3.2.jar,False
farmersdelight,farmersdelight:green_hanging_canvas_sign,green_hanging_canvas_sign,FarmersDelight-1.20.1-1.3.2.jar,False
farmersdelight,farmersdelight:green_wall_hanging_canvas_sign,green_wall_hanging_canvas_sign,FarmersDelight-1.20.1-1.3.2.jar,False
farmersdelight,farmersdelight:half_tatami_mat,half_tatami_mat,FarmersDelight-1.20.1-1.3.2.jar,False
farmersdelight,farmersdelight:hanging_canvas_sign,hanging_canvas_sign,FarmersDelight-1.20.1-1.3.2.jar,False
farmersdelight,farmersdelight:honey_glazed_ham_block,honey_glazed_ham_block,FarmersDelight-1.20.1-1.3.2.jar,False
farmersdelight,farmersdelight:jungle_cabinet,jungle_cabinet,FarmersDelight-1.20.1-1.3.2.jar,True
farmersdelight,farmersdelight:light_blue_canvas_sign,light_blue_canvas_sign,FarmersDelight-1.20.1-1.3.2.jar,False
farmersdelight,farmersdelight:light_blue_canvas_wall_sign,light_blue_canvas_wall_sign,FarmersDelight-1.20.1-1.3.2.jar,False
farmersdelight,farmersdelight:light_blue_hanging_canvas_sign,light_blue_hanging_canvas_sign,FarmersDelight-1.20.1-1.3.2.jar,False
farmersdelight,farmersdelight:light_blue_wall_hanging_canvas_sign,light_blue_wall_hanging_canvas_sign,FarmersDelight-1.20.1-1.3.2.jar,False
farmersdelight,farmersdelight:light_gray_canvas_sign,light_gray_canvas_sign,FarmersDelight-1.20.1-1.3.2.jar,False
farmersdelight,farmersdelight:light_gray_canvas_wall_sign,light_gray_canvas_wall_sign,FarmersDelight-1.20.1-1.3.2.jar,False
farmersdelight,farmersdelight:light_gray_hanging_canvas_sign,light_gray_hanging_canvas_sign,FarmersDelight-1.20.1-1.3.2.jar,False
farmersdelight,farmersdelight:light_gray_wall_hanging_canvas_sign,light_gray_wall_hanging_canvas_sign,FarmersDelight-1.20.1-1.3.2.jar,False
farmersdelight,farmersdelight:lime_canvas_sign,lime_canvas_sign,FarmersDelight-1.20.1-1.3.2.jar,False
farmersdelight,farmersdelight:lime_canvas_wall_sign,lime_canvas_wall_sign,FarmersDelight-1.20.1-1.3.2.jar,False
farmersdelight,farmersdelight:lime_hanging_canvas_sign,lime_hanging_canvas_sign,FarmersDelight-1.20.1-1.3.2.jar,False
farmersdelight,farmersdelight:lime_wall_hanging_canvas_sign,lime_wall_hanging_canvas_sign,FarmersDelight-1.20.1-1.3.2.jar,False
farmersdelight,farmersdelight:magenta_canvas_sign,magenta_canvas_sign,FarmersDelight-1.20.1-1.3.2.jar,False
farmersdelight,farmersdelight:magenta_canvas_wall_sign,magenta_canvas_wall_sign,FarmersDelight-1.20.1-1.3.2.jar,False
farmersdelight,farmersdelight:magenta_hanging_canvas_sign,magenta_hanging_canvas_sign,FarmersDelight-1.20.1-1.3.2.jar,False
farmersdelight,farmersdelight:magenta_wall_hanging_canvas_sign,magenta_wall_hanging_canvas_sign,FarmersDelight-1.20.1-1.3.2.jar,False
farmersdelight,farmersdelight:mangrove_cabinet,mangrove_cabinet,FarmersDelight-1.20.1-1.3.2.jar,True
farmersdelight,farmersdelight:oak_cabinet,oak_cabinet,FarmersDelight-1.20.1-1.3.2.jar,True
farmersdelight,farmersdelight:onion_crate,onion_crate,FarmersDelight-1.20.1-1.3.2.jar,True
farmersdelight,farmersdelight:onions,onions,FarmersDelight-1.20.1-1.3.2.jar,False
farmersdelight,farmersdelight:orange_canvas_sign,orange_canvas_sign,FarmersDelight-1.20.1-1.3.2.jar,False
farmersdelight,farmersdelight:orange_canvas_wall_sign,orange_canvas_wall_sign,FarmersDelight-1.20.1-1.3.2.jar,False
farmersdelight,farmersdelight:orange_hanging_canvas_sign,orange_hanging_canvas_sign,FarmersDelight-1.20.1-1.3.2.jar,False
farmersdelight,farmersdelight:orange_wall_hanging_canvas_sign,orange_wall_hanging_canvas_sign,FarmersDelight-1.20.1-1.3.2.jar,False
farmersdelight,farmersdelight:organic_compost,organic_compost,FarmersDelight-1.20.1-1.3.2.jar,False
farmersdelight,farmersdelight:pink_canvas_sign,pink_canvas_sign,FarmersDelight-1.20.1-1.3.2.jar,False
farmersdelight,farmersdelight:pink_canvas_wall_sign,pink_canvas_wall_sign,FarmersDelight-1.20.1-1.3.2.jar,False
farmersdelight,farmersdelight:pink_hanging_canvas_sign,pink_hanging_canvas_sign,FarmersDelight-1.20.1-1.3.2.jar,False
farmersdelight,farmersdelight:pink_wall_hanging_canvas_sign,pink_wall_hanging_canvas_sign,FarmersDelight-1.20.1-1.3.2.jar,False
farmersdelight,farmersdelight:potato_crate,potato_crate,FarmersDelight-1.20.1-1.3.2.jar,True
farmersdelight,farmersdelight:pumpkin_pie,pumpkin_pie,FarmersDelight-1.20.1-1.3.2.jar,False
farmersdelight,farmersdelight:purple_canvas_sign,purple_canvas_sign,FarmersDelight-1.20.1-1.3.2.jar,False
farmersdelight,farmersdelight:purple_canvas_wall_sign,purple_canvas_wall_sign,FarmersDelight-1.20.1-1.3.2.jar,False
farmersdelight,farmersdelight:purple_hanging_canvas_sign,purple_hanging_canvas_sign,FarmersDelight-1.20.1-1.3.2.jar,False
farmersdelight,farmersdelight:purple_wall_hanging_canvas_sign,purple_wall_hanging_canvas_sign,FarmersDelight-1.20.1-1.3.2.jar,False
farmersdelight,farmersdelight:red_canvas_sign,red_canvas_sign,FarmersDelight-1.20.1-1.3.2.jar,False
farmersdelight,farmersdelight:red_canvas_wall_sign,red_canvas_wall_sign,FarmersDelight-1.20.1-1.3.2.jar,False
farmersdelight,farmersdelight:red_hanging_canvas_sign,red_hanging_canvas_sign,FarmersDelight-1.20.1-1.3.2.jar,False
farmersdelight,farmersdelight:red_mushroom_colony,red_mushroom_colony,FarmersDelight-1.20.1-1.3.2.jar,False
farmersdelight,farmersdelight:red_wall_hanging_canvas_sign,red_wall_hanging_canvas_sign,FarmersDelight-1.20.1-1.3.2.jar,False
farmersdelight,farmersdelight:rice,rice,FarmersDelight-1.20.1-1.3.2.jar,False
farmersdelight,farmersdelight:rice_bag,rice_bag,FarmersDelight-1.20.1-1.3.2.jar,False
farmersdelight,farmersdelight:rice_bale,rice_bale,FarmersDelight-1.20.1-1.3.2.jar,False
farmersdelight,farmersdelight:rice_panicles,rice_panicles,FarmersDelight-1.20.1-1.3.2.jar,False
farmersdelight,farmersdelight:rice_roll_medley_block,rice_roll_medley_block,FarmersDelight-1.20.1-1.3.2.jar,False
farmersdelight,farmersdelight:rich_soil,rich_soil,FarmersDelight-1.20.1-1.3.2.jar,False
farmersdelight,farmersdelight:rich_soil_farmland,rich_soil_farmland,FarmersDelight-1.20.1-1.3.2.jar,False
farmersdelight,farmersdelight:roast_chicken_block,roast_chicken_block,FarmersDelight-1.20.1-1.3.2.jar,False
farmersdelight,farmersdelight:rope,rope,FarmersDelight-1.20.1-1.3.2.jar,False
farmersdelight,farmersdelight:rope_fence,rope_fence,FarmersDelight-1.20.1-1.3.2.jar,False
farmersdelight,farmersdelight:rope_fence_gate,rope_fence_gate,FarmersDelight-1.20.1-1.3.2.jar,False
farmersdelight,farmersdelight:safety_net,safety_net,FarmersDelight-1.20.1-1.3.2.jar,False
farmersdelight,farmersdelight:sandy_shrub,sandy_shrub,FarmersDelight-1.20.1-1.3.2.jar,False
farmersdelight,farmersdelight:shepherds_pie_block,shepherds_pie_block,FarmersDelight-1.20.1-1.3.2.jar,False
farmersdelight,farmersdelight:skillet,skillet,FarmersDelight-1.20.1-1.3.2.jar,False
farmersdelight,farmersdelight:spruce_cabinet,spruce_cabinet,FarmersDelight-1.20.1-1.3.2.jar,True
farmersdelight,farmersdelight:stove,stove,FarmersDelight-1.20.1-1.3.2.jar,False
farmersdelight,farmersdelight:straw_bale,straw_bale,FarmersDelight-1.20.1-1.3.2.jar,False
farmersdelight,farmersdelight:stuffed_pumpkin_block,stuffed_pumpkin_block,FarmersDelight-1.20.1-1.3.2.jar,False
farmersdelight,farmersdelight:sweet_berry_cheesecake,sweet_berry_cheesecake,FarmersDelight-1.20.1-1.3.2.jar,False
farmersdelight,farmersdelight:tatami,tatami,FarmersDelight-1.20.1-1.3.2.jar,False
farmersdelight,farmersdelight:tomato_crate,tomato_crate,FarmersDelight-1.20.1-1.3.2.jar,True
farmersdelight,farmersdelight:tomatoes,tomatoes,FarmersDelight-1.20.1-1.3.2.jar,False
farmersdelight,farmersdelight:tomatoes_on_rope,tomatoes_on_rope,FarmersDelight-1.20.1-1.3.2.jar,False
farmersdelight,farmersdelight:wall_hanging_canvas_sign,wall_hanging_canvas_sign,FarmersDelight-1.20.1-1.3.2.jar,False
farmersdelight,farmersdelight:warped_cabinet,warped_cabinet,FarmersDelight-1.20.1-1.3.2.jar,True
farmersdelight,farmersdelight:white_canvas_sign,white_canvas_sign,FarmersDelight-1.20.1-1.3.2.jar,False
farmersdelight,farmersdelight:white_canvas_wall_sign,white_canvas_wall_sign,FarmersDelight-1.20.1-1.3.2.jar,False
farmersdelight,farmersdelight:white_hanging_canvas_sign,white_hanging_canvas_sign,FarmersDelight-1.20.1-1.3.2.jar,False
farmersdelight,farmersdelight:white_wall_hanging_canvas_sign,white_wall_hanging_canvas_sign,FarmersDelight-1.20.1-1.3.2.jar,False
farmersdelight,farmersdelight:wild_beetroots,wild_beetroots,FarmersDelight-1.20.1-1.3.2.jar,False
farmersdelight,farmersdelight:wild_cabbages,wild_cabbages,FarmersDelight-1.20.1-1.3.2.jar,False
farmersdelight,farmersdelight:wild_carrots,wild_carrots,FarmersDelight-1.20.1-1.3.2.jar,False
farmersdelight,farmersdelight:wild_onions,wild_onions,FarmersDelight-1.20.1-1.3.2.jar,False
farmersdelight,farmersdelight:wild_potatoes,wild_potatoes,FarmersDelight-1.20.1-1.3.2.jar,False
farmersdelight,farmersdelight:wild_rice,wild_rice,FarmersDelight-1.20.1-1.3.2.jar,False
farmersdelight,farmersdelight:wild_tomatoes,wild_tomatoes,FarmersDelight-1.20.1-1.3.2.jar,False
farmersdelight,farmersdelight:wooden_basket,wooden_basket,FarmersDelight-1.20.1-1.3.2.jar,False
farmersdelight,farmersdelight:yellow_canvas_sign,yellow_canvas_sign,FarmersDelight-1.20.1-1.3.2.jar,False
farmersdelight,farmersdelight:yellow_canvas_wall_sign,yellow_canvas_wall_sign,FarmersDelight-1.20.1-1.3.2.jar,False
farmersdelight,farmersdelight:yellow_hanging_canvas_sign,yellow_hanging_canvas_sign,FarmersDelight-1.20.1-1.3.2.jar,False
farmersdelight,farmersdelight:yellow_wall_hanging_canvas_sign,yellow_wall_hanging_canvas_sign,FarmersDelight-1.20.1-1.3.2.jar,False
framedblocks,framedblocks:framed_activator_rail_slope,framed_activator_rail_slope,FramedBlocks-9.4.3.jar,False
framedblocks,framedblocks:framed_adj_double_copycat_panel,framed_adj_double_copycat_panel,FramedBlocks-9.4.3.jar,False
framedblocks,framedblocks:framed_adj_double_copycat_slab,framed_adj_double_copycat_slab,FramedBlocks-9.4.3.jar,False
framedblocks,framedblocks:framed_adj_double_panel,framed_adj_double_panel,FramedBlocks-9.4.3.jar,False
framedblocks,framedblocks:framed_adj_double_slab,framed_adj_double_slab,FramedBlocks-9.4.3.jar,False
framedblocks,framedblocks:framed_bars,framed_bars,FramedBlocks-9.4.3.jar,False
framedblocks,framedblocks:framed_bookshelf,framed_bookshelf,FramedBlocks-9.4.3.jar,True
framedblocks,framedblocks:framed_bouncy_cube,framed_bouncy_cube,FramedBlocks-9.4.3.jar,False
framedblocks,framedblocks:framed_button,framed_button,FramedBlocks-9.4.3.jar,False
framedblocks,framedblocks:framed_centered_panel,framed_centered_panel,FramedBlocks-9.4.3.jar,False
framedblocks,framedblocks:framed_centered_slab,framed_centered_slab,FramedBlocks-9.4.3.jar,False
framedblocks,framedblocks:framed_checkered_cube,framed_checkered_cube,FramedBlocks-9.4.3.jar,False
framedblocks,framedblocks:framed_checkered_cube_segment,framed_checkered_cube_segment,FramedBlocks-9.4.3.jar,False
framedblocks,framedblocks:framed_checkered_panel,framed_checkered_panel,FramedBlocks-9.4.3.jar,False
framedblocks,framedblocks:framed_checkered_panel_segment,framed_checkered_panel_segment,FramedBlocks-9.4.3.jar,False
framedblocks,framedblocks:framed_checkered_slab,framed_checkered_slab,FramedBlocks-9.4.3.jar,False
framedblocks,framedblocks:framed_checkered_slab_segment,framed_checkered_slab_segment,FramedBlocks-9.4.3.jar,False
framedblocks,framedblocks:framed_chest,framed_chest,FramedBlocks-9.4.3.jar,True
framedblocks,framedblocks:framed_chiseled_bookshelf,framed_chiseled_bookshelf,FramedBlocks-9.4.3.jar,True
framedblocks,framedblocks:framed_collapsible_block,framed_collapsible_block,FramedBlocks-9.4.3.jar,False
framedblocks,framedblocks:framed_collapsible_copycat_block,framed_collapsible_copycat_block,FramedBlocks-9.4.3.jar,False
framedblocks,framedblocks:framed_compound_slope_panel,framed_compound_slope_panel,FramedBlocks-9.4.3.jar,False
framedblocks,framedblocks:framed_compound_slope_slab,framed_compound_slope_slab,FramedBlocks-9.4.3.jar,False
framedblocks,framedblocks:framed_corner_pillar,framed_corner_pillar,FramedBlocks-9.4.3.jar,False
framedblocks,framedblocks:framed_corner_slope,framed_corner_slope,FramedBlocks-9.4.3.jar,False
framedblocks,framedblocks:framed_corner_strip,framed_corner_strip,FramedBlocks-9.4.3.jar,False
framedblocks,framedblocks:framed_cube,framed_cube,FramedBlocks-9.4.3.jar,False
framedblocks,framedblocks:framed_detector_rail_slope,framed_detector_rail_slope,FramedBlocks-9.4.3.jar,False
framedblocks,framedblocks:framed_divided_panel_horizontal,framed_divided_panel_horizontal,FramedBlocks-9.4.3.jar,False
framedblocks,framedblocks:framed_divided_panel_vertical,framed_divided_panel_vertical,FramedBlocks-9.4.3.jar,False
framedblocks,framedblocks:framed_divided_slab,framed_divided_slab,FramedBlocks-9.4.3.jar,False
framedblocks,framedblocks:framed_divided_slope,framed_divided_slope,FramedBlocks-9.4.3.jar,False
framedblocks,framedblocks:framed_divided_stairs,framed_divided_stairs,FramedBlocks-9.4.3.jar,False
framedblocks,framedblocks:framed_door,framed_door,FramedBlocks-9.4.3.jar,False
framedblocks,framedblocks:framed_double_corner,framed_double_corner,FramedBlocks-9.4.3.jar,False
framedblocks,framedblocks:framed_double_half_slope,framed_double_half_slope,FramedBlocks-9.4.3.jar,False
framedblocks,framedblocks:framed_double_half_stairs,framed_double_half_stairs,FramedBlocks-9.4.3.jar,False
framedblocks,framedblocks:framed_double_panel,framed_double_panel,FramedBlocks-9.4.3.jar,False
framedblocks,framedblocks:framed_double_prism,framed_double_prism,FramedBlocks-9.4.3.jar,False
framedblocks,framedblocks:framed_double_prism_corner,framed_double_prism_corner,FramedBlocks-9.4.3.jar,False
framedblocks,framedblocks:framed_double_slab,framed_double_slab,FramedBlocks-9.4.3.jar,False
framedblocks,framedblocks:framed_double_slope,framed_double_slope,FramedBlocks-9.4.3.jar,False
framedblocks,framedblocks:framed_double_slope_panel,framed_double_slope_panel,FramedBlocks-9.4.3.jar,False
framedblocks,framedblocks:framed_double_slope_slab,framed_double_slope_slab,FramedBlocks-9.4.3.jar,False
framedblocks,framedblocks:framed_double_sloped_prism,framed_double_sloped_prism,FramedBlocks-9.4.3.jar,False
framedblocks,framedblocks:framed_double_stairs,framed_double_stairs,FramedBlocks-9.4.3.jar,False
framedblocks,framedblocks:framed_double_threeway_corner,framed_double_threeway_corner,FramedBlocks-9.4.3.jar,False
framedblocks,framedblocks:framed_double_threeway_corner_pillar,framed_double_threeway_corner_pillar,FramedBlocks-9.4.3.jar,False
framedblocks,framedblocks:framed_elevated_double_slope_edge,framed_elevated_double_slope_edge,FramedBlocks-9.4.3.jar,False
framedblocks,framedblocks:framed_elevated_double_slope_slab,framed_elevated_double_slope_slab,FramedBlocks-9.4.3.jar,False
framedblocks,framedblocks:framed_elevated_slope_edge,framed_elevated_slope_edge,FramedBlocks-9.4.3.jar,False
framedblocks,framedblocks:framed_elevated_slope_slab,framed_elevated_slope_slab,FramedBlocks-9.4.3.jar,False
framedblocks,framedblocks:framed_ext_corner_slope_panel,framed_ext_corner_slope_panel,FramedBlocks-9.4.3.jar,False
framedblocks,framedblocks:framed_ext_corner_slope_panel_w,framed_ext_corner_slope_panel_w,FramedBlocks-9.4.3.jar,False
framedblocks,framedblocks:framed_ext_double_corner_slope_panel,framed_ext_double_corner_slope_panel,FramedBlocks-9.4.3.jar,False
framedblocks,framedblocks:framed_ext_double_corner_slope_panel_w,framed_ext_double_corner_slope_panel_w,FramedBlocks-9.4.3.jar,False
framedblocks,framedblocks:framed_ext_inner_corner_slope_panel,framed_ext_inner_corner_slope_panel,FramedBlocks-9.4.3.jar,False
framedblocks,framedblocks:framed_ext_inner_corner_slope_panel_w,framed_ext_inner_corner_slope_panel_w,FramedBlocks-9.4.3.jar,False
framedblocks,framedblocks:framed_ext_inner_double_corner_slope_panel,framed_ext_inner_double_corner_slope_panel,FramedBlocks-9.4.3.jar,False
framedblocks,framedblocks:framed_ext_inner_double_corner_slope_panel_w,framed_ext_inner_double_corner_slope_panel_w,FramedBlocks-9.4.3.jar,False
framedblocks,framedblocks:framed_extended_double_slope_panel,framed_extended_double_slope_panel,FramedBlocks-9.4.3.jar,False
framedblocks,framedblocks:framed_extended_slope_panel,framed_extended_slope_panel,FramedBlocks-9.4.3.jar,False
framedblocks,framedblocks:framed_fancy_activator_rail,framed_fancy_activator_rail,FramedBlocks-9.4.3.jar,False
framedblocks,framedblocks:framed_fancy_activator_rail_slope,framed_fancy_activator_rail_slope,FramedBlocks-9.4.3.jar,False
framedblocks,framedblocks:framed_fancy_detector_rail,framed_fancy_detector_rail,FramedBlocks-9.4.3.jar,False
framedblocks,framedblocks:framed_fancy_detector_rail_slope,framed_fancy_detector_rail_slope,FramedBlocks-9.4.3.jar,False
framedblocks,framedblocks:framed_fancy_powered_rail,framed_fancy_powered_rail,FramedBlocks-9.4.3.jar,False
framedblocks,framedblocks:framed_fancy_powered_rail_slope,framed_fancy_powered_rail_slope,FramedBlocks-9.4.3.jar,False
framedblocks,framedblocks:framed_fancy_rail,framed_fancy_rail,FramedBlocks-9.4.3.jar,False
framedblocks,framedblocks:framed_fancy_rail_slope,framed_fancy_rail_slope,FramedBlocks-9.4.3.jar,False
framedblocks,framedblocks:framed_fence,framed_fence,FramedBlocks-9.4.3.jar,False
framedblocks,framedblocks:framed_fence_gate,framed_fence_gate,FramedBlocks-9.4.3.jar,False
framedblocks,framedblocks:framed_flat_double_slope_panel_corner,framed_flat_double_slope_panel_corner,FramedBlocks-9.4.3.jar,False
framedblocks,framedblocks:framed_flat_double_slope_slab_corner,framed_flat_double_slope_slab_corner,FramedBlocks-9.4.3.jar,False
framedblocks,framedblocks:framed_flat_elev_double_slope_slab_corner,framed_flat_elev_double_slope_slab_corner,FramedBlocks-9.4.3.jar,False
framedblocks,framedblocks:framed_flat_elev_inner_double_slope_slab_corner,framed_flat_elev_inner_double_slope_slab_corner,FramedBlocks-9.4.3.jar,False
framedblocks,framedblocks:framed_flat_elev_inner_slope_slab_corner,framed_flat_elev_inner_slope_slab_corner,FramedBlocks-9.4.3.jar,False
framedblocks,framedblocks:framed_flat_elev_slope_slab_corner,framed_flat_elev_slope_slab_corner,FramedBlocks-9.4.3.jar,False
framedblocks,framedblocks:framed_flat_ext_double_slope_panel_corner,framed_flat_ext_double_slope_panel_corner,FramedBlocks-9.4.3.jar,False
framedblocks,framedblocks:framed_flat_ext_inner_double_slope_panel_corner,framed_flat_ext_inner_double_slope_panel_corner,FramedBlocks-9.4.3.jar,False
framedblocks,framedblocks:framed_flat_ext_inner_slope_panel_corner,framed_flat_ext_inner_slope_panel_corner,FramedBlocks-9.4.3.jar,False
framedblocks,framedblocks:framed_flat_ext_slope_panel_corner,framed_flat_ext_slope_panel_corner,FramedBlocks-9.4.3.jar,False
framedblocks,framedblocks:framed_flat_inner_slope_panel_corner,framed_flat_inner_slope_panel_corner,FramedBlocks-9.4.3.jar,False
framedblocks,framedblocks:framed_flat_inner_slope_slab_corner,framed_flat_inner_slope_slab_corner,FramedBlocks-9.4.3.jar,False
framedblocks,framedblocks:framed_flat_inv_double_slope_panel_corner,framed_flat_inv_double_slope_panel_corner,FramedBlocks-9.4.3.jar,False
framedblocks,framedblocks:framed_flat_inv_double_slope_slab_corner,framed_flat_inv_double_slope_slab_corner,FramedBlocks-9.4.3.jar,False
framedblocks,framedblocks:framed_flat_slope_panel_corner,framed_flat_slope_panel_corner,FramedBlocks-9.4.3.jar,False
framedblocks,framedblocks:framed_flat_slope_slab_corner,framed_flat_slope_slab_corner,FramedBlocks-9.4.3.jar,False
framedblocks,framedblocks:framed_flat_stacked_inner_slope_panel_corner,framed_flat_stacked_inner_slope_panel_corner,FramedBlocks-9.4.3.jar,False
framedblocks,framedblocks:framed_flat_stacked_inner_slope_slab_corner,framed_flat_stacked_inner_slope_slab_corner,FramedBlocks-9.4.3.jar,False
framedblocks,framedblocks:framed_flat_stacked_slope_panel_corner,framed_flat_stacked_slope_panel_corner,FramedBlocks-9.4.3.jar,False
framedblocks,framedblocks:framed_flat_stacked_slope_slab_corner,framed_flat_stacked_slope_slab_corner,FramedBlocks-9.4.3.jar,False
framedblocks,framedblocks:framed_floor_board,framed_floor_board,FramedBlocks-9.4.3.jar,False
framedblocks,framedblocks:framed_flower_pot,framed_flower_pot,FramedBlocks-9.4.3.jar,False
framedblocks,framedblocks:framed_gate,framed_gate,FramedBlocks-9.4.3.jar,False
framedblocks,framedblocks:framed_glowing_cube,framed_glowing_cube,FramedBlocks-9.4.3.jar,False
framedblocks,framedblocks:framed_glowing_item_frame,framed_glowing_item_frame,FramedBlocks-9.4.3.jar,False
framedblocks,framedblocks:framed_gold_pressure_plate,framed_gold_pressure_plate,FramedBlocks-9.4.3.jar,False
framedblocks,framedblocks:framed_half_pillar,framed_half_pillar,FramedBlocks-9.4.3.jar,False
framedblocks,framedblocks:framed_half_slope,framed_half_slope,FramedBlocks-9.4.3.jar,False
framedblocks,framedblocks:framed_half_stairs,framed_half_stairs,FramedBlocks-9.4.3.jar,False
framedblocks,framedblocks:framed_hanging_sign,framed_hanging_sign,FramedBlocks-9.4.3.jar,False
framedblocks,framedblocks:framed_horizontal_pane,framed_horizontal_pane,FramedBlocks-9.4.3.jar,False
framedblocks,framedblocks:framed_inner_corner_slope,framed_inner_corner_slope,FramedBlocks-9.4.3.jar,False
framedblocks,framedblocks:framed_inner_prism,framed_inner_prism,FramedBlocks-9.4.3.jar,False
framedblocks,framedblocks:framed_inner_prism_corner,framed_inner_prism_corner,FramedBlocks-9.4.3.jar,False
framedblocks,framedblocks:framed_inner_sloped_prism,framed_inner_sloped_prism,FramedBlocks-9.4.3.jar,False
framedblocks,framedblocks:framed_inner_threeway_corner,framed_inner_threeway_corner,FramedBlocks-9.4.3.jar,False
framedblocks,framedblocks:framed_inv_double_corner_slope_panel,framed_inv_double_corner_slope_panel,FramedBlocks-9.4.3.jar,False
framedblocks,framedblocks:framed_inv_double_corner_slope_panel_w,framed_inv_double_corner_slope_panel_w,FramedBlocks-9.4.3.jar,False
framedblocks,framedblocks:framed_inv_double_slope_panel,framed_inv_double_slope_panel,FramedBlocks-9.4.3.jar,False
framedblocks,framedblocks:framed_inv_double_slope_slab,framed_inv_double_slope_slab,FramedBlocks-9.4.3.jar,False
framedblocks,framedblocks:framed_iron_door,framed_iron_door,FramedBlocks-9.4.3.jar,False
framedblocks,framedblocks:framed_iron_gate,framed_iron_gate,FramedBlocks-9.4.3.jar,False
framedblocks,framedblocks:framed_iron_pressure_plate,framed_iron_pressure_plate,FramedBlocks-9.4.3.jar,False
framedblocks,framedblocks:framed_iron_trapdoor,framed_iron_trapdoor,FramedBlocks-9.4.3.jar,False
framedblocks,framedblocks:framed_item_frame,framed_item_frame,FramedBlocks-9.4.3.jar,False
framedblocks,framedblocks:framed_ladder,framed_ladder,FramedBlocks-9.4.3.jar,False
framedblocks,framedblocks:framed_large_button,framed_large_button,FramedBlocks-9.4.3.jar,False
framedblocks,framedblocks:framed_large_corner_slope_panel,framed_large_corner_slope_panel,FramedBlocks-9.4.3.jar,False
framedblocks,framedblocks:framed_large_corner_slope_panel_w,framed_large_corner_slope_panel_w,FramedBlocks-9.4.3.jar,False
framedblocks,framedblocks:framed_large_double_corner_slope_panel,framed_large_double_corner_slope_panel,FramedBlocks-9.4.3.jar,False
framedblocks,framedblocks:framed_large_double_corner_slope_panel_w,framed_large_double_corner_slope_panel_w,FramedBlocks-9.4.3.jar,False
framedblocks,framedblocks:framed_large_inner_corner_slope_panel,framed_large_inner_corner_slope_panel,FramedBlocks-9.4.3.jar,False
framedblocks,framedblocks:framed_large_inner_corner_slope_panel_w,framed_large_inner_corner_slope_panel_w,FramedBlocks-9.4.3.jar,False
framedblocks,framedblocks:framed_large_stone_button,framed_large_stone_button,FramedBlocks-9.4.3.jar,False
framedblocks,framedblocks:framed_lattice_block,framed_lattice_block,FramedBlocks-9.4.3.jar,False
framedblocks,framedblocks:framed_lever,framed_lever,FramedBlocks-9.4.3.jar,False
framedblocks,framedblocks:framed_masonry_corner,framed_masonry_corner,FramedBlocks-9.4.3.jar,False
framedblocks,framedblocks:framed_masonry_corner_segment,framed_masonry_corner_segment,FramedBlocks-9.4.3.jar,False
framedblocks,framedblocks:framed_mini_cube,framed_mini_cube,FramedBlocks-9.4.3.jar,False
framedblocks,framedblocks:framed_obsidian_pressure_plate,framed_obsidian_pressure_plate,FramedBlocks-9.4.3.jar,False
framedblocks,framedblocks:framed_one_way_window,framed_one_way_window,FramedBlocks-9.4.3.jar,False
framedblocks,framedblocks:framed_pane,framed_pane,FramedBlocks-9.4.3.jar,False
framedblocks,framedblocks:framed_panel,framed_panel,FramedBlocks-9.4.3.jar,False
framedblocks,framedblocks:framed_pillar,framed_pillar,FramedBlocks-9.4.3.jar,False
framedblocks,framedblocks:framed_post,framed_post,FramedBlocks-9.4.3.jar,False
framedblocks,framedblocks:framed_powered_rail_slope,framed_powered_rail_slope,FramedBlocks-9.4.3.jar,False
framedblocks,framedblocks:framed_pressure_plate,framed_pressure_plate,FramedBlocks-9.4.3.jar,False
framedblocks,framedblocks:framed_prism,framed_prism,FramedBlocks-9.4.3.jar,False
framedblocks,framedblocks:framed_prism_corner,framed_prism_corner,FramedBlocks-9.4.3.jar,False
framedblocks,framedblocks:framed_pyramid,framed_pyramid,FramedBlocks-9.4.3.jar,False
framedblocks,framedblocks:framed_pyramid_slab,framed_pyramid_slab,FramedBlocks-9.4.3.jar,False
framedblocks,framedblocks:framed_rail_slope,framed_rail_slope,FramedBlocks-9.4.3.jar,False
framedblocks,framedblocks:framed_redstone_block,framed_redstone_block,FramedBlocks-9.4.3.jar,False
framedblocks,framedblocks:framed_redstone_torch,framed_redstone_torch,FramedBlocks-9.4.3.jar,False
framedblocks,framedblocks:framed_redstone_wall_torch,framed_redstone_wall_torch,FramedBlocks-9.4.3.jar,False
framedblocks,framedblocks:framed_secret_storage,framed_secret_storage,FramedBlocks-9.4.3.jar,True
framedblocks,framedblocks:framed_sign,framed_sign,FramedBlocks-9.4.3.jar,False
framedblocks,framedblocks:framed_slab,framed_slab,FramedBlocks-9.4.3.jar,False
framedblocks,framedblocks:framed_slab_corner,framed_slab_corner,FramedBlocks-9.4.3.jar,False
framedblocks,framedblocks:framed_slab_edge,framed_slab_edge,FramedBlocks-9.4.3.jar,False
framedblocks,framedblocks:framed_sliced_stairs_panel,framed_sliced_stairs_panel,FramedBlocks-9.4.3.jar,False
framedblocks,framedblocks:framed_sliced_stairs_slab,framed_sliced_stairs_slab,FramedBlocks-9.4.3.jar,False
framedblocks,framedblocks:framed_slope,framed_slope,FramedBlocks-9.4.3.jar,False
framedblocks,framedblocks:framed_slope_edge,framed_slope_edge,FramedBlocks-9.4.3.jar,False
framedblocks,framedblocks:framed_slope_panel,framed_slope_panel,FramedBlocks-9.4.3.jar,False
framedblocks,framedblocks:framed_slope_slab,framed_slope_slab,FramedBlocks-9.4.3.jar,False
framedblocks,framedblocks:framed_sloped_prism,framed_sloped_prism,FramedBlocks-9.4.3.jar,False
framedblocks,framedblocks:framed_sloped_stairs,framed_sloped_stairs,FramedBlocks-9.4.3.jar,False
framedblocks,framedblocks:framed_small_corner_slope_panel,framed_small_corner_slope_panel,FramedBlocks-9.4.3.jar,False
framedblocks,framedblocks:framed_small_corner_slope_panel_w,framed_small_corner_slope_panel_w,FramedBlocks-9.4.3.jar,False
framedblocks,framedblocks:framed_small_double_corner_slope_panel,framed_small_double_corner_slope_panel,FramedBlocks-9.4.3.jar,False
framedblocks,framedblocks:framed_small_double_corner_slope_panel_w,framed_small_double_corner_slope_panel_w,FramedBlocks-9.4.3.jar,False
framedblocks,framedblocks:framed_small_inner_corner_slope_panel,framed_small_inner_corner_slope_panel,FramedBlocks-9.4.3.jar,False
framedblocks,framedblocks:framed_small_inner_corner_slope_panel_w,framed_small_inner_corner_slope_panel_w,FramedBlocks-9.4.3.jar,False
framedblocks,framedblocks:framed_soul_torch,framed_soul_torch,FramedBlocks-9.4.3.jar,False
framedblocks,framedblocks:framed_soul_wall_torch,framed_soul_wall_torch,FramedBlocks-9.4.3.jar,False
framedblocks,framedblocks:framed_stacked_corner_slope_panel,framed_stacked_corner_slope_panel,FramedBlocks-9.4.3.jar,False
framedblocks,framedblocks:framed_stacked_corner_slope_panel_w,framed_stacked_corner_slope_panel_w,FramedBlocks-9.4.3.jar,False
framedblocks,framedblocks:framed_stacked_inner_corner_slope_panel,framed_stacked_inner_corner_slope_panel,FramedBlocks-9.4.3.jar,False
framedblocks,framedblocks:framed_stacked_inner_corner_slope_panel_w,framed_stacked_inner_corner_slope_panel_w,FramedBlocks-9.4.3.jar,False
framedblocks,framedblocks:framed_stacked_slope_edge,framed_stacked_slope_edge,FramedBlocks-9.4.3.jar,False
framedblocks,framedblocks:framed_stacked_slope_panel,framed_stacked_slope_panel,FramedBlocks-9.4.3.jar,False
framedblocks,framedblocks:framed_stacked_slope_slab,framed_stacked_slope_slab,FramedBlocks-9.4.3.jar,False
framedblocks,framedblocks:framed_stairs,framed_stairs,FramedBlocks-9.4.3.jar,False
framedblocks,framedblocks:framed_stone_button,framed_stone_button,FramedBlocks-9.4.3.jar,False
framedblocks,framedblocks:framed_stone_pressure_plate,framed_stone_pressure_plate,FramedBlocks-9.4.3.jar,False
framedblocks,framedblocks:framed_target,framed_target,FramedBlocks-9.4.3.jar,False
framedblocks,framedblocks:framed_thick_lattice,framed_thick_lattice,FramedBlocks-9.4.3.jar,False
framedblocks,framedblocks:framed_threeway_corner,framed_threeway_corner,FramedBlocks-9.4.3.jar,False
framedblocks,framedblocks:framed_threeway_corner_pillar,framed_threeway_corner_pillar,FramedBlocks-9.4.3.jar,False
framedblocks,framedblocks:framed_torch,framed_torch,FramedBlocks-9.4.3.jar,False
framedblocks,framedblocks:framed_trapdoor,framed_trapdoor,FramedBlocks-9.4.3.jar,False
framedblocks,framedblocks:framed_tube,framed_tube,FramedBlocks-9.4.3.jar,False
framedblocks,framedblocks:framed_vertical_divided_stairs,framed_vertical_divided_stairs,FramedBlocks-9.4.3.jar,False
framedblocks,framedblocks:framed_vertical_double_half_slope,framed_vertical_double_half_slope,FramedBlocks-9.4.3.jar,False
framedblocks,framedblocks:framed_vertical_double_half_stairs,framed_vertical_double_half_stairs,FramedBlocks-9.4.3.jar,False
framedblocks,framedblocks:framed_vertical_double_stairs,framed_vertical_double_stairs,FramedBlocks-9.4.3.jar,False
framedblocks,framedblocks:framed_vertical_half_slope,framed_vertical_half_slope,FramedBlocks-9.4.3.jar,False
framedblocks,framedblocks:framed_vertical_half_stairs,framed_vertical_half_stairs,FramedBlocks-9.4.3.jar,False
framedblocks,framedblocks:framed_vertical_sliced_stairs,framed_vertical_sliced_stairs,FramedBlocks-9.4.3.jar,False
framedblocks,framedblocks:framed_vertical_sloped_stairs,framed_vertical_sloped_stairs,FramedBlocks-9.4.3.jar,False
framedblocks,framedblocks:framed_vertical_stairs,framed_vertical_stairs,FramedBlocks-9.4.3.jar,False
framedblocks,framedblocks:framed_wall,framed_wall,FramedBlocks-9.4.3.jar,False
framedblocks,framedblocks:framed_wall_board,framed_wall_board,FramedBlocks-9.4.3.jar,False
framedblocks,framedblocks:framed_wall_hanging_sign,framed_wall_hanging_sign,FramedBlocks-9.4.3.jar,False
framedblocks,framedblocks:framed_wall_sign,framed_wall_sign,FramedBlocks-9.4.3.jar,False
framedblocks,framedblocks:framed_wall_torch,framed_wall_torch,FramedBlocks-9.4.3.jar,False
framedblocks,framedblocks:framed_waterloggable_gold_pressure_plate,framed_waterloggable_gold_pressure_plate,FramedBlocks-9.4.3.jar,False
framedblocks,framedblocks:framed_waterloggable_iron_pressure_plate,framed_waterloggable_iron_pressure_plate,FramedBlocks-9.4.3.jar,False
framedblocks,framedblocks:framed_waterloggable_obsidian_pressure_plate,framed_waterloggable_obsidian_pressure_plate,FramedBlocks-9.4.3.jar,False
framedblocks,framedblocks:framed_waterloggable_pressure_plate,framed_waterloggable_pressure_plate,FramedBlocks-9.4.3.jar,False
framedblocks,framedblocks:framed_waterloggable_stone_pressure_plate,framed_waterloggable_stone_pressure_plate,FramedBlocks-9.4.3.jar,False
framedblocks,framedblocks:framing_saw,framing_saw,FramedBlocks-9.4.3.jar,False
framedblocks,framedblocks:powered_framing_saw,powered_framing_saw,FramedBlocks-9.4.3.jar,False
ftbquests,ftbquests:aux_task_screen,aux_task_screen,ftb-quests-forge-2001.4.22.jar,False
ftbquests,ftbquests:banner,banner,ftb-quests-forge-2001.4.22.jar,False
ftbquests,ftbquests:barrier,barrier,ftb-quests-forge-2001.4.22.jar,False
ftbquests,ftbquests:detector,detector,ftb-quests-forge-2001.4.22.jar,False
ftbquests,ftbquests:loot_crate_opener,loot_crate_opener,ftb-quests-forge-2001.4.22.jar,True
ftbquests,ftbquests:screen_1,screen_1,ftb-quests-forge-2001.4.22.jar,False
ftbquests,ftbquests:screen_3,screen_3,ftb-quests-forge-2001.4.22.jar,False
ftbquests,ftbquests:screen_5,screen_5,ftb-quests-forge-2001.4.22.jar,False
ftbquests,ftbquests:screen_7,screen_7,ftb-quests-forge-2001.4.22.jar,False
ftbquests,ftbquests:stage_barrier,stage_barrier,ftb-quests-forge-2001.4.22.jar,False
geckolib,geckolib:fertilizer,fertilizer,geckolib-forge-1.20.1-4.8.4.jar,False
geckolib,geckolib:gecko_habitat,gecko_habitat,geckolib-forge-1.20.1-4.8.4.jar,False
handcrafted,handcrafted:acacia_bench,acacia_bench,handcrafted-forge-1.20.1-3.0.6.jar,False
handcrafted,handcrafted:acacia_chair,acacia_chair,handcrafted-forge-1.20.1-3.0.6.jar,False
handcrafted,handcrafted:acacia_corner_trim,acacia_corner_trim,handcrafted-forge-1.20.1-3.0.6.jar,False
handcrafted,handcrafted:acacia_couch,acacia_couch,handcrafted-forge-1.20.1-3.0.6.jar,False
handcrafted,handcrafted:acacia_counter,acacia_counter,handcrafted-forge-1.20.1-3.0.6.jar,True
handcrafted,handcrafted:acacia_cupboard,acacia_cupboard,handcrafted-forge-1.20.1-3.0.6.jar,True
handcrafted,handcrafted:acacia_desk,acacia_desk,handcrafted-forge-1.20.1-3.0.6.jar,True
handcrafted,handcrafted:acacia_dining_bench,acacia_dining_bench,handcrafted-forge-1.20.1-3.0.6.jar,False
handcrafted,handcrafted:acacia_drawer,acacia_drawer,handcrafted-forge-1.20.1-3.0.6.jar,True
handcrafted,handcrafted:acacia_fancy_bed,acacia_fancy_bed,handcrafted-forge-1.20.1-3.0.6.jar,False
handcrafted,handcrafted:acacia_nightstand,acacia_nightstand,handcrafted-forge-1.20.1-3.0.6.jar,False
handcrafted,handcrafted:acacia_pillar_trim,acacia_pillar_trim,handcrafted-forge-1.20.1-3.0.6.jar,False
handcrafted,handcrafted:acacia_shelf,acacia_shelf,handcrafted-forge-1.20.1-3.0.6.jar,True
handcrafted,handcrafted:acacia_side_table,acacia_side_table,handcrafted-forge-1.20.1-3.0.6.jar,True
handcrafted,handcrafted:acacia_table,acacia_table,handcrafted-forge-1.20.1-3.0.6.jar,True
handcrafted,handcrafted:andesite_corner_trim,andesite_corner_trim,handcrafted-forge-1.20.1-3.0.6.jar,False
handcrafted,handcrafted:andesite_pillar_trim,andesite_pillar_trim,handcrafted-forge-1.20.1-3.0.6.jar,False
handcrafted,handcrafted:bamboo_bench,bamboo_bench,handcrafted-forge-1.20.1-3.0.6.jar,False
handcrafted,handcrafted:bamboo_chair,bamboo_chair,handcrafted-forge-1.20.1-3.0.6.jar,False
handcrafted,handcrafted:bamboo_corner_trim,bamboo_corner_trim,handcrafted-forge-1.20.1-3.0.6.jar,False
handcrafted,handcrafted:bamboo_couch,bamboo_couch,handcrafted-forge-1.20.1-3.0.6.jar,False
handcrafted,handcrafted:bamboo_counter,bamboo_counter,handcrafted-forge-1.20.1-3.0.6.jar,True
handcrafted,handcrafted:bamboo_cupboard,bamboo_cupboard,handcrafted-forge-1.20.1-3.0.6.jar,True
handcrafted,handcrafted:bamboo_desk,bamboo_desk,handcrafted-forge-1.20.1-3.0.6.jar,True
handcrafted,handcrafted:bamboo_dining_bench,bamboo_dining_bench,handcrafted-forge-1.20.1-3.0.6.jar,False
handcrafted,handcrafted:bamboo_drawer,bamboo_drawer,handcrafted-forge-1.20.1-3.0.6.jar,True
handcrafted,handcrafted:bamboo_fancy_bed,bamboo_fancy_bed,handcrafted-forge-1.20.1-3.0.6.jar,False
handcrafted,handcrafted:bamboo_nightstand,bamboo_nightstand,handcrafted-forge-1.20.1-3.0.6.jar,False
handcrafted,handcrafted:bamboo_pillar_trim,bamboo_pillar_trim,handcrafted-forge-1.20.1-3.0.6.jar,False
handcrafted,handcrafted:bamboo_shelf,bamboo_shelf,handcrafted-forge-1.20.1-3.0.6.jar,True
handcrafted,handcrafted:bamboo_side_table,bamboo_side_table,handcrafted-forge-1.20.1-3.0.6.jar,True
handcrafted,handcrafted:bamboo_table,bamboo_table,handcrafted-forge-1.20.1-3.0.6.jar,True
handcrafted,handcrafted:bear_trophy,bear_trophy,handcrafted-forge-1.20.1-3.0.6.jar,False
handcrafted,handcrafted:bench,bench,handcrafted-forge-1.20.1-3.0.6.jar,False
handcrafted,handcrafted:berry_jam_jar,berry_jam_jar,handcrafted-forge-1.20.1-3.0.6.jar,False
handcrafted,handcrafted:birch_bench,birch_bench,handcrafted-forge-1.20.1-3.0.6.jar,False
handcrafted,handcrafted:birch_chair,birch_chair,handcrafted-forge-1.20.1-3.0.6.jar,False
handcrafted,handcrafted:birch_corner_trim,birch_corner_trim,handcrafted-forge-1.20.1-3.0.6.jar,False
handcrafted,handcrafted:birch_couch,birch_couch,handcrafted-forge-1.20.1-3.0.6.jar,False
handcrafted,handcrafted:birch_counter,birch_counter,handcrafted-forge-1.20.1-3.0.6.jar,True
handcrafted,handcrafted:birch_cupboard,birch_cupboard,handcrafted-forge-1.20.1-3.0.6.jar,True
handcrafted,handcrafted:birch_desk,birch_desk,handcrafted-forge-1.20.1-3.0.6.jar,True
handcrafted,handcrafted:birch_dining_bench,birch_dining_bench,handcrafted-forge-1.20.1-3.0.6.jar,False
handcrafted,handcrafted:birch_drawer,birch_drawer,handcrafted-forge-1.20.1-3.0.6.jar,True
handcrafted,handcrafted:birch_fancy_bed,birch_fancy_bed,handcrafted-forge-1.20.1-3.0.6.jar,False
handcrafted,handcrafted:birch_nightstand,birch_nightstand,handcrafted-forge-1.20.1-3.0.6.jar,False
handcrafted,handcrafted:birch_pillar_trim,birch_pillar_trim,handcrafted-forge-1.20.1-3.0.6.jar,False
handcrafted,handcrafted:birch_shelf,birch_shelf,handcrafted-forge-1.20.1-3.0.6.jar,True
handcrafted,handcrafted:birch_side_table,birch_side_table,handcrafted-forge-1.20.1-3.0.6.jar,True
handcrafted,handcrafted:birch_table,birch_table,handcrafted-forge-1.20.1-3.0.6.jar,True
handcrafted,handcrafted:black_cushion,black_cushion,handcrafted-forge-1.20.1-3.0.6.jar,False
handcrafted,handcrafted:blackstone_corner_trim,blackstone_corner_trim,handcrafted-forge-1.20.1-3.0.6.jar,False
handcrafted,handcrafted:blackstone_pillar_trim,blackstone_pillar_trim,handcrafted-forge-1.20.1-3.0.6.jar,False
handcrafted,handcrafted:blaze_trophy,blaze_trophy,handcrafted-forge-1.20.1-3.0.6.jar,False
handcrafted,handcrafted:blue_bowl,blue_bowl,handcrafted-forge-1.20.1-3.0.6.jar,False
handcrafted,handcrafted:blue_crockery_combo,blue_crockery_combo,handcrafted-forge-1.20.1-3.0.6.jar,False
handcrafted,handcrafted:blue_cup,blue_cup,handcrafted-forge-1.20.1-3.0.6.jar,False
handcrafted,handcrafted:blue_cushion,blue_cushion,handcrafted-forge-1.20.1-3.0.6.jar,False
handcrafted,handcrafted:blue_glazed_medium_pot,blue_glazed_medium_pot,handcrafted-forge-1.20.1-3.0.6.jar,False
handcrafted,handcrafted:blue_glazed_thick_pot,blue_glazed_thick_pot,handcrafted-forge-1.20.1-3.0.6.jar,False
handcrafted,handcrafted:blue_glazed_thin_pot,blue_glazed_thin_pot,handcrafted-forge-1.20.1-3.0.6.jar,False
handcrafted,handcrafted:blue_glazed_wide_pot,blue_glazed_wide_pot,handcrafted-forge-1.20.1-3.0.6.jar,False
handcrafted,handcrafted:blue_plate,blue_plate,handcrafted-forge-1.20.1-3.0.6.jar,False
handcrafted,handcrafted:bricks_corner_trim,bricks_corner_trim,handcrafted-forge-1.20.1-3.0.6.jar,False
handcrafted,handcrafted:bricks_pillar_trim,bricks_pillar_trim,handcrafted-forge-1.20.1-3.0.6.jar,False
handcrafted,handcrafted:brown_cushion,brown_cushion,handcrafted-forge-1.20.1-3.0.6.jar,False
handcrafted,handcrafted:calcite_corner_trim,calcite_corner_trim,handcrafted-forge-1.20.1-3.0.6.jar,False
handcrafted,handcrafted:calcite_pillar_trim,calcite_pillar_trim,handcrafted-forge-1.20.1-3.0.6.jar,False
handcrafted,handcrafted:cherry_bench,cherry_bench,handcrafted-forge-1.20.1-3.0.6.jar,False
handcrafted,handcrafted:cherry_chair,cherry_chair,handcrafted-forge-1.20.1-3.0.6.jar,False
handcrafted,handcrafted:cherry_corner_trim,cherry_corner_trim,handcrafted-forge-1.20.1-3.0.6.jar,False
handcrafted,handcrafted:cherry_couch,cherry_couch,handcrafted-forge-1.20.1-3.0.6.jar,False
handcrafted,handcrafted:cherry_counter,cherry_counter,handcrafted-forge-1.20.1-3.0.6.jar,True
handcrafted,handcrafted:cherry_cupboard,cherry_cupboard,handcrafted-forge-1.20.1-3.0.6.jar,True
handcrafted,handcrafted:cherry_desk,cherry_desk,handcrafted-forge-1.20.1-3.0.6.jar,True
handcrafted,handcrafted:cherry_dining_bench,cherry_dining_bench,handcrafted-forge-1.20.1-3.0.6.jar,False
handcrafted,handcrafted:cherry_drawer,cherry_drawer,handcrafted-forge-1.20.1-3.0.6.jar,True
handcrafted,handcrafted:cherry_fancy_bed,cherry_fancy_bed,handcrafted-forge-1.20.1-3.0.6.jar,False
handcrafted,handcrafted:cherry_nightstand,cherry_nightstand,handcrafted-forge-1.20.1-3.0.6.jar,False
handcrafted,handcrafted:cherry_pillar_trim,cherry_pillar_trim,handcrafted-forge-1.20.1-3.0.6.jar,False
handcrafted,handcrafted:cherry_shelf,cherry_shelf,handcrafted-forge-1.20.1-3.0.6.jar,True
handcrafted,handcrafted:cherry_side_table,cherry_side_table,handcrafted-forge-1.20.1-3.0.6.jar,True
handcrafted,handcrafted:cherry_table,cherry_table,handcrafted-forge-1.20.1-3.0.6.jar,True
handcrafted,handcrafted:creeper_trophy,creeper_trophy,handcrafted-forge-1.20.1-3.0.6.jar,False
handcrafted,handcrafted:crimson_bench,crimson_bench,handcrafted-forge-1.20.1-3.0.6.jar,False
handcrafted,handcrafted:crimson_chair,crimson_chair,handcrafted-forge-1.20.1-3.0.6.jar,False
handcrafted,handcrafted:crimson_corner_trim,crimson_corner_trim,handcrafted-forge-1.20.1-3.0.6.jar,False
handcrafted,handcrafted:crimson_couch,crimson_couch,handcrafted-forge-1.20.1-3.0.6.jar,False
handcrafted,handcrafted:crimson_counter,crimson_counter,handcrafted-forge-1.20.1-3.0.6.jar,True
handcrafted,handcrafted:crimson_cupboard,crimson_cupboard,handcrafted-forge-1.20.1-3.0.6.jar,True
handcrafted,handcrafted:crimson_desk,crimson_desk,handcrafted-forge-1.20.1-3.0.6.jar,True
handcrafted,handcrafted:crimson_dining_bench,crimson_dining_bench,handcrafted-forge-1.20.1-3.0.6.jar,False
handcrafted,handcrafted:crimson_drawer,crimson_drawer,handcrafted-forge-1.20.1-3.0.6.jar,True
handcrafted,handcrafted:crimson_fancy_bed,crimson_fancy_bed,handcrafted-forge-1.20.1-3.0.6.jar,False
handcrafted,handcrafted:crimson_nightstand,crimson_nightstand,handcrafted-forge-1.20.1-3.0.6.jar,False
handcrafted,handcrafted:crimson_pillar_trim,crimson_pillar_trim,handcrafted-forge-1.20.1-3.0.6.jar,False
handcrafted,handcrafted:crimson_shelf,crimson_shelf,handcrafted-forge-1.20.1-3.0.6.jar,True
handcrafted,handcrafted:crimson_side_table,crimson_side_table,handcrafted-forge-1.20.1-3.0.6.jar,True
handcrafted,handcrafted:crimson_table,crimson_table,handcrafted-forge-1.20.1-3.0.6.jar,True
handcrafted,handcrafted:cyan_cushion,cyan_cushion,handcrafted-forge-1.20.1-3.0.6.jar,False
handcrafted,handcrafted:dark_oak_bench,dark_oak_bench,handcrafted-forge-1.20.1-3.0.6.jar,False
handcrafted,handcrafted:dark_oak_chair,dark_oak_chair,handcrafted-forge-1.20.1-3.0.6.jar,False
handcrafted,handcrafted:dark_oak_corner_trim,dark_oak_corner_trim,handcrafted-forge-1.20.1-3.0.6.jar,False
handcrafted,handcrafted:dark_oak_couch,dark_oak_couch,handcrafted-forge-1.20.1-3.0.6.jar,False
handcrafted,handcrafted:dark_oak_counter,dark_oak_counter,handcrafted-forge-1.20.1-3.0.6.jar,True
handcrafted,handcrafted:dark_oak_cupboard,dark_oak_cupboard,handcrafted-forge-1.20.1-3.0.6.jar,True
handcrafted,handcrafted:dark_oak_desk,dark_oak_desk,handcrafted-forge-1.20.1-3.0.6.jar,True
handcrafted,handcrafted:dark_oak_dining_bench,dark_oak_dining_bench,handcrafted-forge-1.20.1-3.0.6.jar,False
handcrafted,handcrafted:dark_oak_drawer,dark_oak_drawer,handcrafted-forge-1.20.1-3.0.6.jar,True
handcrafted,handcrafted:dark_oak_fancy_bed,dark_oak_fancy_bed,handcrafted-forge-1.20.1-3.0.6.jar,False
handcrafted,handcrafted:dark_oak_nightstand,dark_oak_nightstand,handcrafted-forge-1.20.1-3.0.6.jar,False
handcrafted,handcrafted:dark_oak_pillar_trim,dark_oak_pillar_trim,handcrafted-forge-1.20.1-3.0.6.jar,False
handcrafted,handcrafted:dark_oak_shelf,dark_oak_shelf,handcrafted-forge-1.20.1-3.0.6.jar,True
handcrafted,handcrafted:dark_oak_side_table,dark_oak_side_table,handcrafted-forge-1.20.1-3.0.6.jar,True
handcrafted,handcrafted:dark_oak_table,dark_oak_table,handcrafted-forge-1.20.1-3.0.6.jar,True
handcrafted,handcrafted:deepslate_corner_trim,deepslate_corner_trim,handcrafted-forge-1.20.1-3.0.6.jar,False
handcrafted,handcrafted:deepslate_pillar_trim,deepslate_pillar_trim,handcrafted-forge-1.20.1-3.0.6.jar,False
handcrafted,handcrafted:diorite_corner_trim,diorite_corner_trim,handcrafted-forge-1.20.1-3.0.6.jar,False
handcrafted,handcrafted:diorite_pillar_trim,diorite_pillar_trim,handcrafted-forge-1.20.1-3.0.6.jar,False
handcrafted,handcrafted:dripstone_corner_trim,dripstone_corner_trim,handcrafted-forge-1.20.1-3.0.6.jar,False
handcrafted,handcrafted:dripstone_pillar_trim,dripstone_pillar_trim,handcrafted-forge-1.20.1-3.0.6.jar,False
handcrafted,handcrafted:evoker_trophy,evoker_trophy,handcrafted-forge-1.20.1-3.0.6.jar,False
handcrafted,handcrafted:fox_trophy,fox_trophy,handcrafted-forge-1.20.1-3.0.6.jar,False
handcrafted,handcrafted:frozen_bench,frozen_bench,handcrafted-forge-1.20.1-3.0.6.jar,False
handcrafted,handcrafted:goat_trophy,goat_trophy,handcrafted-forge-1.20.1-3.0.6.jar,False
handcrafted,handcrafted:golden_medium_pot,golden_medium_pot,handcrafted-forge-1.20.1-3.0.6.jar,False
handcrafted,handcrafted:golden_thick_pot,golden_thick_pot,handcrafted-forge-1.20.1-3.0.6.jar,False
handcrafted,handcrafted:golden_thin_pot,golden_thin_pot,handcrafted-forge-1.20.1-3.0.6.jar,False
handcrafted,handcrafted:golden_wide_pot,golden_wide_pot,handcrafted-forge-1.20.1-3.0.6.jar,False
handcrafted,handcrafted:granite_corner_trim,granite_corner_trim,handcrafted-forge-1.20.1-3.0.6.jar,False
handcrafted,handcrafted:granite_pillar_trim,granite_pillar_trim,handcrafted-forge-1.20.1-3.0.6.jar,False
handcrafted,handcrafted:gray_cushion,gray_cushion,handcrafted-forge-1.20.1-3.0.6.jar,False
handcrafted,handcrafted:green_cushion,green_cushion,handcrafted-forge-1.20.1-3.0.6.jar,False
handcrafted,handcrafted:jungle_bench,jungle_bench,handcrafted-forge-1.20.1-3.0.6.jar,False
handcrafted,handcrafted:jungle_chair,jungle_chair,handcrafted-forge-1.20.1-3.0.6.jar,False
handcrafted,handcrafted:jungle_corner_trim,jungle_corner_trim,handcrafted-forge-1.20.1-3.0.6.jar,False
handcrafted,handcrafted:jungle_couch,jungle_couch,handcrafted-forge-1.20.1-3.0.6.jar,False
handcrafted,handcrafted:jungle_counter,jungle_counter,handcrafted-forge-1.20.1-3.0.6.jar,True
handcrafted,handcrafted:jungle_cupboard,jungle_cupboard,handcrafted-forge-1.20.1-3.0.6.jar,True
handcrafted,handcrafted:jungle_desk,jungle_desk,handcrafted-forge-1.20.1-3.0.6.jar,True
handcrafted,handcrafted:jungle_dining_bench,jungle_dining_bench,handcrafted-forge-1.20.1-3.0.6.jar,False
handcrafted,handcrafted:jungle_drawer,jungle_drawer,handcrafted-forge-1.20.1-3.0.6.jar,True
handcrafted,handcrafted:jungle_fancy_bed,jungle_fancy_bed,handcrafted-forge-1.20.1-3.0.6.jar,False
handcrafted,handcrafted:jungle_nightstand,jungle_nightstand,handcrafted-forge-1.20.1-3.0.6.jar,False
handcrafted,handcrafted:jungle_pillar_trim,jungle_pillar_trim,handcrafted-forge-1.20.1-3.0.6.jar,False
handcrafted,handcrafted:jungle_shelf,jungle_shelf,handcrafted-forge-1.20.1-3.0.6.jar,True
handcrafted,handcrafted:jungle_side_table,jungle_side_table,handcrafted-forge-1.20.1-3.0.6.jar,True
handcrafted,handcrafted:jungle_table,jungle_table,handcrafted-forge-1.20.1-3.0.6.jar,True
handcrafted,handcrafted:kitchen_hood,kitchen_hood,handcrafted-forge-1.20.1-3.0.6.jar,False
handcrafted,handcrafted:kitchen_hood_pipe,kitchen_hood_pipe,handcrafted-forge-1.20.1-3.0.6.jar,False
handcrafted,handcrafted:light_blue_cushion,light_blue_cushion,handcrafted-forge-1.20.1-3.0.6.jar,False
handcrafted,handcrafted:light_gray_cushion,light_gray_cushion,handcrafted-forge-1.20.1-3.0.6.jar,False
handcrafted,handcrafted:lime_cushion,lime_cushion,handcrafted-forge-1.20.1-3.0.6.jar,False
handcrafted,handcrafted:magenta_cushion,magenta_cushion,handcrafted-forge-1.20.1-3.0.6.jar,False
handcrafted,handcrafted:mangrove_bench,mangrove_bench,handcrafted-forge-1.20.1-3.0.6.jar,False
handcrafted,handcrafted:mangrove_chair,mangrove_chair,handcrafted-forge-1.20.1-3.0.6.jar,False
handcrafted,handcrafted:mangrove_corner_trim,mangrove_corner_trim,handcrafted-forge-1.20.1-3.0.6.jar,False
handcrafted,handcrafted:mangrove_couch,mangrove_couch,handcrafted-forge-1.20.1-3.0.6.jar,False
handcrafted,handcrafted:mangrove_counter,mangrove_counter,handcrafted-forge-1.20.1-3.0.6.jar,True
handcrafted,handcrafted:mangrove_cupboard,mangrove_cupboard,handcrafted-forge-1.20.1-3.0.6.jar,True
handcrafted,handcrafted:mangrove_desk,mangrove_desk,handcrafted-forge-1.20.1-3.0.6.jar,True
handcrafted,handcrafted:mangrove_dining_bench,mangrove_dining_bench,handcrafted-forge-1.20.1-3.0.6.jar,False
handcrafted,handcrafted:mangrove_drawer,mangrove_drawer,handcrafted-forge-1.20.1-3.0.6.jar,True
handcrafted,handcrafted:mangrove_fancy_bed,mangrove_fancy_bed,handcrafted-forge-1.20.1-3.0.6.jar,False
handcrafted,handcrafted:mangrove_nightstand,mangrove_nightstand,handcrafted-forge-1.20.1-3.0.6.jar,False
handcrafted,handcrafted:mangrove_pillar_trim,mangrove_pillar_trim,handcrafted-forge-1.20.1-3.0.6.jar,False
handcrafted,handcrafted:mangrove_shelf,mangrove_shelf,handcrafted-forge-1.20.1-3.0.6.jar,True
handcrafted,handcrafted:mangrove_side_table,mangrove_side_table,handcrafted-forge-1.20.1-3.0.6.jar,True
handcrafted,handcrafted:mangrove_table,mangrove_table,handcrafted-forge-1.20.1-3.0.6.jar,True
handcrafted,handcrafted:oak_bench,oak_bench,handcrafted-forge-1.20.1-3.0.6.jar,False
handcrafted,handcrafted:oak_chair,oak_chair,handcrafted-forge-1.20.1-3.0.6.jar,False
handcrafted,handcrafted:oak_corner_trim,oak_corner_trim,handcrafted-forge-1.20.1-3.0.6.jar,False
handcrafted,handcrafted:oak_couch,oak_couch,handcrafted-forge-1.20.1-3.0.6.jar,False
handcrafted,handcrafted:oak_counter,oak_counter,handcrafted-forge-1.20.1-3.0.6.jar,True
handcrafted,handcrafted:oak_cupboard,oak_cupboard,handcrafted-forge-1.20.1-3.0.6.jar,True
handcrafted,handcrafted:oak_desk,oak_desk,handcrafted-forge-1.20.1-3.0.6.jar,True
handcrafted,handcrafted:oak_dining_bench,oak_dining_bench,handcrafted-forge-1.20.1-3.0.6.jar,False
handcrafted,handcrafted:oak_drawer,oak_drawer,handcrafted-forge-1.20.1-3.0.6.jar,True
handcrafted,handcrafted:oak_fancy_bed,oak_fancy_bed,handcrafted-forge-1.20.1-3.0.6.jar,False
handcrafted,handcrafted:oak_nightstand,oak_nightstand,handcrafted-forge-1.20.1-3.0.6.jar,False
handcrafted,handcrafted:oak_pillar_trim,oak_pillar_trim,handcrafted-forge-1.20.1-3.0.6.jar,False
handcrafted,handcrafted:oak_shelf,oak_shelf,handcrafted-forge-1.20.1-3.0.6.jar,True
handcrafted,handcrafted:oak_side_table,oak_side_table,handcrafted-forge-1.20.1-3.0.6.jar,True
handcrafted,handcrafted:oak_table,oak_table,handcrafted-forge-1.20.1-3.0.6.jar,True
handcrafted,handcrafted:orange_cushion,orange_cushion,handcrafted-forge-1.20.1-3.0.6.jar,False
handcrafted,handcrafted:oven,oven,handcrafted-forge-1.20.1-3.0.6.jar,False
handcrafted,handcrafted:phantom_trophy,phantom_trophy,handcrafted-forge-1.20.1-3.0.6.jar,False
handcrafted,handcrafted:pillager_trophy,pillager_trophy,handcrafted-forge-1.20.1-3.0.6.jar,False
handcrafted,handcrafted:pink_cushion,pink_cushion,handcrafted-forge-1.20.1-3.0.6.jar,False
handcrafted,handcrafted:pufferfish_trophy,pufferfish_trophy,handcrafted-forge-1.20.1-3.0.6.jar,False
handcrafted,handcrafted:purple_cushion,purple_cushion,handcrafted-forge-1.20.1-3.0.6.jar,False
handcrafted,handcrafted:quartz_corner_trim,quartz_corner_trim,handcrafted-forge-1.20.1-3.0.6.jar,False
handcrafted,handcrafted:quartz_pillar_trim,quartz_pillar_trim,handcrafted-forge-1.20.1-3.0.6.jar,False
handcrafted,handcrafted:red_cushion,red_cushion,handcrafted-forge-1.20.1-3.0.6.jar,False
handcrafted,handcrafted:red_sandstone_corner_trim,red_sandstone_corner_trim,handcrafted-forge-1.20.1-3.0.6.jar,False
handcrafted,handcrafted:red_sandstone_pillar_trim,red_sandstone_pillar_trim,handcrafted-forge-1.20.1-3.0.6.jar,False
handcrafted,handcrafted:salmon_trophy,salmon_trophy,handcrafted-forge-1.20.1-3.0.6.jar,False
handcrafted,handcrafted:sandstone_corner_trim,sandstone_corner_trim,handcrafted-forge-1.20.1-3.0.6.jar,False
handcrafted,handcrafted:sandstone_pillar_trim,sandstone_pillar_trim,handcrafted-forge-1.20.1-3.0.6.jar,False
handcrafted,handcrafted:silverfish_trophy,silverfish_trophy,handcrafted-forge-1.20.1-3.0.6.jar,False
handcrafted,handcrafted:skeleton_horse_trophy,skeleton_horse_trophy,handcrafted-forge-1.20.1-3.0.6.jar,False
handcrafted,handcrafted:skeleton_trophy,skeleton_trophy,handcrafted-forge-1.20.1-3.0.6.jar,False
handcrafted,handcrafted:spider_trophy,spider_trophy,handcrafted-forge-1.20.1-3.0.6.jar,False
handcrafted,handcrafted:spruce_bench,spruce_bench,handcrafted-forge-1.20.1-3.0.6.jar,False
handcrafted,handcrafted:spruce_chair,spruce_chair,handcrafted-forge-1.20.1-3.0.6.jar,False
handcrafted,handcrafted:spruce_corner_trim,spruce_corner_trim,handcrafted-forge-1.20.1-3.0.6.jar,False
handcrafted,handcrafted:spruce_couch,spruce_couch,handcrafted-forge-1.20.1-3.0.6.jar,False
handcrafted,handcrafted:spruce_counter,spruce_counter,handcrafted-forge-1.20.1-3.0.6.jar,True
handcrafted,handcrafted:spruce_cupboard,spruce_cupboard,handcrafted-forge-1.20.1-3.0.6.jar,True
handcrafted,handcrafted:spruce_desk,spruce_desk,handcrafted-forge-1.20.1-3.0.6.jar,True
handcrafted,handcrafted:spruce_dining_bench,spruce_dining_bench,handcrafted-forge-1.20.1-3.0.6.jar,False
handcrafted,handcrafted:spruce_drawer,spruce_drawer,handcrafted-forge-1.20.1-3.0.6.jar,True
handcrafted,handcrafted:spruce_fancy_bed,spruce_fancy_bed,handcrafted-forge-1.20.1-3.0.6.jar,False
handcrafted,handcrafted:spruce_nightstand,spruce_nightstand,handcrafted-forge-1.20.1-3.0.6.jar,False
handcrafted,handcrafted:spruce_pillar_trim,spruce_pillar_trim,handcrafted-forge-1.20.1-3.0.6.jar,False
handcrafted,handcrafted:spruce_shelf,spruce_shelf,handcrafted-forge-1.20.1-3.0.6.jar,True
handcrafted,handcrafted:spruce_side_table,spruce_side_table,handcrafted-forge-1.20.1-3.0.6.jar,True
handcrafted,handcrafted:spruce_table,spruce_table,handcrafted-forge-1.20.1-3.0.6.jar,True
handcrafted,handcrafted:stackable_book,stackable_book,handcrafted-forge-1.20.1-3.0.6.jar,False
handcrafted,handcrafted:stone_corner_trim,stone_corner_trim,handcrafted-forge-1.20.1-3.0.6.jar,False
handcrafted,handcrafted:stone_pillar_trim,stone_pillar_trim,handcrafted-forge-1.20.1-3.0.6.jar,False
handcrafted,handcrafted:terracotta_bowl,terracotta_bowl,handcrafted-forge-1.20.1-3.0.6.jar,False
handcrafted,handcrafted:terracotta_crockery_combo,terracotta_crockery_combo,handcrafted-forge-1.20.1-3.0.6.jar,False
handcrafted,handcrafted:terracotta_cup,terracotta_cup,handcrafted-forge-1.20.1-3.0.6.jar,False
handcrafted,handcrafted:terracotta_medium_pot,terracotta_medium_pot,handcrafted-forge-1.20.1-3.0.6.jar,False
handcrafted,handcrafted:terracotta_plate,terracotta_plate,handcrafted-forge-1.20.1-3.0.6.jar,False
handcrafted,handcrafted:terracotta_thick_pot,terracotta_thick_pot,handcrafted-forge-1.20.1-3.0.6.jar,False
handcrafted,handcrafted:terracotta_thin_pot,terracotta_thin_pot,handcrafted-forge-1.20.1-3.0.6.jar,False
handcrafted,handcrafted:terracotta_wide_pot,terracotta_wide_pot,handcrafted-forge-1.20.1-3.0.6.jar,False
handcrafted,handcrafted:tropical_fish_trophy,tropical_fish_trophy,handcrafted-forge-1.20.1-3.0.6.jar,False
handcrafted,handcrafted:vindicator_trophy,vindicator_trophy,handcrafted-forge-1.20.1-3.0.6.jar,False
handcrafted,handcrafted:warped_bench,warped_bench,handcrafted-forge-1.20.1-3.0.6.jar,False
handcrafted,handcrafted:warped_chair,warped_chair,handcrafted-forge-1.20.1-3.0.6.jar,False
handcrafted,handcrafted:warped_corner_trim,warped_corner_trim,handcrafted-forge-1.20.1-3.0.6.jar,False
handcrafted,handcrafted:warped_couch,warped_couch,handcrafted-forge-1.20.1-3.0.6.jar,False
handcrafted,handcrafted:warped_counter,warped_counter,handcrafted-forge-1.20.1-3.0.6.jar,True
handcrafted,handcrafted:warped_cupboard,warped_cupboard,handcrafted-forge-1.20.1-3.0.6.jar,True
handcrafted,handcrafted:warped_desk,warped_desk,handcrafted-forge-1.20.1-3.0.6.jar,True
handcrafted,handcrafted:warped_dining_bench,warped_dining_bench,handcrafted-forge-1.20.1-3.0.6.jar,False
handcrafted,handcrafted:warped_drawer,warped_drawer,handcrafted-forge-1.20.1-3.0.6.jar,True
handcrafted,handcrafted:warped_fancy_bed,warped_fancy_bed,handcrafted-forge-1.20.1-3.0.6.jar,False
handcrafted,handcrafted:warped_nightstand,warped_nightstand,handcrafted-forge-1.20.1-3.0.6.jar,False
handcrafted,handcrafted:warped_pillar_trim,warped_pillar_trim,handcrafted-forge-1.20.1-3.0.6.jar,False
handcrafted,handcrafted:warped_shelf,warped_shelf,handcrafted-forge-1.20.1-3.0.6.jar,True
handcrafted,handcrafted:warped_side_table,warped_side_table,handcrafted-forge-1.20.1-3.0.6.jar,True
handcrafted,handcrafted:warped_table,warped_table,handcrafted-forge-1.20.1-3.0.6.jar,True
handcrafted,handcrafted:white_bowl,white_bowl,handcrafted-forge-1.20.1-3.0.6.jar,False
handcrafted,handcrafted:white_crockery_combo,white_crockery_combo,handcrafted-forge-1.20.1-3.0.6.jar,False
handcrafted,handcrafted:white_cup,white_cup,handcrafted-forge-1.20.1-3.0.6.jar,False
handcrafted,handcrafted:white_cushion,white_cushion,handcrafted-forge-1.20.1-3.0.6.jar,False
handcrafted,handcrafted:white_glazed_medium_pot,white_glazed_medium_pot,handcrafted-forge-1.20.1-3.0.6.jar,False
handcrafted,handcrafted:white_glazed_thick_pot,white_glazed_thick_pot,handcrafted-forge-1.20.1-3.0.6.jar,False
handcrafted,handcrafted:white_glazed_thin_pot,white_glazed_thin_pot,handcrafted-forge-1.20.1-3.0.6.jar,False
handcrafted,handcrafted:white_glazed_wide_pot,white_glazed_wide_pot,handcrafted-forge-1.20.1-3.0.6.jar,False
handcrafted,handcrafted:white_plate,white_plate,handcrafted-forge-1.20.1-3.0.6.jar,False
handcrafted,handcrafted:witch_trophy,witch_trophy,handcrafted-forge-1.20.1-3.0.6.jar,False
handcrafted,handcrafted:wither_skeleton_trophy,wither_skeleton_trophy,handcrafted-forge-1.20.1-3.0.6.jar,False
handcrafted,handcrafted:wolf_trophy,wolf_trophy,handcrafted-forge-1.20.1-3.0.6.jar,False
handcrafted,handcrafted:wood_bowl,wood_bowl,handcrafted-forge-1.20.1-3.0.6.jar,False
handcrafted,handcrafted:wood_crockery_combo,wood_crockery_combo,handcrafted-forge-1.20.1-3.0.6.jar,False
handcrafted,handcrafted:wood_cup,wood_cup,handcrafted-forge-1.20.1-3.0.6.jar,False
handcrafted,handcrafted:wood_plate,wood_plate,handcrafted-forge-1.20.1-3.0.6.jar,False
handcrafted,handcrafted:yellow_bowl,yellow_bowl,handcrafted-forge-1.20.1-3.0.6.jar,False
handcrafted,handcrafted:yellow_crockery_combo,yellow_crockery_combo,handcrafted-forge-1.20.1-3.0.6.jar,False
handcrafted,handcrafted:yellow_cup,yellow_cup,handcrafted-forge-1.20.1-3.0.6.jar,False
handcrafted,handcrafted:yellow_cushion,yellow_cushion,handcrafted-forge-1.20.1-3.0.6.jar,False
handcrafted,handcrafted:yellow_plate,yellow_plate,handcrafted-forge-1.20.1-3.0.6.jar,False
horror_element_mod,horror_element_mod:acid_blood_1,acid_blood_1,horror_element_mod-1.6.3-forge-1.20.1.jar,False
horror_element_mod,horror_element_mod:acid_blood_2,acid_blood_2,horror_element_mod-1.6.3-forge-1.20.1.jar,False
horror_element_mod,horror_element_mod:alex_head,alex_head,horror_element_mod-1.6.3-forge-1.20.1.jar,False
horror_element_mod,horror_element_mod:atmosphere_block,atmosphere_block,horror_element_mod-1.6.3-forge-1.20.1.jar,False
horror_element_mod,horror_element_mod:axe_and_log,axe_and_log,horror_element_mod-1.6.3-forge-1.20.1.jar,False
horror_element_mod,horror_element_mod:axed_door_bamboo_fell,axed_door_bamboo_fell,horror_element_mod-1.6.3-forge-1.20.1.jar,False
horror_element_mod,horror_element_mod:axed_door_birch,axed_door_birch,horror_element_mod-1.6.3-forge-1.20.1.jar,False
horror_element_mod,horror_element_mod:axed_door_birch_fell,axed_door_birch_fell,horror_element_mod-1.6.3-forge-1.20.1.jar,False
horror_element_mod,horror_element_mod:axed_door_dark_oak_fell,axed_door_dark_oak_fell,horror_element_mod-1.6.3-forge-1.20.1.jar,False
horror_element_mod,horror_element_mod:axed_door_darkoak,axed_door_darkoak,horror_element_mod-1.6.3-forge-1.20.1.jar,False
horror_element_mod,horror_element_mod:axed_door_jungle,axed_door_jungle,horror_element_mod-1.6.3-forge-1.20.1.jar,False
horror_element_mod,horror_element_mod:axed_door_jungle_fell,axed_door_jungle_fell,horror_element_mod-1.6.3-forge-1.20.1.jar,False
horror_element_mod,horror_element_mod:axed_door_oak,axed_door_oak,horror_element_mod-1.6.3-forge-1.20.1.jar,False
horror_element_mod,horror_element_mod:axed_door_oak_fell,axed_door_oak_fell,horror_element_mod-1.6.3-forge-1.20.1.jar,False
horror_element_mod,horror_element_mod:axed_door_spruce,axed_door_spruce,horror_element_mod-1.6.3-forge-1.20.1.jar,False
horror_element_mod,horror_element_mod:axed_door_spruce_fell,axed_door_spruce_fell,horror_element_mod-1.6.3-forge-1.20.1.jar,False
horror_element_mod,horror_element_mod:axeddoorbamboo,axeddoorbamboo,horror_element_mod-1.6.3-forge-1.20.1.jar,False
horror_element_mod,horror_element_mod:barbed_wire,barbed_wire,horror_element_mod-1.6.3-forge-1.20.1.jar,False
horror_element_mod,horror_element_mod:barbed_wire_bloody,barbed_wire_bloody,horror_element_mod-1.6.3-forge-1.20.1.jar,False
horror_element_mod,horror_element_mod:barbed_wire_body,barbed_wire_body,horror_element_mod-1.6.3-forge-1.20.1.jar,False
horror_element_mod,horror_element_mod:barricade_birch,barricade_birch,horror_element_mod-1.6.3-forge-1.20.1.jar,False
horror_element_mod,horror_element_mod:barricade_birch_bloody,barricade_birch_bloody,horror_element_mod-1.6.3-forge-1.20.1.jar,False
horror_element_mod,horror_element_mod:barricade_dark_oak_bloody,barricade_dark_oak_bloody,horror_element_mod-1.6.3-forge-1.20.1.jar,False
horror_element_mod,horror_element_mod:barricade_darkoak,barricade_darkoak,horror_element_mod-1.6.3-forge-1.20.1.jar,False
horror_element_mod,horror_element_mod:barricade_oak_bloody,barricade_oak_bloody,horror_element_mod-1.6.3-forge-1.20.1.jar,False
horror_element_mod,horror_element_mod:barricade_spruce_bloody,barricade_spruce_bloody,horror_element_mod-1.6.3-forge-1.20.1.jar,False
horror_element_mod,horror_element_mod:barricadeoak,barricadeoak,horror_element_mod-1.6.3-forge-1.20.1.jar,False
horror_element_mod,horror_element_mod:barricadespruce,barricadespruce,horror_element_mod-1.6.3-forge-1.20.1.jar,False
horror_element_mod,horror_element_mod:beheaded_body,beheaded_body,horror_element_mod-1.6.3-forge-1.20.1.jar,False
horror_element_mod,horror_element_mod:blood_1,blood_1,horror_element_mod-1.6.3-forge-1.20.1.jar,False
horror_element_mod,horror_element_mod:blood_10,blood_10,horror_element_mod-1.6.3-forge-1.20.1.jar,False
horror_element_mod,horror_element_mod:blood_2,blood_2,horror_element_mod-1.6.3-forge-1.20.1.jar,False
horror_element_mod,horror_element_mod:blood_3,blood_3,horror_element_mod-1.6.3-forge-1.20.1.jar,False
horror_element_mod,horror_element_mod:blood_4,blood_4,horror_element_mod-1.6.3-forge-1.20.1.jar,False
horror_element_mod,horror_element_mod:blood_5,blood_5,horror_element_mod-1.6.3-forge-1.20.1.jar,False
horror_element_mod,horror_element_mod:blood_6,blood_6,horror_element_mod-1.6.3-forge-1.20.1.jar,False
horror_element_mod,horror_element_mod:blood_7,blood_7,horror_element_mod-1.6.3-forge-1.20.1.jar,False
horror_element_mod,horror_element_mod:blood_8,blood_8,horror_element_mod-1.6.3-forge-1.20.1.jar,False
horror_element_mod,horror_element_mod:blood_9,blood_9,horror_element_mod-1.6.3-forge-1.20.1.jar,False
horror_element_mod,horror_element_mod:blooded_log,blooded_log,horror_element_mod-1.6.3-forge-1.20.1.jar,False
horror_element_mod,horror_element_mod:bloody_tombstone,bloody_tombstone,horror_element_mod-1.6.3-forge-1.20.1.jar,False
horror_element_mod,horror_element_mod:broken_light,broken_light,horror_element_mod-1.6.3-forge-1.20.1.jar,False
horror_element_mod,horror_element_mod:broken_tv,broken_tv,horror_element_mod-1.6.3-forge-1.20.1.jar,False
horror_element_mod,horror_element_mod:chained_entity,chained_entity,horror_element_mod-1.6.3-forge-1.20.1.jar,False
horror_element_mod,horror_element_mod:colonial_marine_body,colonial_marine_body,horror_element_mod-1.6.3-forge-1.20.1.jar,False
horror_element_mod,horror_element_mod:colonial_marine_head,colonial_marine_head,horror_element_mod-1.6.3-forge-1.20.1.jar,False
horror_element_mod,horror_element_mod:cordycepsfarmer,cordycepsfarmer,horror_element_mod-1.6.3-forge-1.20.1.jar,False
horror_element_mod,horror_element_mod:crucified_body,crucified_body,horror_element_mod-1.6.3-forge-1.20.1.jar,False
horror_element_mod,horror_element_mod:cursed_painting,cursed_painting,horror_element_mod-1.6.3-forge-1.20.1.jar,False
horror_element_mod,horror_element_mod:cursed_painting_screamer,cursed_painting_screamer,horror_element_mod-1.6.3-forge-1.20.1.jar,False
horror_element_mod,horror_element_mod:dead_cow,dead_cow,horror_element_mod-1.6.3-forge-1.20.1.jar,False
horror_element_mod,horror_element_mod:dead_experiment,dead_experiment,horror_element_mod-1.6.3-forge-1.20.1.jar,False
horror_element_mod,horror_element_mod:dead_pig,dead_pig,horror_element_mod-1.6.3-forge-1.20.1.jar,False
horror_element_mod,horror_element_mod:desert_marine_head,desert_marine_head,horror_element_mod-1.6.3-forge-1.20.1.jar,False
horror_element_mod,horror_element_mod:destroyed_door_iron,destroyed_door_iron,horror_element_mod-1.6.3-forge-1.20.1.jar,False
horror_element_mod,horror_element_mod:destroyed_door_iron_fell,destroyed_door_iron_fell,horror_element_mod-1.6.3-forge-1.20.1.jar,False
horror_element_mod,horror_element_mod:eyes_closed_red,eyes_closed_red,horror_element_mod-1.6.3-forge-1.20.1.jar,False
horror_element_mod,horror_element_mod:eyesclosedwhite,eyesclosedwhite,horror_element_mod-1.6.3-forge-1.20.1.jar,False
horror_element_mod,horror_element_mod:german_officer_head,german_officer_head,horror_element_mod-1.6.3-forge-1.20.1.jar,False
horror_element_mod,horror_element_mod:goldtrigered,goldtrigered,horror_element_mod-1.6.3-forge-1.20.1.jar,False
horror_element_mod,horror_element_mod:goldtrigerrer,goldtrigerrer,horror_element_mod-1.6.3-forge-1.20.1.jar,False
horror_element_mod,horror_element_mod:green_blood_1,green_blood_1,horror_element_mod-1.6.3-forge-1.20.1.jar,False
horror_element_mod,horror_element_mod:green_blood_2,green_blood_2,horror_element_mod-1.6.3-forge-1.20.1.jar,False
horror_element_mod,horror_element_mod:hanging_corpse_1,hanging_corpse_1,horror_element_mod-1.6.3-forge-1.20.1.jar,False
horror_element_mod,horror_element_mod:hanging_corpse_2,hanging_corpse_2,horror_element_mod-1.6.3-forge-1.20.1.jar,False
horror_element_mod,horror_element_mod:hanging_villager,hanging_villager,horror_element_mod-1.6.3-forge-1.20.1.jar,False
horror_element_mod,horror_element_mod:hazzmat_body,hazzmat_body,horror_element_mod-1.6.3-forge-1.20.1.jar,False
horror_element_mod,horror_element_mod:hazzmat_head,hazzmat_head,horror_element_mod-1.6.3-forge-1.20.1.jar,False
horror_element_mod,horror_element_mod:herobrine_head,herobrine_head,horror_element_mod-1.6.3-forge-1.20.1.jar,False
horror_element_mod,horror_element_mod:hospital_bed,hospital_bed,horror_element_mod-1.6.3-forge-1.20.1.jar,False
horror_element_mod,horror_element_mod:human_remains,human_remains,horror_element_mod-1.6.3-forge-1.20.1.jar,False
horror_element_mod,horror_element_mod:impaled_head,impaled_head,horror_element_mod-1.6.3-forge-1.20.1.jar,False
horror_element_mod,horror_element_mod:impaled_knight,impaled_knight,horror_element_mod-1.6.3-forge-1.20.1.jar,False
horror_element_mod,horror_element_mod:impaled_skeleton,impaled_skeleton,horror_element_mod-1.6.3-forge-1.20.1.jar,False
horror_element_mod,horror_element_mod:impaled_soldier,impaled_soldier,horror_element_mod-1.6.3-forge-1.20.1.jar,False
horror_element_mod,horror_element_mod:light_on,light_on,horror_element_mod-1.6.3-forge-1.20.1.jar,False
horror_element_mod,horror_element_mod:marine_body,marine_body,horror_element_mod-1.6.3-forge-1.20.1.jar,False
horror_element_mod,horror_element_mod:oakon,oakon,horror_element_mod-1.6.3-forge-1.20.1.jar,False
horror_element_mod,horror_element_mod:phished_head,phished_head,horror_element_mod-1.6.3-forge-1.20.1.jar,False
horror_element_mod,horror_element_mod:primitive_head,primitive_head,horror_element_mod-1.6.3-forge-1.20.1.jar,False
horror_element_mod,horror_element_mod:redeyes,redeyes,horror_element_mod-1.6.3-forge-1.20.1.jar,False
horror_element_mod,horror_element_mod:redlantern,redlantern,horror_element_mod-1.6.3-forge-1.20.1.jar,False
horror_element_mod,horror_element_mod:redlanternchain,redlanternchain,horror_element_mod-1.6.3-forge-1.20.1.jar,False
horror_element_mod,horror_element_mod:redstone_trigerrer,redstone_trigerrer,horror_element_mod-1.6.3-forge-1.20.1.jar,False
horror_element_mod,horror_element_mod:rotten_body,rotten_body,horror_element_mod-1.6.3-forge-1.20.1.jar,False
horror_element_mod,horror_element_mod:russian_officer_head,russian_officer_head,horror_element_mod-1.6.3-forge-1.20.1.jar,False
horror_element_mod,horror_element_mod:scarecrow_farmer,scarecrow_farmer,horror_element_mod-1.6.3-forge-1.20.1.jar,False
horror_element_mod,horror_element_mod:scientist_body,scientist_body,horror_element_mod-1.6.3-forge-1.20.1.jar,False
horror_element_mod,horror_element_mod:self_terminated_body,self_terminated_body,horror_element_mod-1.6.3-forge-1.20.1.jar,False
horror_element_mod,horror_element_mod:severed_hand,severed_hand,horror_element_mod-1.6.3-forge-1.20.1.jar,False
horror_element_mod,horror_element_mod:sign_1,sign_1,horror_element_mod-1.6.3-forge-1.20.1.jar,False
horror_element_mod,horror_element_mod:sign_2,sign_2,horror_element_mod-1.6.3-forge-1.20.1.jar,False
horror_element_mod,horror_element_mod:slashed_skull,slashed_skull,horror_element_mod-1.6.3-forge-1.20.1.jar,False
horror_element_mod,horror_element_mod:sliced_body,sliced_body,horror_element_mod-1.6.3-forge-1.20.1.jar,False
horror_element_mod,horror_element_mod:sound_block,sound_block,horror_element_mod-1.6.3-forge-1.20.1.jar,False
horror_element_mod,horror_element_mod:spider_head,spider_head,horror_element_mod-1.6.3-forge-1.20.1.jar,False
horror_element_mod,horror_element_mod:spiked_body,spiked_body,horror_element_mod-1.6.3-forge-1.20.1.jar,False
horror_element_mod,horror_element_mod:spiked_villager,spiked_villager,horror_element_mod-1.6.3-forge-1.20.1.jar,False
horror_element_mod,horror_element_mod:steve_head,steve_head,horror_element_mod-1.6.3-forge-1.20.1.jar,False
horror_element_mod,horror_element_mod:stonetrigerer,stonetrigerer,horror_element_mod-1.6.3-forge-1.20.1.jar,False
horror_element_mod,horror_element_mod:stonetrigerred,stonetrigerred,horror_element_mod-1.6.3-forge-1.20.1.jar,False
horror_element_mod,horror_element_mod:trapped_leg,trapped_leg,horror_element_mod-1.6.3-forge-1.20.1.jar,False
horror_element_mod,horror_element_mod:villager_head,villager_head,horror_element_mod-1.6.3-forge-1.20.1.jar,False
horror_element_mod,horror_element_mod:white_eyes,white_eyes,horror_element_mod-1.6.3-forge-1.20.1.jar,False
horror_element_mod,horror_element_mod:woodden_shutter,woodden_shutter,horror_element_mod-1.6.3-forge-1.20.1.jar,False
horror_element_mod,horror_element_mod:woodenshutteropenened,woodenshutteropenened,horror_element_mod-1.6.3-forge-1.20.1.jar,False
horror_element_mod,horror_element_mod:yelloweyes,yelloweyes,horror_element_mod-1.6.3-forge-1.20.1.jar,False
horror_element_mod,horror_element_mod:yelloweyesclosed,yelloweyesclosed,horror_element_mod-1.6.3-forge-1.20.1.jar,False
immersive_weathering,immersive_weathering:acacia_leaf_pile,acacia_leaf_pile,immersive_weathering-1.20.1-2.0.5-forge.jar,False
immersive_weathering,immersive_weathering:azalea_flower_pile,azalea_flower_pile,immersive_weathering-1.20.1-2.0.5-forge.jar,False
immersive_weathering,immersive_weathering:azalea_leaf_pile,azalea_leaf_pile,immersive_weathering-1.20.1-2.0.5-forge.jar,False
immersive_weathering,immersive_weathering:birch_leaf_pile,birch_leaf_pile,immersive_weathering-1.20.1-2.0.5-forge.jar,False
immersive_weathering,immersive_weathering:charred_fence,charred_fence,immersive_weathering-1.20.1-2.0.5-forge.jar,False
immersive_weathering,immersive_weathering:charred_fence_gate,charred_fence_gate,immersive_weathering-1.20.1-2.0.5-forge.jar,False
immersive_weathering,immersive_weathering:charred_log,charred_log,immersive_weathering-1.20.1-2.0.5-forge.jar,False
immersive_weathering,immersive_weathering:charred_planks,charred_planks,immersive_weathering-1.20.1-2.0.5-forge.jar,False
immersive_weathering,immersive_weathering:charred_slab,charred_slab,immersive_weathering-1.20.1-2.0.5-forge.jar,False
immersive_weathering,immersive_weathering:charred_stairs,charred_stairs,immersive_weathering-1.20.1-2.0.5-forge.jar,False
immersive_weathering,immersive_weathering:cherry_leaf_pile,cherry_leaf_pile,immersive_weathering-1.20.1-2.0.5-forge.jar,False
immersive_weathering,immersive_weathering:chiseled_prismarine_bricks,chiseled_prismarine_bricks,immersive_weathering-1.20.1-2.0.5-forge.jar,False
immersive_weathering,immersive_weathering:cracked_brick_slab,cracked_brick_slab,immersive_weathering-1.20.1-2.0.5-forge.jar,False
immersive_weathering,immersive_weathering:cracked_brick_stairs,cracked_brick_stairs,immersive_weathering-1.20.1-2.0.5-forge.jar,False
immersive_weathering,immersive_weathering:cracked_brick_wall,cracked_brick_wall,immersive_weathering-1.20.1-2.0.5-forge.jar,False
immersive_weathering,immersive_weathering:cracked_bricks,cracked_bricks,immersive_weathering-1.20.1-2.0.5-forge.jar,False
immersive_weathering,immersive_weathering:cracked_deepslate_brick_slab,cracked_deepslate_brick_slab,immersive_weathering-1.20.1-2.0.5-forge.jar,False
immersive_weathering,immersive_weathering:cracked_deepslate_brick_stairs,cracked_deepslate_brick_stairs,immersive_weathering-1.20.1-2.0.5-forge.jar,False
immersive_weathering,immersive_weathering:cracked_deepslate_brick_wall,cracked_deepslate_brick_wall,immersive_weathering-1.20.1-2.0.5-forge.jar,False
immersive_weathering,immersive_weathering:cracked_deepslate_tile_slab,cracked_deepslate_tile_slab,immersive_weathering-1.20.1-2.0.5-forge.jar,False
immersive_weathering,immersive_weathering:cracked_deepslate_tile_stairs,cracked_deepslate_tile_stairs,immersive_weathering-1.20.1-2.0.5-forge.jar,False
immersive_weathering,immersive_weathering:cracked_deepslate_tile_wall,cracked_deepslate_tile_wall,immersive_weathering-1.20.1-2.0.5-forge.jar,False
immersive_weathering,immersive_weathering:cracked_end_stone_brick_slab,cracked_end_stone_brick_slab,immersive_weathering-1.20.1-2.0.5-forge.jar,False
immersive_weathering,immersive_weathering:cracked_end_stone_brick_stairs,cracked_end_stone_brick_stairs,immersive_weathering-1.20.1-2.0.5-forge.jar,False
immersive_weathering,immersive_weathering:cracked_end_stone_brick_wall,cracked_end_stone_brick_wall,immersive_weathering-1.20.1-2.0.5-forge.jar,False
immersive_weathering,immersive_weathering:cracked_end_stone_bricks,cracked_end_stone_bricks,immersive_weathering-1.20.1-2.0.5-forge.jar,False
immersive_weathering,immersive_weathering:cracked_nether_brick_slab,cracked_nether_brick_slab,immersive_weathering-1.20.1-2.0.5-forge.jar,False
immersive_weathering,immersive_weathering:cracked_nether_brick_stairs,cracked_nether_brick_stairs,immersive_weathering-1.20.1-2.0.5-forge.jar,False
immersive_weathering,immersive_weathering:cracked_nether_brick_wall,cracked_nether_brick_wall,immersive_weathering-1.20.1-2.0.5-forge.jar,False
immersive_weathering,immersive_weathering:cracked_polished_blackstone_brick_slab,cracked_polished_blackstone_brick_slab,immersive_weathering-1.20.1-2.0.5-forge.jar,False
immersive_weathering,immersive_weathering:cracked_polished_blackstone_brick_stairs,cracked_polished_blackstone_brick_stairs,immersive_weathering-1.20.1-2.0.5-forge.jar,False
immersive_weathering,immersive_weathering:cracked_polished_blackstone_brick_wall,cracked_polished_blackstone_brick_wall,immersive_weathering-1.20.1-2.0.5-forge.jar,False
immersive_weathering,immersive_weathering:cracked_prismarine_brick_slab,cracked_prismarine_brick_slab,immersive_weathering-1.20.1-2.0.5-forge.jar,False
immersive_weathering,immersive_weathering:cracked_prismarine_brick_stairs,cracked_prismarine_brick_stairs,immersive_weathering-1.20.1-2.0.5-forge.jar,False
immersive_weathering,immersive_weathering:cracked_prismarine_brick_wall,cracked_prismarine_brick_wall,immersive_weathering-1.20.1-2.0.5-forge.jar,False
immersive_weathering,immersive_weathering:cracked_prismarine_bricks,cracked_prismarine_bricks,immersive_weathering-1.20.1-2.0.5-forge.jar,False
immersive_weathering,immersive_weathering:cracked_stone_brick_slab,cracked_stone_brick_slab,immersive_weathering-1.20.1-2.0.5-forge.jar,False
immersive_weathering,immersive_weathering:cracked_stone_brick_stairs,cracked_stone_brick_stairs,immersive_weathering-1.20.1-2.0.5-forge.jar,False
immersive_weathering,immersive_weathering:cracked_stone_brick_wall,cracked_stone_brick_wall,immersive_weathering-1.20.1-2.0.5-forge.jar,False
immersive_weathering,immersive_weathering:cut_iron,cut_iron,immersive_weathering-1.20.1-2.0.5-forge.jar,False
immersive_weathering,immersive_weathering:cut_iron_slab,cut_iron_slab,immersive_weathering-1.20.1-2.0.5-forge.jar,False
immersive_weathering,immersive_weathering:cut_iron_stairs,cut_iron_stairs,immersive_weathering-1.20.1-2.0.5-forge.jar,False
immersive_weathering,immersive_weathering:dark_oak_leaf_pile,dark_oak_leaf_pile,immersive_weathering-1.20.1-2.0.5-forge.jar,False
immersive_weathering,immersive_weathering:dark_prismarine_wall,dark_prismarine_wall,immersive_weathering-1.20.1-2.0.5-forge.jar,False
immersive_weathering,immersive_weathering:dune_grass,dune_grass,immersive_weathering-1.20.1-2.0.5-forge.jar,False
immersive_weathering,immersive_weathering:earthen_clay,earthen_clay,immersive_weathering-1.20.1-2.0.5-forge.jar,False
immersive_weathering,immersive_weathering:earthen_clay_farmland,earthen_clay_farmland,immersive_weathering-1.20.1-2.0.5-forge.jar,False
immersive_weathering,immersive_weathering:exposed_cut_iron,exposed_cut_iron,immersive_weathering-1.20.1-2.0.5-forge.jar,False
immersive_weathering,immersive_weathering:exposed_cut_iron_slab,exposed_cut_iron_slab,immersive_weathering-1.20.1-2.0.5-forge.jar,False
immersive_weathering,immersive_weathering:exposed_cut_iron_stairs,exposed_cut_iron_stairs,immersive_weathering-1.20.1-2.0.5-forge.jar,False
immersive_weathering,immersive_weathering:exposed_iron_bars,exposed_iron_bars,immersive_weathering-1.20.1-2.0.5-forge.jar,False
immersive_weathering,immersive_weathering:exposed_iron_door,exposed_iron_door,immersive_weathering-1.20.1-2.0.5-forge.jar,False
immersive_weathering,immersive_weathering:exposed_iron_trapdoor,exposed_iron_trapdoor,immersive_weathering-1.20.1-2.0.5-forge.jar,False
immersive_weathering,immersive_weathering:exposed_plate_iron,exposed_plate_iron,immersive_weathering-1.20.1-2.0.5-forge.jar,False
immersive_weathering,immersive_weathering:exposed_plate_iron_slab,exposed_plate_iron_slab,immersive_weathering-1.20.1-2.0.5-forge.jar,False
immersive_weathering,immersive_weathering:exposed_plate_iron_stairs,exposed_plate_iron_stairs,immersive_weathering-1.20.1-2.0.5-forge.jar,False
immersive_weathering,immersive_weathering:flowering_azalea_leaf_pile,flowering_azalea_leaf_pile,immersive_weathering-1.20.1-2.0.5-forge.jar,False
immersive_weathering,immersive_weathering:frost,frost,immersive_weathering-1.20.1-2.0.5-forge.jar,False
immersive_weathering,immersive_weathering:frosty_fern,frosty_fern,immersive_weathering-1.20.1-2.0.5-forge.jar,False
immersive_weathering,immersive_weathering:frosty_glass,frosty_glass,immersive_weathering-1.20.1-2.0.5-forge.jar,False
immersive_weathering,immersive_weathering:frosty_glass_pane,frosty_glass_pane,immersive_weathering-1.20.1-2.0.5-forge.jar,False
immersive_weathering,immersive_weathering:frosty_grass,frosty_grass,immersive_weathering-1.20.1-2.0.5-forge.jar,False
immersive_weathering,immersive_weathering:fulgurite,fulgurite,immersive_weathering-1.20.1-2.0.5-forge.jar,False
immersive_weathering,immersive_weathering:grassy_earthen_clay,grassy_earthen_clay,immersive_weathering-1.20.1-2.0.5-forge.jar,False
immersive_weathering,immersive_weathering:grassy_permafrost,grassy_permafrost,immersive_weathering-1.20.1-2.0.5-forge.jar,False
immersive_weathering,immersive_weathering:grassy_sandy_dirt,grassy_sandy_dirt,immersive_weathering-1.20.1-2.0.5-forge.jar,False
immersive_weathering,immersive_weathering:grassy_silt,grassy_silt,immersive_weathering-1.20.1-2.0.5-forge.jar,False
immersive_weathering,immersive_weathering:hanging_roots_wall,hanging_roots_wall,immersive_weathering-1.20.1-2.0.5-forge.jar,False
immersive_weathering,immersive_weathering:icicle,icicle,immersive_weathering-1.20.1-2.0.5-forge.jar,False
immersive_weathering,immersive_weathering:ivy,ivy,immersive_weathering-1.20.1-2.0.5-forge.jar,False
immersive_weathering,immersive_weathering:jungle_leaf_pile,jungle_leaf_pile,immersive_weathering-1.20.1-2.0.5-forge.jar,False
immersive_weathering,immersive_weathering:loam,loam,immersive_weathering-1.20.1-2.0.5-forge.jar,False
immersive_weathering,immersive_weathering:loamy_farmland,loamy_farmland,immersive_weathering-1.20.1-2.0.5-forge.jar,False
immersive_weathering,immersive_weathering:mangrove_leaf_pile,mangrove_leaf_pile,immersive_weathering-1.20.1-2.0.5-forge.jar,False
immersive_weathering,immersive_weathering:moss,moss,immersive_weathering-1.20.1-2.0.5-forge.jar,False
immersive_weathering,immersive_weathering:mossy_brick_slab,mossy_brick_slab,immersive_weathering-1.20.1-2.0.5-forge.jar,False
immersive_weathering,immersive_weathering:mossy_brick_stairs,mossy_brick_stairs,immersive_weathering-1.20.1-2.0.5-forge.jar,False
immersive_weathering,immersive_weathering:mossy_brick_wall,mossy_brick_wall,immersive_weathering-1.20.1-2.0.5-forge.jar,False
immersive_weathering,immersive_weathering:mossy_bricks,mossy_bricks,immersive_weathering-1.20.1-2.0.5-forge.jar,False
immersive_weathering,immersive_weathering:mossy_chiseled_stone_bricks,mossy_chiseled_stone_bricks,immersive_weathering-1.20.1-2.0.5-forge.jar,False
immersive_weathering,immersive_weathering:mossy_stone,mossy_stone,immersive_weathering-1.20.1-2.0.5-forge.jar,False
immersive_weathering,immersive_weathering:mossy_stone_slab,mossy_stone_slab,immersive_weathering-1.20.1-2.0.5-forge.jar,False
immersive_weathering,immersive_weathering:mossy_stone_stairs,mossy_stone_stairs,immersive_weathering-1.20.1-2.0.5-forge.jar,False
immersive_weathering,immersive_weathering:mossy_stone_wall,mossy_stone_wall,immersive_weathering-1.20.1-2.0.5-forge.jar,False
immersive_weathering,immersive_weathering:mulch_block,mulch_block,immersive_weathering-1.20.1-2.0.5-forge.jar,False
immersive_weathering,immersive_weathering:nulch_block,nulch_block,immersive_weathering-1.20.1-2.0.5-forge.jar,False
immersive_weathering,immersive_weathering:oak_leaf_pile,oak_leaf_pile,immersive_weathering-1.20.1-2.0.5-forge.jar,False
immersive_weathering,immersive_weathering:permafrost,permafrost,immersive_weathering-1.20.1-2.0.5-forge.jar,False
immersive_weathering,immersive_weathering:plate_iron,plate_iron,immersive_weathering-1.20.1-2.0.5-forge.jar,False
immersive_weathering,immersive_weathering:plate_iron_slab,plate_iron_slab,immersive_weathering-1.20.1-2.0.5-forge.jar,False
immersive_weathering,immersive_weathering:plate_iron_stairs,plate_iron_stairs,immersive_weathering-1.20.1-2.0.5-forge.jar,False
immersive_weathering,immersive_weathering:prismarine_brick_wall,prismarine_brick_wall,immersive_weathering-1.20.1-2.0.5-forge.jar,False
immersive_weathering,immersive_weathering:red_sand_layer_block,red_sand_layer_block,immersive_weathering-1.20.1-2.0.5-forge.jar,False
immersive_weathering,immersive_weathering:rooted_grass_block,rooted_grass_block,immersive_weathering-1.20.1-2.0.5-forge.jar,False
immersive_weathering,immersive_weathering:rusted_cut_iron,rusted_cut_iron,immersive_weathering-1.20.1-2.0.5-forge.jar,False
immersive_weathering,immersive_weathering:rusted_cut_iron_slab,rusted_cut_iron_slab,immersive_weathering-1.20.1-2.0.5-forge.jar,False
immersive_weathering,immersive_weathering:rusted_cut_iron_stairs,rusted_cut_iron_stairs,immersive_weathering-1.20.1-2.0.5-forge.jar,False
immersive_weathering,immersive_weathering:rusted_iron_bars,rusted_iron_bars,immersive_weathering-1.20.1-2.0.5-forge.jar,False
immersive_weathering,immersive_weathering:rusted_iron_door,rusted_iron_door,immersive_weathering-1.20.1-2.0.5-forge.jar,False
immersive_weathering,immersive_weathering:rusted_iron_trapdoor,rusted_iron_trapdoor,immersive_weathering-1.20.1-2.0.5-forge.jar,False
immersive_weathering,immersive_weathering:rusted_plate_iron,rusted_plate_iron,immersive_weathering-1.20.1-2.0.5-forge.jar,False
immersive_weathering,immersive_weathering:rusted_plate_iron_slab,rusted_plate_iron_slab,immersive_weathering-1.20.1-2.0.5-forge.jar,False
immersive_weathering,immersive_weathering:rusted_plate_iron_stairs,rusted_plate_iron_stairs,immersive_weathering-1.20.1-2.0.5-forge.jar,False
immersive_weathering,immersive_weathering:sand_layer_block,sand_layer_block,immersive_weathering-1.20.1-2.0.5-forge.jar,False
immersive_weathering,immersive_weathering:sandy_chiseled_stone_bricks,sandy_chiseled_stone_bricks,immersive_weathering-1.20.1-2.0.5-forge.jar,False
immersive_weathering,immersive_weathering:sandy_cobblestone,sandy_cobblestone,immersive_weathering-1.20.1-2.0.5-forge.jar,False
immersive_weathering,immersive_weathering:sandy_cobblestone_slab,sandy_cobblestone_slab,immersive_weathering-1.20.1-2.0.5-forge.jar,False
immersive_weathering,immersive_weathering:sandy_cobblestone_stairs,sandy_cobblestone_stairs,immersive_weathering-1.20.1-2.0.5-forge.jar,False
immersive_weathering,immersive_weathering:sandy_cobblestone_wall,sandy_cobblestone_wall,immersive_weathering-1.20.1-2.0.5-forge.jar,False
immersive_weathering,immersive_weathering:sandy_dirt,sandy_dirt,immersive_weathering-1.20.1-2.0.5-forge.jar,False
immersive_weathering,immersive_weathering:sandy_farmland,sandy_farmland,immersive_weathering-1.20.1-2.0.5-forge.jar,False
immersive_weathering,immersive_weathering:sandy_stone,sandy_stone,immersive_weathering-1.20.1-2.0.5-forge.jar,False
immersive_weathering,immersive_weathering:sandy_stone_brick_slab,sandy_stone_brick_slab,immersive_weathering-1.20.1-2.0.5-forge.jar,False
immersive_weathering,immersive_weathering:sandy_stone_brick_stairs,sandy_stone_brick_stairs,immersive_weathering-1.20.1-2.0.5-forge.jar,False
immersive_weathering,immersive_weathering:sandy_stone_brick_wall,sandy_stone_brick_wall,immersive_weathering-1.20.1-2.0.5-forge.jar,False
immersive_weathering,immersive_weathering:sandy_stone_bricks,sandy_stone_bricks,immersive_weathering-1.20.1-2.0.5-forge.jar,False
immersive_weathering,immersive_weathering:sandy_stone_slab,sandy_stone_slab,immersive_weathering-1.20.1-2.0.5-forge.jar,False
immersive_weathering,immersive_weathering:sandy_stone_stairs,sandy_stone_stairs,immersive_weathering-1.20.1-2.0.5-forge.jar,False
immersive_weathering,immersive_weathering:sandy_stone_wall,sandy_stone_wall,immersive_weathering-1.20.1-2.0.5-forge.jar,False
immersive_weathering,immersive_weathering:silt,silt,immersive_weathering-1.20.1-2.0.5-forge.jar,False
immersive_weathering,immersive_weathering:silty_farmland,silty_farmland,immersive_weathering-1.20.1-2.0.5-forge.jar,False
immersive_weathering,immersive_weathering:snowy_chiseled_stone_bricks,snowy_chiseled_stone_bricks,immersive_weathering-1.20.1-2.0.5-forge.jar,False
immersive_weathering,immersive_weathering:snowy_cobblestone,snowy_cobblestone,immersive_weathering-1.20.1-2.0.5-forge.jar,False
immersive_weathering,immersive_weathering:snowy_cobblestone_slab,snowy_cobblestone_slab,immersive_weathering-1.20.1-2.0.5-forge.jar,False
immersive_weathering,immersive_weathering:snowy_cobblestone_stairs,snowy_cobblestone_stairs,immersive_weathering-1.20.1-2.0.5-forge.jar,False
immersive_weathering,immersive_weathering:snowy_cobblestone_wall,snowy_cobblestone_wall,immersive_weathering-1.20.1-2.0.5-forge.jar,False
immersive_weathering,immersive_weathering:snowy_stone,snowy_stone,immersive_weathering-1.20.1-2.0.5-forge.jar,False
immersive_weathering,immersive_weathering:snowy_stone_brick_slab,snowy_stone_brick_slab,immersive_weathering-1.20.1-2.0.5-forge.jar,False
immersive_weathering,immersive_weathering:snowy_stone_brick_stairs,snowy_stone_brick_stairs,immersive_weathering-1.20.1-2.0.5-forge.jar,False
immersive_weathering,immersive_weathering:snowy_stone_brick_wall,snowy_stone_brick_wall,immersive_weathering-1.20.1-2.0.5-forge.jar,False
immersive_weathering,immersive_weathering:snowy_stone_bricks,snowy_stone_bricks,immersive_weathering-1.20.1-2.0.5-forge.jar,False
immersive_weathering,immersive_weathering:snowy_stone_slab,snowy_stone_slab,immersive_weathering-1.20.1-2.0.5-forge.jar,False
immersive_weathering,immersive_weathering:snowy_stone_stairs,snowy_stone_stairs,immersive_weathering-1.20.1-2.0.5-forge.jar,False
immersive_weathering,immersive_weathering:snowy_stone_wall,snowy_stone_wall,immersive_weathering-1.20.1-2.0.5-forge.jar,False
immersive_weathering,immersive_weathering:soot,soot,immersive_weathering-1.20.1-2.0.5-forge.jar,False
immersive_weathering,immersive_weathering:spruce_leaf_pile,spruce_leaf_pile,immersive_weathering-1.20.1-2.0.5-forge.jar,False
immersive_weathering,immersive_weathering:stone_wall,stone_wall,immersive_weathering-1.20.1-2.0.5-forge.jar,False
immersive_weathering,immersive_weathering:thin_ice,thin_ice,immersive_weathering-1.20.1-2.0.5-forge.jar,False
immersive_weathering,immersive_weathering:tinted_glass_pane,tinted_glass_pane,immersive_weathering-1.20.1-2.0.5-forge.jar,False
immersive_weathering,immersive_weathering:vitrified_sand,vitrified_sand,immersive_weathering-1.20.1-2.0.5-forge.jar,False
immersive_weathering,immersive_weathering:waxed_cut_iron,waxed_cut_iron,immersive_weathering-1.20.1-2.0.5-forge.jar,False
immersive_weathering,immersive_weathering:waxed_cut_iron_slab,waxed_cut_iron_slab,immersive_weathering-1.20.1-2.0.5-forge.jar,False
immersive_weathering,immersive_weathering:waxed_cut_iron_stairs,waxed_cut_iron_stairs,immersive_weathering-1.20.1-2.0.5-forge.jar,False
immersive_weathering,immersive_weathering:waxed_exposed_cut_iron,waxed_exposed_cut_iron,immersive_weathering-1.20.1-2.0.5-forge.jar,False
immersive_weathering,immersive_weathering:waxed_exposed_cut_iron_slab,waxed_exposed_cut_iron_slab,immersive_weathering-1.20.1-2.0.5-forge.jar,False
immersive_weathering,immersive_weathering:waxed_exposed_cut_iron_stairs,waxed_exposed_cut_iron_stairs,immersive_weathering-1.20.1-2.0.5-forge.jar,False
immersive_weathering,immersive_weathering:waxed_exposed_iron_bars,waxed_exposed_iron_bars,immersive_weathering-1.20.1-2.0.5-forge.jar,False
immersive_weathering,immersive_weathering:waxed_exposed_iron_door,waxed_exposed_iron_door,immersive_weathering-1.20.1-2.0.5-forge.jar,False
immersive_weathering,immersive_weathering:waxed_exposed_iron_trapdoor,waxed_exposed_iron_trapdoor,immersive_weathering-1.20.1-2.0.5-forge.jar,False
immersive_weathering,immersive_weathering:waxed_exposed_plate_iron,waxed_exposed_plate_iron,immersive_weathering-1.20.1-2.0.5-forge.jar,False
immersive_weathering,immersive_weathering:waxed_exposed_plate_iron_slab,waxed_exposed_plate_iron_slab,immersive_weathering-1.20.1-2.0.5-forge.jar,False
immersive_weathering,immersive_weathering:waxed_exposed_plate_iron_stairs,waxed_exposed_plate_iron_stairs,immersive_weathering-1.20.1-2.0.5-forge.jar,False
immersive_weathering,immersive_weathering:waxed_iron_bars,waxed_iron_bars,immersive_weathering-1.20.1-2.0.5-forge.jar,False
immersive_weathering,immersive_weathering:waxed_iron_door,waxed_iron_door,immersive_weathering-1.20.1-2.0.5-forge.jar,False
immersive_weathering,immersive_weathering:waxed_iron_trapdoor,waxed_iron_trapdoor,immersive_weathering-1.20.1-2.0.5-forge.jar,False
immersive_weathering,immersive_weathering:waxed_plate_iron,waxed_plate_iron,immersive_weathering-1.20.1-2.0.5-forge.jar,False
immersive_weathering,immersive_weathering:waxed_plate_iron_slab,waxed_plate_iron_slab,immersive_weathering-1.20.1-2.0.5-forge.jar,False
immersive_weathering,immersive_weathering:waxed_plate_iron_stairs,waxed_plate_iron_stairs,immersive_weathering-1.20.1-2.0.5-forge.jar,False
immersive_weathering,immersive_weathering:waxed_rusted_cut_iron,waxed_rusted_cut_iron,immersive_weathering-1.20.1-2.0.5-forge.jar,False
immersive_weathering,immersive_weathering:waxed_rusted_cut_iron_slab,waxed_rusted_cut_iron_slab,immersive_weathering-1.20.1-2.0.5-forge.jar,False
immersive_weathering,immersive_weathering:waxed_rusted_cut_iron_stairs,waxed_rusted_cut_iron_stairs,immersive_weathering-1.20.1-2.0.5-forge.jar,False
immersive_weathering,immersive_weathering:waxed_rusted_iron_bars,waxed_rusted_iron_bars,immersive_weathering-1.20.1-2.0.5-forge.jar,False
immersive_weathering,immersive_weathering:waxed_rusted_iron_door,waxed_rusted_iron_door,immersive_weathering-1.20.1-2.0.5-forge.jar,False
immersive_weathering,immersive_weathering:waxed_rusted_iron_trapdoor,waxed_rusted_iron_trapdoor,immersive_weathering-1.20.1-2.0.5-forge.jar,False
immersive_weathering,immersive_weathering:waxed_rusted_plate_iron,waxed_rusted_plate_iron,immersive_weathering-1.20.1-2.0.5-forge.jar,False
immersive_weathering,immersive_weathering:waxed_rusted_plate_iron_slab,waxed_rusted_plate_iron_slab,immersive_weathering-1.20.1-2.0.5-forge.jar,False
immersive_weathering,immersive_weathering:waxed_rusted_plate_iron_stairs,waxed_rusted_plate_iron_stairs,immersive_weathering-1.20.1-2.0.5-forge.jar,False
immersive_weathering,immersive_weathering:waxed_weathered_cut_iron,waxed_weathered_cut_iron,immersive_weathering-1.20.1-2.0.5-forge.jar,False
immersive_weathering,immersive_weathering:waxed_weathered_cut_iron_slab,waxed_weathered_cut_iron_slab,immersive_weathering-1.20.1-2.0.5-forge.jar,False
immersive_weathering,immersive_weathering:waxed_weathered_cut_iron_stairs,waxed_weathered_cut_iron_stairs,immersive_weathering-1.20.1-2.0.5-forge.jar,False
immersive_weathering,immersive_weathering:waxed_weathered_iron_bars,waxed_weathered_iron_bars,immersive_weathering-1.20.1-2.0.5-forge.jar,False
immersive_weathering,immersive_weathering:waxed_weathered_iron_door,waxed_weathered_iron_door,immersive_weathering-1.20.1-2.0.5-forge.jar,False
immersive_weathering,immersive_weathering:waxed_weathered_iron_trapdoor,waxed_weathered_iron_trapdoor,immersive_weathering-1.20.1-2.0.5-forge.jar,False
immersive_weathering,immersive_weathering:waxed_weathered_plate_iron,waxed_weathered_plate_iron,immersive_weathering-1.20.1-2.0.5-forge.jar,False
immersive_weathering,immersive_weathering:waxed_weathered_plate_iron_slab,waxed_weathered_plate_iron_slab,immersive_weathering-1.20.1-2.0.5-forge.jar,False
immersive_weathering,immersive_weathering:waxed_weathered_plate_iron_stairs,waxed_weathered_plate_iron_stairs,immersive_weathering-1.20.1-2.0.5-forge.jar,False
immersive_weathering,immersive_weathering:weathered_cut_iron,weathered_cut_iron,immersive_weathering-1.20.1-2.0.5-forge.jar,False
immersive_weathering,immersive_weathering:weathered_cut_iron_slab,weathered_cut_iron_slab,immersive_weathering-1.20.1-2.0.5-forge.jar,False
immersive_weathering,immersive_weathering:weathered_cut_iron_stairs,weathered_cut_iron_stairs,immersive_weathering-1.20.1-2.0.5-forge.jar,False
immersive_weathering,immersive_weathering:weathered_iron_bars,weathered_iron_bars,immersive_weathering-1.20.1-2.0.5-forge.jar,False
immersive_weathering,immersive_weathering:weathered_iron_door,weathered_iron_door,immersive_weathering-1.20.1-2.0.5-forge.jar,False
immersive_weathering,immersive_weathering:weathered_iron_trapdoor,weathered_iron_trapdoor,immersive_weathering-1.20.1-2.0.5-forge.jar,False
immersive_weathering,immersive_weathering:weathered_plate_iron,weathered_plate_iron,immersive_weathering-1.20.1-2.0.5-forge.jar,False
immersive_weathering,immersive_weathering:weathered_plate_iron_slab,weathered_plate_iron_slab,immersive_weathering-1.20.1-2.0.5-forge.jar,False
immersive_weathering,immersive_weathering:weathered_plate_iron_stairs,weathered_plate_iron_stairs,immersive_weathering-1.20.1-2.0.5-forge.jar,False
immersive_weathering,immersive_weathering:weeds,weeds,immersive_weathering-1.20.1-2.0.5-forge.jar,False
immersiveengineering,immersiveengineering:acetaldehyde_fluid_block,acetaldehyde_fluid_block,ImmersiveEngineering-1.20.1-10.2.0-183.jar,False
immersiveengineering,immersiveengineering:advanced_blast_furnace,advanced_blast_furnace,ImmersiveEngineering-1.20.1-10.2.0-183.jar,False
immersiveengineering,immersiveengineering:alloy_smelter,alloy_smelter,ImmersiveEngineering-1.20.1-10.2.0-183.jar,False
immersiveengineering,immersiveengineering:alloybrick,alloybrick,ImmersiveEngineering-1.20.1-10.2.0-183.jar,False
immersiveengineering,immersiveengineering:alu_fence,alu_fence,ImmersiveEngineering-1.20.1-10.2.0-183.jar,False
immersiveengineering,immersiveengineering:alu_post,alu_post,ImmersiveEngineering-1.20.1-10.2.0-183.jar,False
immersiveengineering,immersiveengineering:alu_scaffolding_grate_top,alu_scaffolding_grate_top,ImmersiveEngineering-1.20.1-10.2.0-183.jar,False
immersiveengineering,immersiveengineering:alu_scaffolding_standard,alu_scaffolding_standard,ImmersiveEngineering-1.20.1-10.2.0-183.jar,False
immersiveengineering,immersiveengineering:alu_scaffolding_wooden_top,alu_scaffolding_wooden_top,ImmersiveEngineering-1.20.1-10.2.0-183.jar,False
immersiveengineering,immersiveengineering:alu_slope,alu_slope,ImmersiveEngineering-1.20.1-10.2.0-183.jar,False
immersiveengineering,immersiveengineering:alu_wallmount,alu_wallmount,ImmersiveEngineering-1.20.1-10.2.0-183.jar,False
immersiveengineering,immersiveengineering:arc_furnace,arc_furnace,ImmersiveEngineering-1.20.1-10.2.0-183.jar,False
immersiveengineering,immersiveengineering:assembler,assembler,ImmersiveEngineering-1.20.1-10.2.0-183.jar,False
immersiveengineering,immersiveengineering:auto_workbench,auto_workbench,ImmersiveEngineering-1.20.1-10.2.0-183.jar,False
immersiveengineering,immersiveengineering:balloon,balloon,ImmersiveEngineering-1.20.1-10.2.0-183.jar,False
immersiveengineering,immersiveengineering:biodiesel_fluid_block,biodiesel_fluid_block,ImmersiveEngineering-1.20.1-10.2.0-183.jar,False
immersiveengineering,immersiveengineering:blast_furnace,blast_furnace,ImmersiveEngineering-1.20.1-10.2.0-183.jar,False
immersiveengineering,immersiveengineering:blastbrick,blastbrick,ImmersiveEngineering-1.20.1-10.2.0-183.jar,False
immersiveengineering,immersiveengineering:blastbrick_reinforced,blastbrick_reinforced,ImmersiveEngineering-1.20.1-10.2.0-183.jar,False
immersiveengineering,immersiveengineering:blastfurnace_preheater,blastfurnace_preheater,ImmersiveEngineering-1.20.1-10.2.0-183.jar,False
immersiveengineering,immersiveengineering:bottling_machine,bottling_machine,ImmersiveEngineering-1.20.1-10.2.0-183.jar,False
immersiveengineering,immersiveengineering:breaker_switch,breaker_switch,ImmersiveEngineering-1.20.1-10.2.0-183.jar,False
immersiveengineering,immersiveengineering:bucket_wheel,bucket_wheel,ImmersiveEngineering-1.20.1-10.2.0-183.jar,False
immersiveengineering,immersiveengineering:capacitor_creative,capacitor_creative,ImmersiveEngineering-1.20.1-10.2.0-183.jar,False
immersiveengineering,immersiveengineering:capacitor_hv,capacitor_hv,ImmersiveEngineering-1.20.1-10.2.0-183.jar,False
immersiveengineering,immersiveengineering:capacitor_lv,capacitor_lv,ImmersiveEngineering-1.20.1-10.2.0-183.jar,False
immersiveengineering,immersiveengineering:capacitor_mv,capacitor_mv,ImmersiveEngineering-1.20.1-10.2.0-183.jar,False
immersiveengineering,immersiveengineering:charging_station,charging_station,ImmersiveEngineering-1.20.1-10.2.0-183.jar,False
immersiveengineering,immersiveengineering:chute_aluminum,chute_aluminum,ImmersiveEngineering-1.20.1-10.2.0-183.jar,False
immersiveengineering,immersiveengineering:chute_copper,chute_copper,ImmersiveEngineering-1.20.1-10.2.0-183.jar,False
immersiveengineering,immersiveengineering:chute_iron,chute_iron,ImmersiveEngineering-1.20.1-10.2.0-183.jar,False
immersiveengineering,immersiveengineering:chute_steel,chute_steel,ImmersiveEngineering-1.20.1-10.2.0-183.jar,False
immersiveengineering,immersiveengineering:circuit_table,circuit_table,ImmersiveEngineering-1.20.1-10.2.0-183.jar,True
immersiveengineering,immersiveengineering:clinker_brick,clinker_brick,ImmersiveEngineering-1.20.1-10.2.0-183.jar,False
immersiveengineering,immersiveengineering:clinker_brick_quoin,clinker_brick_quoin,ImmersiveEngineering-1.20.1-10.2.0-183.jar,False
immersiveengineering,immersiveengineering:clinker_brick_sill,clinker_brick_sill,ImmersiveEngineering-1.20.1-10.2.0-183.jar,False
immersiveengineering,immersiveengineering:cloche,cloche,ImmersiveEngineering-1.20.1-10.2.0-183.jar,False
immersiveengineering,immersiveengineering:coil_hv,coil_hv,ImmersiveEngineering-1.20.1-10.2.0-183.jar,False
immersiveengineering,immersiveengineering:coil_lv,coil_lv,ImmersiveEngineering-1.20.1-10.2.0-183.jar,False
immersiveengineering,immersiveengineering:coil_mv,coil_mv,ImmersiveEngineering-1.20.1-10.2.0-183.jar,False
immersiveengineering,immersiveengineering:coke,coke,ImmersiveEngineering-1.20.1-10.2.0-183.jar,False
immersiveengineering,immersiveengineering:coke_oven,coke_oven,ImmersiveEngineering-1.20.1-10.2.0-183.jar,False
immersiveengineering,immersiveengineering:cokebrick,cokebrick,ImmersiveEngineering-1.20.1-10.2.0-183.jar,False
immersiveengineering,immersiveengineering:concrete,concrete,ImmersiveEngineering-1.20.1-10.2.0-183.jar,False
immersiveengineering,immersiveengineering:concrete_brick,concrete_brick,ImmersiveEngineering-1.20.1-10.2.0-183.jar,False
immersiveengineering,immersiveengineering:concrete_brick_cracked,concrete_brick_cracked,ImmersiveEngineering-1.20.1-10.2.0-183.jar,False
immersiveengineering,immersiveengineering:concrete_chiseled,concrete_chiseled,ImmersiveEngineering-1.20.1-10.2.0-183.jar,False
immersiveengineering,immersiveengineering:concrete_fluid_block,concrete_fluid_block,ImmersiveEngineering-1.20.1-10.2.0-183.jar,False
immersiveengineering,immersiveengineering:concrete_leaded,concrete_leaded,ImmersiveEngineering-1.20.1-10.2.0-183.jar,False
immersiveengineering,immersiveengineering:concrete_pillar,concrete_pillar,ImmersiveEngineering-1.20.1-10.2.0-183.jar,False
immersiveengineering,immersiveengineering:concrete_quarter,concrete_quarter,ImmersiveEngineering-1.20.1-10.2.0-183.jar,False
immersiveengineering,immersiveengineering:concrete_sheet,concrete_sheet,ImmersiveEngineering-1.20.1-10.2.0-183.jar,False
immersiveengineering,immersiveengineering:concrete_sprayed,concrete_sprayed,ImmersiveEngineering-1.20.1-10.2.0-183.jar,False
immersiveengineering,immersiveengineering:concrete_three_quarter,concrete_three_quarter,ImmersiveEngineering-1.20.1-10.2.0-183.jar,False
immersiveengineering,immersiveengineering:concrete_tile,concrete_tile,ImmersiveEngineering-1.20.1-10.2.0-183.jar,False
immersiveengineering,immersiveengineering:connector_bundled,connector_bundled,ImmersiveEngineering-1.20.1-10.2.0-183.jar,False
immersiveengineering,immersiveengineering:connector_hv,connector_hv,ImmersiveEngineering-1.20.1-10.2.0-183.jar,False
immersiveengineering,immersiveengineering:connector_hv_relay,connector_hv_relay,ImmersiveEngineering-1.20.1-10.2.0-183.jar,False
immersiveengineering,immersiveengineering:connector_lv,connector_lv,ImmersiveEngineering-1.20.1-10.2.0-183.jar,False
immersiveengineering,immersiveengineering:connector_lv_relay,connector_lv_relay,ImmersiveEngineering-1.20.1-10.2.0-183.jar,False
immersiveengineering,immersiveengineering:connector_mv,connector_mv,ImmersiveEngineering-1.20.1-10.2.0-183.jar,False
immersiveengineering,immersiveengineering:connector_mv_relay,connector_mv_relay,ImmersiveEngineering-1.20.1-10.2.0-183.jar,False
immersiveengineering,immersiveengineering:connector_probe,connector_probe,ImmersiveEngineering-1.20.1-10.2.0-183.jar,False
immersiveengineering,immersiveengineering:connector_redstone,connector_redstone,ImmersiveEngineering-1.20.1-10.2.0-183.jar,False
immersiveengineering,immersiveengineering:connector_structural,connector_structural,ImmersiveEngineering-1.20.1-10.2.0-183.jar,False
immersiveengineering,immersiveengineering:conveyor_basic,conveyor_basic,ImmersiveEngineering-1.20.1-10.2.0-183.jar,False
immersiveengineering,immersiveengineering:conveyor_dropper,conveyor_dropper,ImmersiveEngineering-1.20.1-10.2.0-183.jar,False
immersiveengineering,immersiveengineering:conveyor_extract,conveyor_extract,ImmersiveEngineering-1.20.1-10.2.0-183.jar,False
immersiveengineering,immersiveengineering:conveyor_redstone,conveyor_redstone,ImmersiveEngineering-1.20.1-10.2.0-183.jar,False
immersiveengineering,immersiveengineering:conveyor_splitter,conveyor_splitter,ImmersiveEngineering-1.20.1-10.2.0-183.jar,False
immersiveengineering,immersiveengineering:conveyor_vertical,conveyor_vertical,ImmersiveEngineering-1.20.1-10.2.0-183.jar,False
immersiveengineering,immersiveengineering:coresample,coresample,ImmersiveEngineering-1.20.1-10.2.0-183.jar,False
immersiveengineering,immersiveengineering:craftingtable,craftingtable,ImmersiveEngineering-1.20.1-10.2.0-183.jar,True
immersiveengineering,immersiveengineering:crate,crate,ImmersiveEngineering-1.20.1-10.2.0-183.jar,True
immersiveengineering,immersiveengineering:creosote_fluid_block,creosote_fluid_block,ImmersiveEngineering-1.20.1-10.2.0-183.jar,False
immersiveengineering,immersiveengineering:crusher,crusher,ImmersiveEngineering-1.20.1-10.2.0-183.jar,False
immersiveengineering,immersiveengineering:current_transformer,current_transformer,ImmersiveEngineering-1.20.1-10.2.0-183.jar,False
immersiveengineering,immersiveengineering:cushion,cushion,ImmersiveEngineering-1.20.1-10.2.0-183.jar,False
immersiveengineering,immersiveengineering:deepslate_ore_aluminum,deepslate_ore_aluminum,ImmersiveEngineering-1.20.1-10.2.0-183.jar,False
immersiveengineering,immersiveengineering:deepslate_ore_lead,deepslate_ore_lead,ImmersiveEngineering-1.20.1-10.2.0-183.jar,False
immersiveengineering,immersiveengineering:deepslate_ore_nickel,deepslate_ore_nickel,ImmersiveEngineering-1.20.1-10.2.0-183.jar,False
immersiveengineering,immersiveengineering:deepslate_ore_silver,deepslate_ore_silver,ImmersiveEngineering-1.20.1-10.2.0-183.jar,False
immersiveengineering,immersiveengineering:deepslate_ore_uranium,deepslate_ore_uranium,ImmersiveEngineering-1.20.1-10.2.0-183.jar,False
immersiveengineering,immersiveengineering:diesel_generator,diesel_generator,ImmersiveEngineering-1.20.1-10.2.0-183.jar,False
immersiveengineering,immersiveengineering:duroplast,duroplast,ImmersiveEngineering-1.20.1-10.2.0-183.jar,False
immersiveengineering,immersiveengineering:dynamo,dynamo,ImmersiveEngineering-1.20.1-10.2.0-183.jar,False
immersiveengineering,immersiveengineering:electric_lantern,electric_lantern,ImmersiveEngineering-1.20.1-10.2.0-183.jar,False
immersiveengineering,immersiveengineering:electromagnet,electromagnet,ImmersiveEngineering-1.20.1-10.2.0-183.jar,False
immersiveengineering,immersiveengineering:ethanol_fluid_block,ethanol_fluid_block,ImmersiveEngineering-1.20.1-10.2.0-183.jar,False
immersiveengineering,immersiveengineering:excavator,excavator,ImmersiveEngineering-1.20.1-10.2.0-183.jar,False
immersiveengineering,immersiveengineering:fake_light,fake_light,ImmersiveEngineering-1.20.1-10.2.0-183.jar,False
immersiveengineering,immersiveengineering:feedthrough,feedthrough,ImmersiveEngineering-1.20.1-10.2.0-183.jar,False
immersiveengineering,immersiveengineering:fermenter,fermenter,ImmersiveEngineering-1.20.1-10.2.0-183.jar,False
immersiveengineering,immersiveengineering:fiberboard,fiberboard,ImmersiveEngineering-1.20.1-10.2.0-183.jar,False
immersiveengineering,immersiveengineering:floodlight,floodlight,ImmersiveEngineering-1.20.1-10.2.0-183.jar,False
immersiveengineering,immersiveengineering:fluid_pipe,fluid_pipe,ImmersiveEngineering-1.20.1-10.2.0-183.jar,False
immersiveengineering,immersiveengineering:fluid_placer,fluid_placer,ImmersiveEngineering-1.20.1-10.2.0-183.jar,False
immersiveengineering,immersiveengineering:fluid_pump,fluid_pump,ImmersiveEngineering-1.20.1-10.2.0-183.jar,False
immersiveengineering,immersiveengineering:fluid_sorter,fluid_sorter,ImmersiveEngineering-1.20.1-10.2.0-183.jar,False
immersiveengineering,immersiveengineering:furnace_heater,furnace_heater,ImmersiveEngineering-1.20.1-10.2.0-183.jar,False
immersiveengineering,immersiveengineering:generator,generator,ImmersiveEngineering-1.20.1-10.2.0-183.jar,False
immersiveengineering,immersiveengineering:grit_sand,grit_sand,ImmersiveEngineering-1.20.1-10.2.0-183.jar,False
immersiveengineering,immersiveengineering:gunpowder_barrel,gunpowder_barrel,ImmersiveEngineering-1.20.1-10.2.0-183.jar,True
immersiveengineering,immersiveengineering:heavy_engineering,heavy_engineering,ImmersiveEngineering-1.20.1-10.2.0-183.jar,False
immersiveengineering,immersiveengineering:hemp,hemp,ImmersiveEngineering-1.20.1-10.2.0-183.jar,False
immersiveengineering,immersiveengineering:hempcrete,hempcrete,ImmersiveEngineering-1.20.1-10.2.0-183.jar,False
immersiveengineering,immersiveengineering:hempcrete_brick,hempcrete_brick,ImmersiveEngineering-1.20.1-10.2.0-183.jar,False
immersiveengineering,immersiveengineering:hempcrete_brick_cracked,hempcrete_brick_cracked,ImmersiveEngineering-1.20.1-10.2.0-183.jar,False
immersiveengineering,immersiveengineering:hempcrete_chiseled,hempcrete_chiseled,ImmersiveEngineering-1.20.1-10.2.0-183.jar,False
immersiveengineering,immersiveengineering:hempcrete_pillar,hempcrete_pillar,ImmersiveEngineering-1.20.1-10.2.0-183.jar,False
immersiveengineering,immersiveengineering:herbicide_fluid_block,herbicide_fluid_block,ImmersiveEngineering-1.20.1-10.2.0-183.jar,False
immersiveengineering,immersiveengineering:insulating_glass,insulating_glass,ImmersiveEngineering-1.20.1-10.2.0-183.jar,False
immersiveengineering,immersiveengineering:item_batcher,item_batcher,ImmersiveEngineering-1.20.1-10.2.0-183.jar,False
immersiveengineering,immersiveengineering:lantern,lantern,ImmersiveEngineering-1.20.1-10.2.0-183.jar,False
immersiveengineering,immersiveengineering:light_engineering,light_engineering,ImmersiveEngineering-1.20.1-10.2.0-183.jar,False
immersiveengineering,immersiveengineering:lightning_rod,lightning_rod,ImmersiveEngineering-1.20.1-10.2.0-183.jar,False
immersiveengineering,immersiveengineering:logic_unit,logic_unit,ImmersiveEngineering-1.20.1-10.2.0-183.jar,False
immersiveengineering,immersiveengineering:metal_barrel,metal_barrel,ImmersiveEngineering-1.20.1-10.2.0-183.jar,True
immersiveengineering,immersiveengineering:metal_ladder_alu,metal_ladder_alu,ImmersiveEngineering-1.20.1-10.2.0-183.jar,False
immersiveengineering,immersiveengineering:metal_ladder_none,metal_ladder_none,ImmersiveEngineering-1.20.1-10.2.0-183.jar,False
immersiveengineering,immersiveengineering:metal_ladder_steel,metal_ladder_steel,ImmersiveEngineering-1.20.1-10.2.0-183.jar,False
immersiveengineering,immersiveengineering:metal_press,metal_press,ImmersiveEngineering-1.20.1-10.2.0-183.jar,False
immersiveengineering,immersiveengineering:mixer,mixer,ImmersiveEngineering-1.20.1-10.2.0-183.jar,False
immersiveengineering,immersiveengineering:ore_aluminum,ore_aluminum,ImmersiveEngineering-1.20.1-10.2.0-183.jar,False
immersiveengineering,immersiveengineering:ore_lead,ore_lead,ImmersiveEngineering-1.20.1-10.2.0-183.jar,False
immersiveengineering,immersiveengineering:ore_nickel,ore_nickel,ImmersiveEngineering-1.20.1-10.2.0-183.jar,False
immersiveengineering,immersiveengineering:ore_silver,ore_silver,ImmersiveEngineering-1.20.1-10.2.0-183.jar,False
immersiveengineering,immersiveengineering:ore_uranium,ore_uranium,ImmersiveEngineering-1.20.1-10.2.0-183.jar,False
immersiveengineering,immersiveengineering:phenolic_resin_fluid_block,phenolic_resin_fluid_block,ImmersiveEngineering-1.20.1-10.2.0-183.jar,False
immersiveengineering,immersiveengineering:plantoil_fluid_block,plantoil_fluid_block,ImmersiveEngineering-1.20.1-10.2.0-183.jar,False
immersiveengineering,immersiveengineering:post_transformer,post_transformer,ImmersiveEngineering-1.20.1-10.2.0-183.jar,False
immersiveengineering,immersiveengineering:potted_hemp,potted_hemp,ImmersiveEngineering-1.20.1-10.2.0-183.jar,False
immersiveengineering,immersiveengineering:radiator,radiator,ImmersiveEngineering-1.20.1-10.2.0-183.jar,False
immersiveengineering,immersiveengineering:raw_block_aluminum,raw_block_aluminum,ImmersiveEngineering-1.20.1-10.2.0-183.jar,False
immersiveengineering,immersiveengineering:raw_block_lead,raw_block_lead,ImmersiveEngineering-1.20.1-10.2.0-183.jar,False
immersiveengineering,immersiveengineering:raw_block_nickel,raw_block_nickel,ImmersiveEngineering-1.20.1-10.2.0-183.jar,False
immersiveengineering,immersiveengineering:raw_block_silver,raw_block_silver,ImmersiveEngineering-1.20.1-10.2.0-183.jar,False
immersiveengineering,immersiveengineering:raw_block_uranium,raw_block_uranium,ImmersiveEngineering-1.20.1-10.2.0-183.jar,False
immersiveengineering,immersiveengineering:razor_wire,razor_wire,ImmersiveEngineering-1.20.1-10.2.0-183.jar,False
immersiveengineering,immersiveengineering:redstone_acid_fluid_block,redstone_acid_fluid_block,ImmersiveEngineering-1.20.1-10.2.0-183.jar,False
immersiveengineering,immersiveengineering:redstone_breaker,redstone_breaker,ImmersiveEngineering-1.20.1-10.2.0-183.jar,False
immersiveengineering,immersiveengineering:refinery,refinery,ImmersiveEngineering-1.20.1-10.2.0-183.jar,False
immersiveengineering,immersiveengineering:reinforced_crate,reinforced_crate,ImmersiveEngineering-1.20.1-10.2.0-183.jar,True
immersiveengineering,immersiveengineering:rs_engineering,rs_engineering,ImmersiveEngineering-1.20.1-10.2.0-183.jar,False
immersiveengineering,immersiveengineering:sample_drill,sample_drill,ImmersiveEngineering-1.20.1-10.2.0-183.jar,False
immersiveengineering,immersiveengineering:sawdust,sawdust,ImmersiveEngineering-1.20.1-10.2.0-183.jar,False
immersiveengineering,immersiveengineering:sawmill,sawmill,ImmersiveEngineering-1.20.1-10.2.0-183.jar,False
immersiveengineering,immersiveengineering:shader_banner,shader_banner,ImmersiveEngineering-1.20.1-10.2.0-183.jar,False
immersiveengineering,immersiveengineering:shader_banner_wall,shader_banner_wall,ImmersiveEngineering-1.20.1-10.2.0-183.jar,False
immersiveengineering,immersiveengineering:sheetmetal_aluminum,sheetmetal_aluminum,ImmersiveEngineering-1.20.1-10.2.0-183.jar,False
immersiveengineering,immersiveengineering:sheetmetal_colored_black,sheetmetal_colored_black,ImmersiveEngineering-1.20.1-10.2.0-183.jar,False
immersiveengineering,immersiveengineering:sheetmetal_colored_blue,sheetmetal_colored_blue,ImmersiveEngineering-1.20.1-10.2.0-183.jar,False
immersiveengineering,immersiveengineering:sheetmetal_colored_brown,sheetmetal_colored_brown,ImmersiveEngineering-1.20.1-10.2.0-183.jar,False
immersiveengineering,immersiveengineering:sheetmetal_colored_cyan,sheetmetal_colored_cyan,ImmersiveEngineering-1.20.1-10.2.0-183.jar,False
immersiveengineering,immersiveengineering:sheetmetal_colored_gray,sheetmetal_colored_gray,ImmersiveEngineering-1.20.1-10.2.0-183.jar,False
immersiveengineering,immersiveengineering:sheetmetal_colored_green,sheetmetal_colored_green,ImmersiveEngineering-1.20.1-10.2.0-183.jar,False
immersiveengineering,immersiveengineering:sheetmetal_colored_light_blue,sheetmetal_colored_light_blue,ImmersiveEngineering-1.20.1-10.2.0-183.jar,False
immersiveengineering,immersiveengineering:sheetmetal_colored_light_gray,sheetmetal_colored_light_gray,ImmersiveEngineering-1.20.1-10.2.0-183.jar,False
immersiveengineering,immersiveengineering:sheetmetal_colored_lime,sheetmetal_colored_lime,ImmersiveEngineering-1.20.1-10.2.0-183.jar,False
immersiveengineering,immersiveengineering:sheetmetal_colored_magenta,sheetmetal_colored_magenta,ImmersiveEngineering-1.20.1-10.2.0-183.jar,False
immersiveengineering,immersiveengineering:sheetmetal_colored_orange,sheetmetal_colored_orange,ImmersiveEngineering-1.20.1-10.2.0-183.jar,False
immersiveengineering,immersiveengineering:sheetmetal_colored_pink,sheetmetal_colored_pink,ImmersiveEngineering-1.20.1-10.2.0-183.jar,False
immersiveengineering,immersiveengineering:sheetmetal_colored_purple,sheetmetal_colored_purple,ImmersiveEngineering-1.20.1-10.2.0-183.jar,False
immersiveengineering,immersiveengineering:sheetmetal_colored_red,sheetmetal_colored_red,ImmersiveEngineering-1.20.1-10.2.0-183.jar,False
immersiveengineering,immersiveengineering:sheetmetal_colored_white,sheetmetal_colored_white,ImmersiveEngineering-1.20.1-10.2.0-183.jar,False
immersiveengineering,immersiveengineering:sheetmetal_colored_yellow,sheetmetal_colored_yellow,ImmersiveEngineering-1.20.1-10.2.0-183.jar,False
immersiveengineering,immersiveengineering:sheetmetal_constantan,sheetmetal_constantan,ImmersiveEngineering-1.20.1-10.2.0-183.jar,False
immersiveengineering,immersiveengineering:sheetmetal_copper,sheetmetal_copper,ImmersiveEngineering-1.20.1-10.2.0-183.jar,False
immersiveengineering,immersiveengineering:sheetmetal_electrum,sheetmetal_electrum,ImmersiveEngineering-1.20.1-10.2.0-183.jar,False
immersiveengineering,immersiveengineering:sheetmetal_gold,sheetmetal_gold,ImmersiveEngineering-1.20.1-10.2.0-183.jar,False
immersiveengineering,immersiveengineering:sheetmetal_iron,sheetmetal_iron,ImmersiveEngineering-1.20.1-10.2.0-183.jar,False
immersiveengineering,immersiveengineering:sheetmetal_lead,sheetmetal_lead,ImmersiveEngineering-1.20.1-10.2.0-183.jar,False
immersiveengineering,immersiveengineering:sheetmetal_nickel,sheetmetal_nickel,ImmersiveEngineering-1.20.1-10.2.0-183.jar,False
immersiveengineering,immersiveengineering:sheetmetal_silver,sheetmetal_silver,ImmersiveEngineering-1.20.1-10.2.0-183.jar,False
immersiveengineering,immersiveengineering:sheetmetal_steel,sheetmetal_steel,ImmersiveEngineering-1.20.1-10.2.0-183.jar,False
immersiveengineering,immersiveengineering:sheetmetal_uranium,sheetmetal_uranium,ImmersiveEngineering-1.20.1-10.2.0-183.jar,False
immersiveengineering,immersiveengineering:silo,silo,ImmersiveEngineering-1.20.1-10.2.0-183.jar,False
immersiveengineering,immersiveengineering:slab_alloybrick,slab_alloybrick,ImmersiveEngineering-1.20.1-10.2.0-183.jar,False
immersiveengineering,immersiveengineering:slab_alu_scaffolding_grate_top,slab_alu_scaffolding_grate_top,ImmersiveEngineering-1.20.1-10.2.0-183.jar,False
immersiveengineering,immersiveengineering:slab_alu_scaffolding_standard,slab_alu_scaffolding_standard,ImmersiveEngineering-1.20.1-10.2.0-183.jar,False
immersiveengineering,immersiveengineering:slab_alu_scaffolding_wooden_top,slab_alu_scaffolding_wooden_top,ImmersiveEngineering-1.20.1-10.2.0-183.jar,False
immersiveengineering,immersiveengineering:slab_blastbrick,slab_blastbrick,ImmersiveEngineering-1.20.1-10.2.0-183.jar,False
immersiveengineering,immersiveengineering:slab_blastbrick_reinforced,slab_blastbrick_reinforced,ImmersiveEngineering-1.20.1-10.2.0-183.jar,False
immersiveengineering,immersiveengineering:slab_clinker_brick,slab_clinker_brick,ImmersiveEngineering-1.20.1-10.2.0-183.jar,False
immersiveengineering,immersiveengineering:slab_coke,slab_coke,ImmersiveEngineering-1.20.1-10.2.0-183.jar,False
immersiveengineering,immersiveengineering:slab_cokebrick,slab_cokebrick,ImmersiveEngineering-1.20.1-10.2.0-183.jar,False
immersiveengineering,immersiveengineering:slab_concrete,slab_concrete,ImmersiveEngineering-1.20.1-10.2.0-183.jar,False
immersiveengineering,immersiveengineering:slab_concrete_brick,slab_concrete_brick,ImmersiveEngineering-1.20.1-10.2.0-183.jar,False
immersiveengineering,immersiveengineering:slab_concrete_leaded,slab_concrete_leaded,ImmersiveEngineering-1.20.1-10.2.0-183.jar,False
immersiveengineering,immersiveengineering:slab_concrete_tile,slab_concrete_tile,ImmersiveEngineering-1.20.1-10.2.0-183.jar,False
immersiveengineering,immersiveengineering:slab_hempcrete,slab_hempcrete,ImmersiveEngineering-1.20.1-10.2.0-183.jar,False
immersiveengineering,immersiveengineering:slab_hempcrete_brick,slab_hempcrete_brick,ImmersiveEngineering-1.20.1-10.2.0-183.jar,False
immersiveengineering,immersiveengineering:slab_insulating_glass,slab_insulating_glass,ImmersiveEngineering-1.20.1-10.2.0-183.jar,False
immersiveengineering,immersiveengineering:slab_sheetmetal_aluminum,slab_sheetmetal_aluminum,ImmersiveEngineering-1.20.1-10.2.0-183.jar,False
immersiveengineering,immersiveengineering:slab_sheetmetal_colored_black,slab_sheetmetal_colored_black,ImmersiveEngineering-1.20.1-10.2.0-183.jar,False
immersiveengineering,immersiveengineering:slab_sheetmetal_colored_blue,slab_sheetmetal_colored_blue,ImmersiveEngineering-1.20.1-10.2.0-183.jar,False
immersiveengineering,immersiveengineering:slab_sheetmetal_colored_brown,slab_sheetmetal_colored_brown,ImmersiveEngineering-1.20.1-10.2.0-183.jar,False
immersiveengineering,immersiveengineering:slab_sheetmetal_colored_cyan,slab_sheetmetal_colored_cyan,ImmersiveEngineering-1.20.1-10.2.0-183.jar,False
immersiveengineering,immersiveengineering:slab_sheetmetal_colored_gray,slab_sheetmetal_colored_gray,ImmersiveEngineering-1.20.1-10.2.0-183.jar,False
immersiveengineering,immersiveengineering:slab_sheetmetal_colored_green,slab_sheetmetal_colored_green,ImmersiveEngineering-1.20.1-10.2.0-183.jar,False
immersiveengineering,immersiveengineering:slab_sheetmetal_colored_light_blue,slab_sheetmetal_colored_light_blue,ImmersiveEngineering-1.20.1-10.2.0-183.jar,False
immersiveengineering,immersiveengineering:slab_sheetmetal_colored_light_gray,slab_sheetmetal_colored_light_gray,ImmersiveEngineering-1.20.1-10.2.0-183.jar,False
immersiveengineering,immersiveengineering:slab_sheetmetal_colored_lime,slab_sheetmetal_colored_lime,ImmersiveEngineering-1.20.1-10.2.0-183.jar,False
immersiveengineering,immersiveengineering:slab_sheetmetal_colored_magenta,slab_sheetmetal_colored_magenta,ImmersiveEngineering-1.20.1-10.2.0-183.jar,False
immersiveengineering,immersiveengineering:slab_sheetmetal_colored_orange,slab_sheetmetal_colored_orange,ImmersiveEngineering-1.20.1-10.2.0-183.jar,False
immersiveengineering,immersiveengineering:slab_sheetmetal_colored_pink,slab_sheetmetal_colored_pink,ImmersiveEngineering-1.20.1-10.2.0-183.jar,False
immersiveengineering,immersiveengineering:slab_sheetmetal_colored_purple,slab_sheetmetal_colored_purple,ImmersiveEngineering-1.20.1-10.2.0-183.jar,False
immersiveengineering,immersiveengineering:slab_sheetmetal_colored_red,slab_sheetmetal_colored_red,ImmersiveEngineering-1.20.1-10.2.0-183.jar,False
immersiveengineering,immersiveengineering:slab_sheetmetal_colored_white,slab_sheetmetal_colored_white,ImmersiveEngineering-1.20.1-10.2.0-183.jar,False
immersiveengineering,immersiveengineering:slab_sheetmetal_colored_yellow,slab_sheetmetal_colored_yellow,ImmersiveEngineering-1.20.1-10.2.0-183.jar,False
immersiveengineering,immersiveengineering:slab_sheetmetal_constantan,slab_sheetmetal_constantan,ImmersiveEngineering-1.20.1-10.2.0-183.jar,False
immersiveengineering,immersiveengineering:slab_sheetmetal_copper,slab_sheetmetal_copper,ImmersiveEngineering-1.20.1-10.2.0-183.jar,False
immersiveengineering,immersiveengineering:slab_sheetmetal_electrum,slab_sheetmetal_electrum,ImmersiveEngineering-1.20.1-10.2.0-183.jar,False
immersiveengineering,immersiveengineering:slab_sheetmetal_gold,slab_sheetmetal_gold,ImmersiveEngineering-1.20.1-10.2.0-183.jar,False
immersiveengineering,immersiveengineering:slab_sheetmetal_iron,slab_sheetmetal_iron,ImmersiveEngineering-1.20.1-10.2.0-183.jar,False
immersiveengineering,immersiveengineering:slab_sheetmetal_lead,slab_sheetmetal_lead,ImmersiveEngineering-1.20.1-10.2.0-183.jar,False
immersiveengineering,immersiveengineering:slab_sheetmetal_nickel,slab_sheetmetal_nickel,ImmersiveEngineering-1.20.1-10.2.0-183.jar,False
immersiveengineering,immersiveengineering:slab_sheetmetal_silver,slab_sheetmetal_silver,ImmersiveEngineering-1.20.1-10.2.0-183.jar,False
immersiveengineering,immersiveengineering:slab_sheetmetal_steel,slab_sheetmetal_steel,ImmersiveEngineering-1.20.1-10.2.0-183.jar,False
immersiveengineering,immersiveengineering:slab_sheetmetal_uranium,slab_sheetmetal_uranium,ImmersiveEngineering-1.20.1-10.2.0-183.jar,False
immersiveengineering,immersiveengineering:slab_slag_brick,slab_slag_brick,ImmersiveEngineering-1.20.1-10.2.0-183.jar,False
immersiveengineering,immersiveengineering:slab_steel_scaffolding_grate_top,slab_steel_scaffolding_grate_top,ImmersiveEngineering-1.20.1-10.2.0-183.jar,False
immersiveengineering,immersiveengineering:slab_steel_scaffolding_standard,slab_steel_scaffolding_standard,ImmersiveEngineering-1.20.1-10.2.0-183.jar,False
immersiveengineering,immersiveengineering:slab_steel_scaffolding_wooden_top,slab_steel_scaffolding_wooden_top,ImmersiveEngineering-1.20.1-10.2.0-183.jar,False
immersiveengineering,immersiveengineering:slab_storage_aluminum,slab_storage_aluminum,ImmersiveEngineering-1.20.1-10.2.0-183.jar,True
immersiveengineering,immersiveengineering:slab_storage_constantan,slab_storage_constantan,ImmersiveEngineering-1.20.1-10.2.0-183.jar,True
immersiveengineering,immersiveengineering:slab_storage_electrum,slab_storage_electrum,ImmersiveEngineering-1.20.1-10.2.0-183.jar,True
immersiveengineering,immersiveengineering:slab_storage_lead,slab_storage_lead,ImmersiveEngineering-1.20.1-10.2.0-183.jar,True
immersiveengineering,immersiveengineering:slab_storage_nickel,slab_storage_nickel,ImmersiveEngineering-1.20.1-10.2.0-183.jar,True
immersiveengineering,immersiveengineering:slab_storage_silver,slab_storage_silver,ImmersiveEngineering-1.20.1-10.2.0-183.jar,True
immersiveengineering,immersiveengineering:slab_storage_steel,slab_storage_steel,ImmersiveEngineering-1.20.1-10.2.0-183.jar,True
immersiveengineering,immersiveengineering:slab_storage_uranium,slab_storage_uranium,ImmersiveEngineering-1.20.1-10.2.0-183.jar,True
immersiveengineering,immersiveengineering:slab_treated_wood_horizontal,slab_treated_wood_horizontal,ImmersiveEngineering-1.20.1-10.2.0-183.jar,False
immersiveengineering,immersiveengineering:slab_treated_wood_packaged,slab_treated_wood_packaged,ImmersiveEngineering-1.20.1-10.2.0-183.jar,False
immersiveengineering,immersiveengineering:slab_treated_wood_vertical,slab_treated_wood_vertical,ImmersiveEngineering-1.20.1-10.2.0-183.jar,False
immersiveengineering,immersiveengineering:slag_brick,slag_brick,ImmersiveEngineering-1.20.1-10.2.0-183.jar,False
immersiveengineering,immersiveengineering:slag_glass,slag_glass,ImmersiveEngineering-1.20.1-10.2.0-183.jar,False
immersiveengineering,immersiveengineering:slag_gravel,slag_gravel,ImmersiveEngineering-1.20.1-10.2.0-183.jar,False
immersiveengineering,immersiveengineering:sorter,sorter,ImmersiveEngineering-1.20.1-10.2.0-183.jar,False
immersiveengineering,immersiveengineering:squeezer,squeezer,ImmersiveEngineering-1.20.1-10.2.0-183.jar,False
immersiveengineering,immersiveengineering:stairs_alu_scaffolding_grate_top,stairs_alu_scaffolding_grate_top,ImmersiveEngineering-1.20.1-10.2.0-183.jar,False
immersiveengineering,immersiveengineering:stairs_alu_scaffolding_standard,stairs_alu_scaffolding_standard,ImmersiveEngineering-1.20.1-10.2.0-183.jar,False
immersiveengineering,immersiveengineering:stairs_alu_scaffolding_wooden_top,stairs_alu_scaffolding_wooden_top,ImmersiveEngineering-1.20.1-10.2.0-183.jar,False
immersiveengineering,immersiveengineering:stairs_clinker_brick,stairs_clinker_brick,ImmersiveEngineering-1.20.1-10.2.0-183.jar,False
immersiveengineering,immersiveengineering:stairs_concrete,stairs_concrete,ImmersiveEngineering-1.20.1-10.2.0-183.jar,False
immersiveengineering,immersiveengineering:stairs_concrete_brick,stairs_concrete_brick,ImmersiveEngineering-1.20.1-10.2.0-183.jar,False
immersiveengineering,immersiveengineering:stairs_concrete_leaded,stairs_concrete_leaded,ImmersiveEngineering-1.20.1-10.2.0-183.jar,False
immersiveengineering,immersiveengineering:stairs_concrete_tile,stairs_concrete_tile,ImmersiveEngineering-1.20.1-10.2.0-183.jar,False
immersiveengineering,immersiveengineering:stairs_hempcrete,stairs_hempcrete,ImmersiveEngineering-1.20.1-10.2.0-183.jar,False
immersiveengineering,immersiveengineering:stairs_hempcrete_brick,stairs_hempcrete_brick,ImmersiveEngineering-1.20.1-10.2.0-183.jar,False
immersiveengineering,immersiveengineering:stairs_slag_brick,stairs_slag_brick,ImmersiveEngineering-1.20.1-10.2.0-183.jar,False
immersiveengineering,immersiveengineering:stairs_steel_scaffolding_grate_top,stairs_steel_scaffolding_grate_top,ImmersiveEngineering-1.20.1-10.2.0-183.jar,False
immersiveengineering,immersiveengineering:stairs_steel_scaffolding_standard,stairs_steel_scaffolding_standard,ImmersiveEngineering-1.20.1-10.2.0-183.jar,False
immersiveengineering,immersiveengineering:stairs_steel_scaffolding_wooden_top,stairs_steel_scaffolding_wooden_top,ImmersiveEngineering-1.20.1-10.2.0-183.jar,False
immersiveengineering,immersiveengineering:stairs_treated_wood_horizontal,stairs_treated_wood_horizontal,ImmersiveEngineering-1.20.1-10.2.0-183.jar,False
immersiveengineering,immersiveengineering:stairs_treated_wood_packaged,stairs_treated_wood_packaged,ImmersiveEngineering-1.20.1-10.2.0-183.jar,False
immersiveengineering,immersiveengineering:stairs_treated_wood_vertical,stairs_treated_wood_vertical,ImmersiveEngineering-1.20.1-10.2.0-183.jar,False
immersiveengineering,immersiveengineering:steel_fence,steel_fence,ImmersiveEngineering-1.20.1-10.2.0-183.jar,False
immersiveengineering,immersiveengineering:steel_post,steel_post,ImmersiveEngineering-1.20.1-10.2.0-183.jar,False
immersiveengineering,immersiveengineering:steel_scaffolding_grate_top,steel_scaffolding_grate_top,ImmersiveEngineering-1.20.1-10.2.0-183.jar,False
immersiveengineering,immersiveengineering:steel_scaffolding_standard,steel_scaffolding_standard,ImmersiveEngineering-1.20.1-10.2.0-183.jar,False
immersiveengineering,immersiveengineering:steel_scaffolding_wooden_top,steel_scaffolding_wooden_top,ImmersiveEngineering-1.20.1-10.2.0-183.jar,False
immersiveengineering,immersiveengineering:steel_slope,steel_slope,ImmersiveEngineering-1.20.1-10.2.0-183.jar,False
immersiveengineering,immersiveengineering:steel_wallmount,steel_wallmount,ImmersiveEngineering-1.20.1-10.2.0-183.jar,False
immersiveengineering,immersiveengineering:storage_aluminum,storage_aluminum,ImmersiveEngineering-1.20.1-10.2.0-183.jar,True
immersiveengineering,immersiveengineering:storage_constantan,storage_constantan,ImmersiveEngineering-1.20.1-10.2.0-183.jar,True
immersiveengineering,immersiveengineering:storage_electrum,storage_electrum,ImmersiveEngineering-1.20.1-10.2.0-183.jar,True
immersiveengineering,immersiveengineering:storage_lead,storage_lead,ImmersiveEngineering-1.20.1-10.2.0-183.jar,True
immersiveengineering,immersiveengineering:storage_nickel,storage_nickel,ImmersiveEngineering-1.20.1-10.2.0-183.jar,True
immersiveengineering,immersiveengineering:storage_silver,storage_silver,ImmersiveEngineering-1.20.1-10.2.0-183.jar,True
immersiveengineering,immersiveengineering:storage_steel,storage_steel,ImmersiveEngineering-1.20.1-10.2.0-183.jar,True
immersiveengineering,immersiveengineering:storage_uranium,storage_uranium,ImmersiveEngineering-1.20.1-10.2.0-183.jar,True
immersiveengineering,immersiveengineering:strip_curtain,strip_curtain,ImmersiveEngineering-1.20.1-10.2.0-183.jar,False
immersiveengineering,immersiveengineering:tank,tank,ImmersiveEngineering-1.20.1-10.2.0-183.jar,False
immersiveengineering,immersiveengineering:tesla_coil,tesla_coil,ImmersiveEngineering-1.20.1-10.2.0-183.jar,False
immersiveengineering,immersiveengineering:thermoelectric_generator,thermoelectric_generator,ImmersiveEngineering-1.20.1-10.2.0-183.jar,False
immersiveengineering,immersiveengineering:toolbox_block,toolbox_block,ImmersiveEngineering-1.20.1-10.2.0-183.jar,False
immersiveengineering,immersiveengineering:transformer,transformer,ImmersiveEngineering-1.20.1-10.2.0-183.jar,False
immersiveengineering,immersiveengineering:transformer_hv,transformer_hv,ImmersiveEngineering-1.20.1-10.2.0-183.jar,False
immersiveengineering,immersiveengineering:treated_fence,treated_fence,ImmersiveEngineering-1.20.1-10.2.0-183.jar,False
immersiveengineering,immersiveengineering:treated_post,treated_post,ImmersiveEngineering-1.20.1-10.2.0-183.jar,False
immersiveengineering,immersiveengineering:treated_scaffold,treated_scaffold,ImmersiveEngineering-1.20.1-10.2.0-183.jar,False
immersiveengineering,immersiveengineering:treated_wallmount,treated_wallmount,ImmersiveEngineering-1.20.1-10.2.0-183.jar,False
immersiveengineering,immersiveengineering:treated_wood_horizontal,treated_wood_horizontal,ImmersiveEngineering-1.20.1-10.2.0-183.jar,False
immersiveengineering,immersiveengineering:treated_wood_packaged,treated_wood_packaged,ImmersiveEngineering-1.20.1-10.2.0-183.jar,False
immersiveengineering,immersiveengineering:treated_wood_vertical,treated_wood_vertical,ImmersiveEngineering-1.20.1-10.2.0-183.jar,False
immersiveengineering,immersiveengineering:turntable,turntable,ImmersiveEngineering-1.20.1-10.2.0-183.jar,True
immersiveengineering,immersiveengineering:turret_chem,turret_chem,ImmersiveEngineering-1.20.1-10.2.0-183.jar,False
immersiveengineering,immersiveengineering:turret_gun,turret_gun,ImmersiveEngineering-1.20.1-10.2.0-183.jar,False
immersiveengineering,immersiveengineering:wall_clinker_brick,wall_clinker_brick,ImmersiveEngineering-1.20.1-10.2.0-183.jar,False
immersiveengineering,immersiveengineering:wall_slag_brick,wall_slag_brick,ImmersiveEngineering-1.20.1-10.2.0-183.jar,False
immersiveengineering,immersiveengineering:watermill,watermill,ImmersiveEngineering-1.20.1-10.2.0-183.jar,False
immersiveengineering,immersiveengineering:windmill,windmill,ImmersiveEngineering-1.20.1-10.2.0-183.jar,False
immersiveengineering,immersiveengineering:wooden_barrel,wooden_barrel,ImmersiveEngineering-1.20.1-10.2.0-183.jar,True
immersiveengineering,immersiveengineering:workbench,workbench,ImmersiveEngineering-1.20.1-10.2.0-183.jar,False
infectious,infectious:barbed_wire,barbed_wire,Infectious-forge-1.20.1-1.7.jar,False
infectious,infectious:bear_trap_close,bear_trap_close,Infectious-forge-1.20.1-1.7.jar,False
infectious,infectious:bear_trap_open,bear_trap_open,Infectious-forge-1.20.1-1.7.jar,False
infectious,infectious:blueprint_workbench,blueprint_workbench,Infectious-forge-1.20.1-1.7.jar,False
infectious,infectious:butchers_table,butchers_table,Infectious-forge-1.20.1-1.7.jar,True
infectious,infectious:mine,mine,Infectious-forge-1.20.1-1.7.jar,False
infectious,infectious:teddy_bear,teddy_bear,Infectious-forge-1.20.1-1.7.jar,False
infectious,infectious:wooden_barricades,wooden_barricades,Infectious-forge-1.20.1-1.7.jar,False
jacksgravestones,jacksgravestones:gravestone,gravestone,jacks-gravestones-1.20.1-forge-1.0.3.jar,False
lilis_lucky_lures,lilis_lucky_lures:elastic_fishing_net,elastic_fishing_net,letsdo-lilis_lucky_lures-forge-1.0.2.jar,False
lilis_lucky_lures,lilis_lucky_lures:fish_bag,fish_bag,letsdo-lilis_lucky_lures-forge-1.0.2.jar,False
lilis_lucky_lures,lilis_lucky_lures:fish_net_fence,fish_net_fence,letsdo-lilis_lucky_lures-forge-1.0.2.jar,False
lilis_lucky_lures,lilis_lucky_lures:fish_trap,fish_trap,letsdo-lilis_lucky_lures-forge-1.0.2.jar,False
lilis_lucky_lures,lilis_lucky_lures:fish_trophy_frame,fish_trophy_frame,letsdo-lilis_lucky_lures-forge-1.0.2.jar,False
lilis_lucky_lures,lilis_lucky_lures:hanging_frame,hanging_frame,letsdo-lilis_lucky_lures-forge-1.0.2.jar,False
lilis_lucky_lures,lilis_lucky_lures:lilis_lucky_lures_banner,lilis_lucky_lures_banner,letsdo-lilis_lucky_lures-forge-1.0.2.jar,False
lilis_lucky_lures,lilis_lucky_lures:lilis_lucky_lures_wall_banner,lilis_lucky_lures_wall_banner,letsdo-lilis_lucky_lures-forge-1.0.2.jar,False
lilis_lucky_lures,lilis_lucky_lures:redstone_coil,redstone_coil,letsdo-lilis_lucky_lures-forge-1.0.2.jar,False
lootr,lootr:lootr_barrel,lootr_barrel,lootr-forge-1.20-0.7.35.94.jar,True
lootr,lootr:lootr_chest,lootr_chest,lootr-forge-1.20-0.7.35.94.jar,True
lootr,lootr:lootr_inventory,lootr_inventory,lootr-forge-1.20-0.7.35.94.jar,False
lootr,lootr:lootr_shulker,lootr_shulker,lootr-forge-1.20-0.7.35.94.jar,False
lootr,lootr:lootr_trapped_chest,lootr_trapped_chest,lootr-forge-1.20-0.7.35.94.jar,True
lootr,lootr:trophy,trophy,lootr-forge-1.20-0.7.35.94.jar,False
mcwdoors,mcwdoors:acacia_bamboo_door,acacia_bamboo_door,mcw-doors-1.1.5-mc1.20.1forge.jar,False
mcwdoors,mcwdoors:acacia_bark_glass_door,acacia_bark_glass_door,mcw-doors-1.1.5-mc1.20.1forge.jar,False
mcwdoors,mcwdoors:acacia_barn_door,acacia_barn_door,mcw-doors-1.1.5-mc1.20.1forge.jar,False
mcwdoors,mcwdoors:acacia_barn_glass_door,acacia_barn_glass_door,mcw-doors-1.1.5-mc1.20.1forge.jar,False
mcwdoors,mcwdoors:acacia_beach_door,acacia_beach_door,mcw-doors-1.1.5-mc1.20.1forge.jar,False
mcwdoors,mcwdoors:acacia_classic_door,acacia_classic_door,mcw-doors-1.1.5-mc1.20.1forge.jar,False
mcwdoors,mcwdoors:acacia_cottage_door,acacia_cottage_door,mcw-doors-1.1.5-mc1.20.1forge.jar,False
mcwdoors,mcwdoors:acacia_four_panel_door,acacia_four_panel_door,mcw-doors-1.1.5-mc1.20.1forge.jar,False
mcwdoors,mcwdoors:acacia_glass_door,acacia_glass_door,mcw-doors-1.1.5-mc1.20.1forge.jar,False
mcwdoors,mcwdoors:acacia_japanese2_door,acacia_japanese2_door,mcw-doors-1.1.5-mc1.20.1forge.jar,False
mcwdoors,mcwdoors:acacia_japanese_door,acacia_japanese_door,mcw-doors-1.1.5-mc1.20.1forge.jar,False
mcwdoors,mcwdoors:acacia_modern_door,acacia_modern_door,mcw-doors-1.1.5-mc1.20.1forge.jar,False
mcwdoors,mcwdoors:acacia_mystic_door,acacia_mystic_door,mcw-doors-1.1.5-mc1.20.1forge.jar,False
mcwdoors,mcwdoors:acacia_nether_door,acacia_nether_door,mcw-doors-1.1.5-mc1.20.1forge.jar,False
mcwdoors,mcwdoors:acacia_paper_door,acacia_paper_door,mcw-doors-1.1.5-mc1.20.1forge.jar,False
mcwdoors,mcwdoors:acacia_stable_door,acacia_stable_door,mcw-doors-1.1.5-mc1.20.1forge.jar,True
mcwdoors,mcwdoors:acacia_stable_head_door,acacia_stable_head_door,mcw-doors-1.1.5-mc1.20.1forge.jar,True
mcwdoors,mcwdoors:acacia_swamp_door,acacia_swamp_door,mcw-doors-1.1.5-mc1.20.1forge.jar,False
mcwdoors,mcwdoors:acacia_waffle_door,acacia_waffle_door,mcw-doors-1.1.5-mc1.20.1forge.jar,False
mcwdoors,mcwdoors:acacia_western_door,acacia_western_door,mcw-doors-1.1.5-mc1.20.1forge.jar,False
mcwdoors,mcwdoors:acacia_whispering_door,acacia_whispering_door,mcw-doors-1.1.5-mc1.20.1forge.jar,False
mcwdoors,mcwdoors:bamboo_bark_glass_door,bamboo_bark_glass_door,mcw-doors-1.1.5-mc1.20.1forge.jar,False
mcwdoors,mcwdoors:bamboo_barn_door,bamboo_barn_door,mcw-doors-1.1.5-mc1.20.1forge.jar,False
mcwdoors,mcwdoors:bamboo_barn_glass_door,bamboo_barn_glass_door,mcw-doors-1.1.5-mc1.20.1forge.jar,False
mcwdoors,mcwdoors:bamboo_beach_door,bamboo_beach_door,mcw-doors-1.1.5-mc1.20.1forge.jar,False
mcwdoors,mcwdoors:bamboo_classic_door,bamboo_classic_door,mcw-doors-1.1.5-mc1.20.1forge.jar,False
mcwdoors,mcwdoors:bamboo_cottage_door,bamboo_cottage_door,mcw-doors-1.1.5-mc1.20.1forge.jar,False
mcwdoors,mcwdoors:bamboo_four_panel_door,bamboo_four_panel_door,mcw-doors-1.1.5-mc1.20.1forge.jar,False
mcwdoors,mcwdoors:bamboo_glass_door,bamboo_glass_door,mcw-doors-1.1.5-mc1.20.1forge.jar,False
mcwdoors,mcwdoors:bamboo_japanese2_door,bamboo_japanese2_door,mcw-doors-1.1.5-mc1.20.1forge.jar,False
mcwdoors,mcwdoors:bamboo_japanese_door,bamboo_japanese_door,mcw-doors-1.1.5-mc1.20.1forge.jar,False
mcwdoors,mcwdoors:bamboo_modern_door,bamboo_modern_door,mcw-doors-1.1.5-mc1.20.1forge.jar,False
mcwdoors,mcwdoors:bamboo_mystic_door,bamboo_mystic_door,mcw-doors-1.1.5-mc1.20.1forge.jar,False
mcwdoors,mcwdoors:bamboo_nether_door,bamboo_nether_door,mcw-doors-1.1.5-mc1.20.1forge.jar,False
mcwdoors,mcwdoors:bamboo_paper_door,bamboo_paper_door,mcw-doors-1.1.5-mc1.20.1forge.jar,False
mcwdoors,mcwdoors:bamboo_stable_door,bamboo_stable_door,mcw-doors-1.1.5-mc1.20.1forge.jar,True
mcwdoors,mcwdoors:bamboo_stable_head_door,bamboo_stable_head_door,mcw-doors-1.1.5-mc1.20.1forge.jar,True
mcwdoors,mcwdoors:bamboo_swamp_door,bamboo_swamp_door,mcw-doors-1.1.5-mc1.20.1forge.jar,False
mcwdoors,mcwdoors:bamboo_tropical_door,bamboo_tropical_door,mcw-doors-1.1.5-mc1.20.1forge.jar,False
mcwdoors,mcwdoors:bamboo_waffle_door,bamboo_waffle_door,mcw-doors-1.1.5-mc1.20.1forge.jar,False
mcwdoors,mcwdoors:bamboo_western_door,bamboo_western_door,mcw-doors-1.1.5-mc1.20.1forge.jar,False
mcwdoors,mcwdoors:bamboo_whispering_door,bamboo_whispering_door,mcw-doors-1.1.5-mc1.20.1forge.jar,False
mcwdoors,mcwdoors:birch_bamboo_door,birch_bamboo_door,mcw-doors-1.1.5-mc1.20.1forge.jar,False
mcwdoors,mcwdoors:birch_bark_glass_door,birch_bark_glass_door,mcw-doors-1.1.5-mc1.20.1forge.jar,False
mcwdoors,mcwdoors:birch_barn_door,birch_barn_door,mcw-doors-1.1.5-mc1.20.1forge.jar,False
mcwdoors,mcwdoors:birch_barn_glass_door,birch_barn_glass_door,mcw-doors-1.1.5-mc1.20.1forge.jar,False
mcwdoors,mcwdoors:birch_beach_door,birch_beach_door,mcw-doors-1.1.5-mc1.20.1forge.jar,False
mcwdoors,mcwdoors:birch_classic_door,birch_classic_door,mcw-doors-1.1.5-mc1.20.1forge.jar,False
mcwdoors,mcwdoors:birch_cottage_door,birch_cottage_door,mcw-doors-1.1.5-mc1.20.1forge.jar,False
mcwdoors,mcwdoors:birch_four_panel_door,birch_four_panel_door,mcw-doors-1.1.5-mc1.20.1forge.jar,False
mcwdoors,mcwdoors:birch_glass_door,birch_glass_door,mcw-doors-1.1.5-mc1.20.1forge.jar,False
mcwdoors,mcwdoors:birch_japanese2_door,birch_japanese2_door,mcw-doors-1.1.5-mc1.20.1forge.jar,False
mcwdoors,mcwdoors:birch_japanese_door,birch_japanese_door,mcw-doors-1.1.5-mc1.20.1forge.jar,False
mcwdoors,mcwdoors:birch_modern_door,birch_modern_door,mcw-doors-1.1.5-mc1.20.1forge.jar,False
mcwdoors,mcwdoors:birch_mystic_door,birch_mystic_door,mcw-doors-1.1.5-mc1.20.1forge.jar,False
mcwdoors,mcwdoors:birch_nether_door,birch_nether_door,mcw-doors-1.1.5-mc1.20.1forge.jar,False
mcwdoors,mcwdoors:birch_stable_door,birch_stable_door,mcw-doors-1.1.5-mc1.20.1forge.jar,True
mcwdoors,mcwdoors:birch_stable_head_door,birch_stable_head_door,mcw-doors-1.1.5-mc1.20.1forge.jar,True
mcwdoors,mcwdoors:birch_swamp_door,birch_swamp_door,mcw-doors-1.1.5-mc1.20.1forge.jar,False
mcwdoors,mcwdoors:birch_tropical_door,birch_tropical_door,mcw-doors-1.1.5-mc1.20.1forge.jar,False
mcwdoors,mcwdoors:birch_waffle_door,birch_waffle_door,mcw-doors-1.1.5-mc1.20.1forge.jar,False
mcwdoors,mcwdoors:birch_western_door,birch_western_door,mcw-doors-1.1.5-mc1.20.1forge.jar,False
mcwdoors,mcwdoors:birch_whispering_door,birch_whispering_door,mcw-doors-1.1.5-mc1.20.1forge.jar,False
mcwdoors,mcwdoors:cherry_bamboo_door,cherry_bamboo_door,mcw-doors-1.1.5-mc1.20.1forge.jar,False
mcwdoors,mcwdoors:cherry_bark_glass_door,cherry_bark_glass_door,mcw-doors-1.1.5-mc1.20.1forge.jar,False
mcwdoors,mcwdoors:cherry_barn_door,cherry_barn_door,mcw-doors-1.1.5-mc1.20.1forge.jar,False
mcwdoors,mcwdoors:cherry_barn_glass_door,cherry_barn_glass_door,mcw-doors-1.1.5-mc1.20.1forge.jar,False
mcwdoors,mcwdoors:cherry_beach_door,cherry_beach_door,mcw-doors-1.1.5-mc1.20.1forge.jar,False
mcwdoors,mcwdoors:cherry_classic_door,cherry_classic_door,mcw-doors-1.1.5-mc1.20.1forge.jar,False
mcwdoors,mcwdoors:cherry_cottage_door,cherry_cottage_door,mcw-doors-1.1.5-mc1.20.1forge.jar,False
mcwdoors,mcwdoors:cherry_four_panel_door,cherry_four_panel_door,mcw-doors-1.1.5-mc1.20.1forge.jar,False
mcwdoors,mcwdoors:cherry_glass_door,cherry_glass_door,mcw-doors-1.1.5-mc1.20.1forge.jar,False
mcwdoors,mcwdoors:cherry_japanese2_door,cherry_japanese2_door,mcw-doors-1.1.5-mc1.20.1forge.jar,False
mcwdoors,mcwdoors:cherry_japanese_door,cherry_japanese_door,mcw-doors-1.1.5-mc1.20.1forge.jar,False
mcwdoors,mcwdoors:cherry_modern_door,cherry_modern_door,mcw-doors-1.1.5-mc1.20.1forge.jar,False
mcwdoors,mcwdoors:cherry_mystic_door,cherry_mystic_door,mcw-doors-1.1.5-mc1.20.1forge.jar,False
mcwdoors,mcwdoors:cherry_nether_door,cherry_nether_door,mcw-doors-1.1.5-mc1.20.1forge.jar,False
mcwdoors,mcwdoors:cherry_paper_door,cherry_paper_door,mcw-doors-1.1.5-mc1.20.1forge.jar,False
mcwdoors,mcwdoors:cherry_stable_door,cherry_stable_door,mcw-doors-1.1.5-mc1.20.1forge.jar,True
mcwdoors,mcwdoors:cherry_stable_head_door,cherry_stable_head_door,mcw-doors-1.1.5-mc1.20.1forge.jar,True
mcwdoors,mcwdoors:cherry_swamp_door,cherry_swamp_door,mcw-doors-1.1.5-mc1.20.1forge.jar,False
mcwdoors,mcwdoors:cherry_tropical_door,cherry_tropical_door,mcw-doors-1.1.5-mc1.20.1forge.jar,False
mcwdoors,mcwdoors:cherry_waffle_door,cherry_waffle_door,mcw-doors-1.1.5-mc1.20.1forge.jar,False
mcwdoors,mcwdoors:cherry_western_door,cherry_western_door,mcw-doors-1.1.5-mc1.20.1forge.jar,False
mcwdoors,mcwdoors:cherry_whispering_door,cherry_whispering_door,mcw-doors-1.1.5-mc1.20.1forge.jar,False
mcwdoors,mcwdoors:crimson_bamboo_door,crimson_bamboo_door,mcw-doors-1.1.5-mc1.20.1forge.jar,False
mcwdoors,mcwdoors:crimson_barn_door,crimson_barn_door,mcw-doors-1.1.5-mc1.20.1forge.jar,False
mcwdoors,mcwdoors:crimson_barn_glass_door,crimson_barn_glass_door,mcw-doors-1.1.5-mc1.20.1forge.jar,False
mcwdoors,mcwdoors:crimson_beach_door,crimson_beach_door,mcw-doors-1.1.5-mc1.20.1forge.jar,False
mcwdoors,mcwdoors:crimson_classic_door,crimson_classic_door,mcw-doors-1.1.5-mc1.20.1forge.jar,False
mcwdoors,mcwdoors:crimson_cottage_door,crimson_cottage_door,mcw-doors-1.1.5-mc1.20.1forge.jar,False
mcwdoors,mcwdoors:crimson_four_panel_door,crimson_four_panel_door,mcw-doors-1.1.5-mc1.20.1forge.jar,False
mcwdoors,mcwdoors:crimson_glass_door,crimson_glass_door,mcw-doors-1.1.5-mc1.20.1forge.jar,False
mcwdoors,mcwdoors:crimson_japanese2_door,crimson_japanese2_door,mcw-doors-1.1.5-mc1.20.1forge.jar,False
mcwdoors,mcwdoors:crimson_japanese_door,crimson_japanese_door,mcw-doors-1.1.5-mc1.20.1forge.jar,False
mcwdoors,mcwdoors:crimson_modern_door,crimson_modern_door,mcw-doors-1.1.5-mc1.20.1forge.jar,False
mcwdoors,mcwdoors:crimson_mystic_door,crimson_mystic_door,mcw-doors-1.1.5-mc1.20.1forge.jar,False
mcwdoors,mcwdoors:crimson_paper_door,crimson_paper_door,mcw-doors-1.1.5-mc1.20.1forge.jar,False
mcwdoors,mcwdoors:crimson_stable_door,crimson_stable_door,mcw-doors-1.1.5-mc1.20.1forge.jar,True
mcwdoors,mcwdoors:crimson_stable_head_door,crimson_stable_head_door,mcw-doors-1.1.5-mc1.20.1forge.jar,True
mcwdoors,mcwdoors:crimson_stem_glass_door,crimson_stem_glass_door,mcw-doors-1.1.5-mc1.20.1forge.jar,False
mcwdoors,mcwdoors:crimson_swamp_door,crimson_swamp_door,mcw-doors-1.1.5-mc1.20.1forge.jar,False
mcwdoors,mcwdoors:crimson_tropical_door,crimson_tropical_door,mcw-doors-1.1.5-mc1.20.1forge.jar,False
mcwdoors,mcwdoors:crimson_waffle_door,crimson_waffle_door,mcw-doors-1.1.5-mc1.20.1forge.jar,False
mcwdoors,mcwdoors:crimson_western_door,crimson_western_door,mcw-doors-1.1.5-mc1.20.1forge.jar,False
mcwdoors,mcwdoors:crimson_whispering_door,crimson_whispering_door,mcw-doors-1.1.5-mc1.20.1forge.jar,False
mcwdoors,mcwdoors:dark_oak_bamboo_door,dark_oak_bamboo_door,mcw-doors-1.1.5-mc1.20.1forge.jar,False
mcwdoors,mcwdoors:dark_oak_bark_glass_door,dark_oak_bark_glass_door,mcw-doors-1.1.5-mc1.20.1forge.jar,False
mcwdoors,mcwdoors:dark_oak_barn_door,dark_oak_barn_door,mcw-doors-1.1.5-mc1.20.1forge.jar,False
mcwdoors,mcwdoors:dark_oak_barn_glass_door,dark_oak_barn_glass_door,mcw-doors-1.1.5-mc1.20.1forge.jar,False
mcwdoors,mcwdoors:dark_oak_beach_door,dark_oak_beach_door,mcw-doors-1.1.5-mc1.20.1forge.jar,False
mcwdoors,mcwdoors:dark_oak_classic_door,dark_oak_classic_door,mcw-doors-1.1.5-mc1.20.1forge.jar,False
mcwdoors,mcwdoors:dark_oak_cottage_door,dark_oak_cottage_door,mcw-doors-1.1.5-mc1.20.1forge.jar,False
mcwdoors,mcwdoors:dark_oak_glass_door,dark_oak_glass_door,mcw-doors-1.1.5-mc1.20.1forge.jar,False
mcwdoors,mcwdoors:dark_oak_japanese2_door,dark_oak_japanese2_door,mcw-doors-1.1.5-mc1.20.1forge.jar,False
mcwdoors,mcwdoors:dark_oak_japanese_door,dark_oak_japanese_door,mcw-doors-1.1.5-mc1.20.1forge.jar,False
mcwdoors,mcwdoors:dark_oak_modern_door,dark_oak_modern_door,mcw-doors-1.1.5-mc1.20.1forge.jar,False
mcwdoors,mcwdoors:dark_oak_mystic_door,dark_oak_mystic_door,mcw-doors-1.1.5-mc1.20.1forge.jar,False
mcwdoors,mcwdoors:dark_oak_nether_door,dark_oak_nether_door,mcw-doors-1.1.5-mc1.20.1forge.jar,False
mcwdoors,mcwdoors:dark_oak_paper_door,dark_oak_paper_door,mcw-doors-1.1.5-mc1.20.1forge.jar,False
mcwdoors,mcwdoors:dark_oak_stable_door,dark_oak_stable_door,mcw-doors-1.1.5-mc1.20.1forge.jar,True
mcwdoors,mcwdoors:dark_oak_stable_head_door,dark_oak_stable_head_door,mcw-doors-1.1.5-mc1.20.1forge.jar,True
mcwdoors,mcwdoors:dark_oak_swamp_door,dark_oak_swamp_door,mcw-doors-1.1.5-mc1.20.1forge.jar,False
mcwdoors,mcwdoors:dark_oak_tropical_door,dark_oak_tropical_door,mcw-doors-1.1.5-mc1.20.1forge.jar,False
mcwdoors,mcwdoors:dark_oak_waffle_door,dark_oak_waffle_door,mcw-doors-1.1.5-mc1.20.1forge.jar,False
mcwdoors,mcwdoors:dark_oak_western_door,dark_oak_western_door,mcw-doors-1.1.5-mc1.20.1forge.jar,False
mcwdoors,mcwdoors:dark_oak_whispering_door,dark_oak_whispering_door,mcw-doors-1.1.5-mc1.20.1forge.jar,False
mcwdoors,mcwdoors:garage_black_door,garage_black_door,mcw-doors-1.1.5-mc1.20.1forge.jar,False
mcwdoors,mcwdoors:garage_gray_door,garage_gray_door,mcw-doors-1.1.5-mc1.20.1forge.jar,False
mcwdoors,mcwdoors:garage_silver_door,garage_silver_door,mcw-doors-1.1.5-mc1.20.1forge.jar,False
mcwdoors,mcwdoors:garage_white_door,garage_white_door,mcw-doors-1.1.5-mc1.20.1forge.jar,False
mcwdoors,mcwdoors:iron_portcullis,iron_portcullis,mcw-doors-1.1.5-mc1.20.1forge.jar,False
mcwdoors,mcwdoors:jail_door,jail_door,mcw-doors-1.1.5-mc1.20.1forge.jar,False
mcwdoors,mcwdoors:jungle_bamboo_door,jungle_bamboo_door,mcw-doors-1.1.5-mc1.20.1forge.jar,False
mcwdoors,mcwdoors:jungle_bark_glass_door,jungle_bark_glass_door,mcw-doors-1.1.5-mc1.20.1forge.jar,False
mcwdoors,mcwdoors:jungle_barn_door,jungle_barn_door,mcw-doors-1.1.5-mc1.20.1forge.jar,False
mcwdoors,mcwdoors:jungle_barn_glass_door,jungle_barn_glass_door,mcw-doors-1.1.5-mc1.20.1forge.jar,False
mcwdoors,mcwdoors:jungle_classic_door,jungle_classic_door,mcw-doors-1.1.5-mc1.20.1forge.jar,False
mcwdoors,mcwdoors:jungle_cottage_door,jungle_cottage_door,mcw-doors-1.1.5-mc1.20.1forge.jar,False
mcwdoors,mcwdoors:jungle_four_panel_door,jungle_four_panel_door,mcw-doors-1.1.5-mc1.20.1forge.jar,False
mcwdoors,mcwdoors:jungle_glass_door,jungle_glass_door,mcw-doors-1.1.5-mc1.20.1forge.jar,False
mcwdoors,mcwdoors:jungle_japanese2_door,jungle_japanese2_door,mcw-doors-1.1.5-mc1.20.1forge.jar,False
mcwdoors,mcwdoors:jungle_japanese_door,jungle_japanese_door,mcw-doors-1.1.5-mc1.20.1forge.jar,False
mcwdoors,mcwdoors:jungle_modern_door,jungle_modern_door,mcw-doors-1.1.5-mc1.20.1forge.jar,False
mcwdoors,mcwdoors:jungle_mystic_door,jungle_mystic_door,mcw-doors-1.1.5-mc1.20.1forge.jar,False
mcwdoors,mcwdoors:jungle_nether_door,jungle_nether_door,mcw-doors-1.1.5-mc1.20.1forge.jar,False
mcwdoors,mcwdoors:jungle_paper_door,jungle_paper_door,mcw-doors-1.1.5-mc1.20.1forge.jar,False
mcwdoors,mcwdoors:jungle_stable_door,jungle_stable_door,mcw-doors-1.1.5-mc1.20.1forge.jar,True
mcwdoors,mcwdoors:jungle_stable_head_door,jungle_stable_head_door,mcw-doors-1.1.5-mc1.20.1forge.jar,True
mcwdoors,mcwdoors:jungle_swamp_door,jungle_swamp_door,mcw-doors-1.1.5-mc1.20.1forge.jar,False
mcwdoors,mcwdoors:jungle_tropical_door,jungle_tropical_door,mcw-doors-1.1.5-mc1.20.1forge.jar,False
mcwdoors,mcwdoors:jungle_waffle_door,jungle_waffle_door,mcw-doors-1.1.5-mc1.20.1forge.jar,False
mcwdoors,mcwdoors:jungle_western_door,jungle_western_door,mcw-doors-1.1.5-mc1.20.1forge.jar,False
mcwdoors,mcwdoors:jungle_whispering_door,jungle_whispering_door,mcw-doors-1.1.5-mc1.20.1forge.jar,False
mcwdoors,mcwdoors:mangrove_bamboo_door,mangrove_bamboo_door,mcw-doors-1.1.5-mc1.20.1forge.jar,False
mcwdoors,mcwdoors:mangrove_bark_glass_door,mangrove_bark_glass_door,mcw-doors-1.1.5-mc1.20.1forge.jar,False
mcwdoors,mcwdoors:mangrove_barn_door,mangrove_barn_door,mcw-doors-1.1.5-mc1.20.1forge.jar,False
mcwdoors,mcwdoors:mangrove_barn_glass_door,mangrove_barn_glass_door,mcw-doors-1.1.5-mc1.20.1forge.jar,False
mcwdoors,mcwdoors:mangrove_beach_door,mangrove_beach_door,mcw-doors-1.1.5-mc1.20.1forge.jar,False
mcwdoors,mcwdoors:mangrove_classic_door,mangrove_classic_door,mcw-doors-1.1.5-mc1.20.1forge.jar,False
mcwdoors,mcwdoors:mangrove_cottage_door,mangrove_cottage_door,mcw-doors-1.1.5-mc1.20.1forge.jar,False
mcwdoors,mcwdoors:mangrove_four_panel_door,mangrove_four_panel_door,mcw-doors-1.1.5-mc1.20.1forge.jar,False
mcwdoors,mcwdoors:mangrove_glass_door,mangrove_glass_door,mcw-doors-1.1.5-mc1.20.1forge.jar,False
mcwdoors,mcwdoors:mangrove_japanese2_door,mangrove_japanese2_door,mcw-doors-1.1.5-mc1.20.1forge.jar,False
mcwdoors,mcwdoors:mangrove_japanese_door,mangrove_japanese_door,mcw-doors-1.1.5-mc1.20.1forge.jar,False
mcwdoors,mcwdoors:mangrove_modern_door,mangrove_modern_door,mcw-doors-1.1.5-mc1.20.1forge.jar,False
mcwdoors,mcwdoors:mangrove_mystic_door,mangrove_mystic_door,mcw-doors-1.1.5-mc1.20.1forge.jar,False
mcwdoors,mcwdoors:mangrove_nether_door,mangrove_nether_door,mcw-doors-1.1.5-mc1.20.1forge.jar,False
mcwdoors,mcwdoors:mangrove_paper_door,mangrove_paper_door,mcw-doors-1.1.5-mc1.20.1forge.jar,False
mcwdoors,mcwdoors:mangrove_stable_door,mangrove_stable_door,mcw-doors-1.1.5-mc1.20.1forge.jar,True
mcwdoors,mcwdoors:mangrove_stable_head_door,mangrove_stable_head_door,mcw-doors-1.1.5-mc1.20.1forge.jar,True
mcwdoors,mcwdoors:mangrove_tropical_door,mangrove_tropical_door,mcw-doors-1.1.5-mc1.20.1forge.jar,False
mcwdoors,mcwdoors:mangrove_waffle_door,mangrove_waffle_door,mcw-doors-1.1.5-mc1.20.1forge.jar,False
mcwdoors,mcwdoors:mangrove_western_door,mangrove_western_door,mcw-doors-1.1.5-mc1.20.1forge.jar,False
mcwdoors,mcwdoors:mangrove_whispering_door,mangrove_whispering_door,mcw-doors-1.1.5-mc1.20.1forge.jar,False
mcwdoors,mcwdoors:metal_door,metal_door,mcw-doors-1.1.5-mc1.20.1forge.jar,False
mcwdoors,mcwdoors:metal_hospital_door,metal_hospital_door,mcw-doors-1.1.5-mc1.20.1forge.jar,False
mcwdoors,mcwdoors:metal_reinforced_door,metal_reinforced_door,mcw-doors-1.1.5-mc1.20.1forge.jar,False
mcwdoors,mcwdoors:metal_warning_door,metal_warning_door,mcw-doors-1.1.5-mc1.20.1forge.jar,False
mcwdoors,mcwdoors:metal_windowed_door,metal_windowed_door,mcw-doors-1.1.5-mc1.20.1forge.jar,False
mcwdoors,mcwdoors:oak_bamboo_door,oak_bamboo_door,mcw-doors-1.1.5-mc1.20.1forge.jar,False
mcwdoors,mcwdoors:oak_bark_glass_door,oak_bark_glass_door,mcw-doors-1.1.5-mc1.20.1forge.jar,False
mcwdoors,mcwdoors:oak_barn_door,oak_barn_door,mcw-doors-1.1.5-mc1.20.1forge.jar,False
mcwdoors,mcwdoors:oak_barn_glass_door,oak_barn_glass_door,mcw-doors-1.1.5-mc1.20.1forge.jar,False
mcwdoors,mcwdoors:oak_beach_door,oak_beach_door,mcw-doors-1.1.5-mc1.20.1forge.jar,False
mcwdoors,mcwdoors:oak_cottage_door,oak_cottage_door,mcw-doors-1.1.5-mc1.20.1forge.jar,False
mcwdoors,mcwdoors:oak_four_panel_door,oak_four_panel_door,mcw-doors-1.1.5-mc1.20.1forge.jar,False
mcwdoors,mcwdoors:oak_glass_door,oak_glass_door,mcw-doors-1.1.5-mc1.20.1forge.jar,False
mcwdoors,mcwdoors:oak_japanese2_door,oak_japanese2_door,mcw-doors-1.1.5-mc1.20.1forge.jar,False
mcwdoors,mcwdoors:oak_japanese_door,oak_japanese_door,mcw-doors-1.1.5-mc1.20.1forge.jar,False
mcwdoors,mcwdoors:oak_modern_door,oak_modern_door,mcw-doors-1.1.5-mc1.20.1forge.jar,False
mcwdoors,mcwdoors:oak_mystic_door,oak_mystic_door,mcw-doors-1.1.5-mc1.20.1forge.jar,False
mcwdoors,mcwdoors:oak_nether_door,oak_nether_door,mcw-doors-1.1.5-mc1.20.1forge.jar,False
mcwdoors,mcwdoors:oak_paper_door,oak_paper_door,mcw-doors-1.1.5-mc1.20.1forge.jar,False
mcwdoors,mcwdoors:oak_stable_door,oak_stable_door,mcw-doors-1.1.5-mc1.20.1forge.jar,True
mcwdoors,mcwdoors:oak_stable_head_door,oak_stable_head_door,mcw-doors-1.1.5-mc1.20.1forge.jar,True
mcwdoors,mcwdoors:oak_swamp_door,oak_swamp_door,mcw-doors-1.1.5-mc1.20.1forge.jar,False
mcwdoors,mcwdoors:oak_tropical_door,oak_tropical_door,mcw-doors-1.1.5-mc1.20.1forge.jar,False
mcwdoors,mcwdoors:oak_waffle_door,oak_waffle_door,mcw-doors-1.1.5-mc1.20.1forge.jar,False
mcwdoors,mcwdoors:oak_western_door,oak_western_door,mcw-doors-1.1.5-mc1.20.1forge.jar,False
mcwdoors,mcwdoors:oak_whispering_door,oak_whispering_door,mcw-doors-1.1.5-mc1.20.1forge.jar,False
mcwdoors,mcwdoors:sliding_glass_door,sliding_glass_door,mcw-doors-1.1.5-mc1.20.1forge.jar,False
mcwdoors,mcwdoors:spruce_bamboo_door,spruce_bamboo_door,mcw-doors-1.1.5-mc1.20.1forge.jar,False
mcwdoors,mcwdoors:spruce_bark_glass_door,spruce_bark_glass_door,mcw-doors-1.1.5-mc1.20.1forge.jar,False
mcwdoors,mcwdoors:spruce_barn_door,spruce_barn_door,mcw-doors-1.1.5-mc1.20.1forge.jar,False
mcwdoors,mcwdoors:spruce_barn_glass_door,spruce_barn_glass_door,mcw-doors-1.1.5-mc1.20.1forge.jar,False
mcwdoors,mcwdoors:spruce_beach_door,spruce_beach_door,mcw-doors-1.1.5-mc1.20.1forge.jar,False
mcwdoors,mcwdoors:spruce_classic_door,spruce_classic_door,mcw-doors-1.1.5-mc1.20.1forge.jar,False
mcwdoors,mcwdoors:spruce_four_panel_door,spruce_four_panel_door,mcw-doors-1.1.5-mc1.20.1forge.jar,False
mcwdoors,mcwdoors:spruce_glass_door,spruce_glass_door,mcw-doors-1.1.5-mc1.20.1forge.jar,False
mcwdoors,mcwdoors:spruce_japanese2_door,spruce_japanese2_door,mcw-doors-1.1.5-mc1.20.1forge.jar,False
mcwdoors,mcwdoors:spruce_japanese_door,spruce_japanese_door,mcw-doors-1.1.5-mc1.20.1forge.jar,False
mcwdoors,mcwdoors:spruce_modern_door,spruce_modern_door,mcw-doors-1.1.5-mc1.20.1forge.jar,False
mcwdoors,mcwdoors:spruce_mystic_door,spruce_mystic_door,mcw-doors-1.1.5-mc1.20.1forge.jar,False
mcwdoors,mcwdoors:spruce_nether_door,spruce_nether_door,mcw-doors-1.1.5-mc1.20.1forge.jar,False
mcwdoors,mcwdoors:spruce_paper_door,spruce_paper_door,mcw-doors-1.1.5-mc1.20.1forge.jar,False
mcwdoors,mcwdoors:spruce_stable_door,spruce_stable_door,mcw-doors-1.1.5-mc1.20.1forge.jar,True
mcwdoors,mcwdoors:spruce_stable_head_door,spruce_stable_head_door,mcw-doors-1.1.5-mc1.20.1forge.jar,True
mcwdoors,mcwdoors:spruce_swamp_door,spruce_swamp_door,mcw-doors-1.1.5-mc1.20.1forge.jar,False
mcwdoors,mcwdoors:spruce_tropical_door,spruce_tropical_door,mcw-doors-1.1.5-mc1.20.1forge.jar,False
mcwdoors,mcwdoors:spruce_waffle_door,spruce_waffle_door,mcw-doors-1.1.5-mc1.20.1forge.jar,False
mcwdoors,mcwdoors:spruce_western_door,spruce_western_door,mcw-doors-1.1.5-mc1.20.1forge.jar,False
mcwdoors,mcwdoors:spruce_whispering_door,spruce_whispering_door,mcw-doors-1.1.5-mc1.20.1forge.jar,False
mcwdoors,mcwdoors:store_door,store_door,mcw-doors-1.1.5-mc1.20.1forge.jar,False
mcwdoors,mcwdoors:warped_bamboo_door,warped_bamboo_door,mcw-doors-1.1.5-mc1.20.1forge.jar,False
mcwdoors,mcwdoors:warped_barn_door,warped_barn_door,mcw-doors-1.1.5-mc1.20.1forge.jar,False
mcwdoors,mcwdoors:warped_barn_glass_door,warped_barn_glass_door,mcw-doors-1.1.5-mc1.20.1forge.jar,False
mcwdoors,mcwdoors:warped_beach_door,warped_beach_door,mcw-doors-1.1.5-mc1.20.1forge.jar,False
mcwdoors,mcwdoors:warped_classic_door,warped_classic_door,mcw-doors-1.1.5-mc1.20.1forge.jar,False
mcwdoors,mcwdoors:warped_cottage_door,warped_cottage_door,mcw-doors-1.1.5-mc1.20.1forge.jar,False
mcwdoors,mcwdoors:warped_four_panel_door,warped_four_panel_door,mcw-doors-1.1.5-mc1.20.1forge.jar,False
mcwdoors,mcwdoors:warped_glass_door,warped_glass_door,mcw-doors-1.1.5-mc1.20.1forge.jar,False
mcwdoors,mcwdoors:warped_japanese2_door,warped_japanese2_door,mcw-doors-1.1.5-mc1.20.1forge.jar,False
mcwdoors,mcwdoors:warped_japanese_door,warped_japanese_door,mcw-doors-1.1.5-mc1.20.1forge.jar,False
mcwdoors,mcwdoors:warped_modern_door,warped_modern_door,mcw-doors-1.1.5-mc1.20.1forge.jar,False
mcwdoors,mcwdoors:warped_nether_door,warped_nether_door,mcw-doors-1.1.5-mc1.20.1forge.jar,False
mcwdoors,mcwdoors:warped_paper_door,warped_paper_door,mcw-doors-1.1.5-mc1.20.1forge.jar,False
mcwdoors,mcwdoors:warped_stable_door,warped_stable_door,mcw-doors-1.1.5-mc1.20.1forge.jar,True
mcwdoors,mcwdoors:warped_stable_head_door,warped_stable_head_door,mcw-doors-1.1.5-mc1.20.1forge.jar,True
mcwdoors,mcwdoors:warped_stem_glass_door,warped_stem_glass_door,mcw-doors-1.1.5-mc1.20.1forge.jar,False
mcwdoors,mcwdoors:warped_swamp_door,warped_swamp_door,mcw-doors-1.1.5-mc1.20.1forge.jar,False
mcwdoors,mcwdoors:warped_tropical_door,warped_tropical_door,mcw-doors-1.1.5-mc1.20.1forge.jar,False
mcwdoors,mcwdoors:warped_waffle_door,warped_waffle_door,mcw-doors-1.1.5-mc1.20.1forge.jar,False
mcwdoors,mcwdoors:warped_western_door,warped_western_door,mcw-doors-1.1.5-mc1.20.1forge.jar,False
mcwdoors,mcwdoors:warped_whispering_door,warped_whispering_door,mcw-doors-1.1.5-mc1.20.1forge.jar,False
mcwdoors,mcwdoors:wooden_portcullis,wooden_portcullis,mcw-doors-1.1.5-mc1.20.1forge.jar,False
mcwfurnitures,mcwfurnitures:acacia_bookshelf,acacia_bookshelf,mcw-furniture-3.4.1-mc1.20.1forge.jar,True
mcwfurnitures,mcwfurnitures:acacia_bookshelf_cupboard,acacia_bookshelf_cupboard,mcw-furniture-3.4.1-mc1.20.1forge.jar,True
mcwfurnitures,mcwfurnitures:acacia_bookshelf_drawer,acacia_bookshelf_drawer,mcw-furniture-3.4.1-mc1.20.1forge.jar,True
mcwfurnitures,mcwfurnitures:acacia_chair,acacia_chair,mcw-furniture-3.4.1-mc1.20.1forge.jar,False
mcwfurnitures,mcwfurnitures:acacia_coffee_table,acacia_coffee_table,mcw-furniture-3.4.1-mc1.20.1forge.jar,True
mcwfurnitures,mcwfurnitures:acacia_counter,acacia_counter,mcw-furniture-3.4.1-mc1.20.1forge.jar,True
mcwfurnitures,mcwfurnitures:acacia_covered_desk,acacia_covered_desk,mcw-furniture-3.4.1-mc1.20.1forge.jar,True
mcwfurnitures,mcwfurnitures:acacia_cupboard_counter,acacia_cupboard_counter,mcw-furniture-3.4.1-mc1.20.1forge.jar,True
mcwfurnitures,mcwfurnitures:acacia_desk,acacia_desk,mcw-furniture-3.4.1-mc1.20.1forge.jar,True
mcwfurnitures,mcwfurnitures:acacia_double_drawer,acacia_double_drawer,mcw-furniture-3.4.1-mc1.20.1forge.jar,True
mcwfurnitures,mcwfurnitures:acacia_double_drawer_counter,acacia_double_drawer_counter,mcw-furniture-3.4.1-mc1.20.1forge.jar,True
mcwfurnitures,mcwfurnitures:acacia_double_kitchen_cabinet,acacia_double_kitchen_cabinet,mcw-furniture-3.4.1-mc1.20.1forge.jar,True
mcwfurnitures,mcwfurnitures:acacia_double_wardrobe,acacia_double_wardrobe,mcw-furniture-3.4.1-mc1.20.1forge.jar,True
mcwfurnitures,mcwfurnitures:acacia_drawer,acacia_drawer,mcw-furniture-3.4.1-mc1.20.1forge.jar,True
mcwfurnitures,mcwfurnitures:acacia_drawer_counter,acacia_drawer_counter,mcw-furniture-3.4.1-mc1.20.1forge.jar,True
mcwfurnitures,mcwfurnitures:acacia_end_table,acacia_end_table,mcw-furniture-3.4.1-mc1.20.1forge.jar,True
mcwfurnitures,mcwfurnitures:acacia_glass_kitchen_cabinet,acacia_glass_kitchen_cabinet,mcw-furniture-3.4.1-mc1.20.1forge.jar,True
mcwfurnitures,mcwfurnitures:acacia_glass_table,acacia_glass_table,mcw-furniture-3.4.1-mc1.20.1forge.jar,True
mcwfurnitures,mcwfurnitures:acacia_kitchen_cabinet,acacia_kitchen_cabinet,mcw-furniture-3.4.1-mc1.20.1forge.jar,True
mcwfurnitures,mcwfurnitures:acacia_kitchen_sink,acacia_kitchen_sink,mcw-furniture-3.4.1-mc1.20.1forge.jar,False
mcwfurnitures,mcwfurnitures:acacia_large_drawer,acacia_large_drawer,mcw-furniture-3.4.1-mc1.20.1forge.jar,True
mcwfurnitures,mcwfurnitures:acacia_lower_bookshelf_drawer,acacia_lower_bookshelf_drawer,mcw-furniture-3.4.1-mc1.20.1forge.jar,True
mcwfurnitures,mcwfurnitures:acacia_lower_triple_drawer,acacia_lower_triple_drawer,mcw-furniture-3.4.1-mc1.20.1forge.jar,True
mcwfurnitures,mcwfurnitures:acacia_modern_chair,acacia_modern_chair,mcw-furniture-3.4.1-mc1.20.1forge.jar,False
mcwfurnitures,mcwfurnitures:acacia_modern_desk,acacia_modern_desk,mcw-furniture-3.4.1-mc1.20.1forge.jar,True
mcwfurnitures,mcwfurnitures:acacia_modern_wardrobe,acacia_modern_wardrobe,mcw-furniture-3.4.1-mc1.20.1forge.jar,True
mcwfurnitures,mcwfurnitures:acacia_stool_chair,acacia_stool_chair,mcw-furniture-3.4.1-mc1.20.1forge.jar,False
mcwfurnitures,mcwfurnitures:acacia_striped_chair,acacia_striped_chair,mcw-furniture-3.4.1-mc1.20.1forge.jar,False
mcwfurnitures,mcwfurnitures:acacia_table,acacia_table,mcw-furniture-3.4.1-mc1.20.1forge.jar,True
mcwfurnitures,mcwfurnitures:acacia_triple_drawer,acacia_triple_drawer,mcw-furniture-3.4.1-mc1.20.1forge.jar,True
mcwfurnitures,mcwfurnitures:acacia_wardrobe,acacia_wardrobe,mcw-furniture-3.4.1-mc1.20.1forge.jar,True
mcwfurnitures,mcwfurnitures:birch_bookshelf,birch_bookshelf,mcw-furniture-3.4.1-mc1.20.1forge.jar,True
mcwfurnitures,mcwfurnitures:birch_bookshelf_cupboard,birch_bookshelf_cupboard,mcw-furniture-3.4.1-mc1.20.1forge.jar,True
mcwfurnitures,mcwfurnitures:birch_bookshelf_drawer,birch_bookshelf_drawer,mcw-furniture-3.4.1-mc1.20.1forge.jar,True
mcwfurnitures,mcwfurnitures:birch_chair,birch_chair,mcw-furniture-3.4.1-mc1.20.1forge.jar,False
mcwfurnitures,mcwfurnitures:birch_coffee_table,birch_coffee_table,mcw-furniture-3.4.1-mc1.20.1forge.jar,True
mcwfurnitures,mcwfurnitures:birch_counter,birch_counter,mcw-furniture-3.4.1-mc1.20.1forge.jar,True
mcwfurnitures,mcwfurnitures:birch_covered_desk,birch_covered_desk,mcw-furniture-3.4.1-mc1.20.1forge.jar,True
mcwfurnitures,mcwfurnitures:birch_cupboard_counter,birch_cupboard_counter,mcw-furniture-3.4.1-mc1.20.1forge.jar,True
mcwfurnitures,mcwfurnitures:birch_desk,birch_desk,mcw-furniture-3.4.1-mc1.20.1forge.jar,True
mcwfurnitures,mcwfurnitures:birch_double_drawer,birch_double_drawer,mcw-furniture-3.4.1-mc1.20.1forge.jar,True
mcwfurnitures,mcwfurnitures:birch_double_drawer_counter,birch_double_drawer_counter,mcw-furniture-3.4.1-mc1.20.1forge.jar,True
mcwfurnitures,mcwfurnitures:birch_double_kitchen_cabinet,birch_double_kitchen_cabinet,mcw-furniture-3.4.1-mc1.20.1forge.jar,True
mcwfurnitures,mcwfurnitures:birch_double_wardrobe,birch_double_wardrobe,mcw-furniture-3.4.1-mc1.20.1forge.jar,True
mcwfurnitures,mcwfurnitures:birch_drawer,birch_drawer,mcw-furniture-3.4.1-mc1.20.1forge.jar,True
mcwfurnitures,mcwfurnitures:birch_drawer_counter,birch_drawer_counter,mcw-furniture-3.4.1-mc1.20.1forge.jar,True
mcwfurnitures,mcwfurnitures:birch_end_table,birch_end_table,mcw-furniture-3.4.1-mc1.20.1forge.jar,True
mcwfurnitures,mcwfurnitures:birch_glass_kitchen_cabinet,birch_glass_kitchen_cabinet,mcw-furniture-3.4.1-mc1.20.1forge.jar,True
mcwfurnitures,mcwfurnitures:birch_glass_table,birch_glass_table,mcw-furniture-3.4.1-mc1.20.1forge.jar,True
mcwfurnitures,mcwfurnitures:birch_kitchen_cabinet,birch_kitchen_cabinet,mcw-furniture-3.4.1-mc1.20.1forge.jar,True
mcwfurnitures,mcwfurnitures:birch_kitchen_sink,birch_kitchen_sink,mcw-furniture-3.4.1-mc1.20.1forge.jar,False
mcwfurnitures,mcwfurnitures:birch_large_drawer,birch_large_drawer,mcw-furniture-3.4.1-mc1.20.1forge.jar,True
mcwfurnitures,mcwfurnitures:birch_lower_bookshelf_drawer,birch_lower_bookshelf_drawer,mcw-furniture-3.4.1-mc1.20.1forge.jar,True
mcwfurnitures,mcwfurnitures:birch_lower_triple_drawer,birch_lower_triple_drawer,mcw-furniture-3.4.1-mc1.20.1forge.jar,True
mcwfurnitures,mcwfurnitures:birch_modern_chair,birch_modern_chair,mcw-furniture-3.4.1-mc1.20.1forge.jar,False
mcwfurnitures,mcwfurnitures:birch_modern_desk,birch_modern_desk,mcw-furniture-3.4.1-mc1.20.1forge.jar,True
mcwfurnitures,mcwfurnitures:birch_modern_wardrobe,birch_modern_wardrobe,mcw-furniture-3.4.1-mc1.20.1forge.jar,True
mcwfurnitures,mcwfurnitures:birch_stool_chair,birch_stool_chair,mcw-furniture-3.4.1-mc1.20.1forge.jar,False
mcwfurnitures,mcwfurnitures:birch_striped_chair,birch_striped_chair,mcw-furniture-3.4.1-mc1.20.1forge.jar,False
mcwfurnitures,mcwfurnitures:birch_table,birch_table,mcw-furniture-3.4.1-mc1.20.1forge.jar,True
mcwfurnitures,mcwfurnitures:birch_triple_drawer,birch_triple_drawer,mcw-furniture-3.4.1-mc1.20.1forge.jar,True
mcwfurnitures,mcwfurnitures:birch_wardrobe,birch_wardrobe,mcw-furniture-3.4.1-mc1.20.1forge.jar,True
mcwfurnitures,mcwfurnitures:black_chaise,black_chaise,mcw-furniture-3.4.1-mc1.20.1forge.jar,False
mcwfurnitures,mcwfurnitures:black_couch,black_couch,mcw-furniture-3.4.1-mc1.20.1forge.jar,False
mcwfurnitures,mcwfurnitures:blue_chaise,blue_chaise,mcw-furniture-3.4.1-mc1.20.1forge.jar,False
mcwfurnitures,mcwfurnitures:blue_couch,blue_couch,mcw-furniture-3.4.1-mc1.20.1forge.jar,False
mcwfurnitures,mcwfurnitures:brown_chaise,brown_chaise,mcw-furniture-3.4.1-mc1.20.1forge.jar,False
mcwfurnitures,mcwfurnitures:brown_couch,brown_couch,mcw-furniture-3.4.1-mc1.20.1forge.jar,False
mcwfurnitures,mcwfurnitures:cherry_bookshelf,cherry_bookshelf,mcw-furniture-3.4.1-mc1.20.1forge.jar,True
mcwfurnitures,mcwfurnitures:cherry_bookshelf_cupboard,cherry_bookshelf_cupboard,mcw-furniture-3.4.1-mc1.20.1forge.jar,True
mcwfurnitures,mcwfurnitures:cherry_bookshelf_drawer,cherry_bookshelf_drawer,mcw-furniture-3.4.1-mc1.20.1forge.jar,True
mcwfurnitures,mcwfurnitures:cherry_chair,cherry_chair,mcw-furniture-3.4.1-mc1.20.1forge.jar,False
mcwfurnitures,mcwfurnitures:cherry_coffee_table,cherry_coffee_table,mcw-furniture-3.4.1-mc1.20.1forge.jar,True
mcwfurnitures,mcwfurnitures:cherry_counter,cherry_counter,mcw-furniture-3.4.1-mc1.20.1forge.jar,True
mcwfurnitures,mcwfurnitures:cherry_covered_desk,cherry_covered_desk,mcw-furniture-3.4.1-mc1.20.1forge.jar,True
mcwfurnitures,mcwfurnitures:cherry_cupboard_counter,cherry_cupboard_counter,mcw-furniture-3.4.1-mc1.20.1forge.jar,True
mcwfurnitures,mcwfurnitures:cherry_desk,cherry_desk,mcw-furniture-3.4.1-mc1.20.1forge.jar,True
mcwfurnitures,mcwfurnitures:cherry_double_drawer,cherry_double_drawer,mcw-furniture-3.4.1-mc1.20.1forge.jar,True
mcwfurnitures,mcwfurnitures:cherry_double_drawer_counter,cherry_double_drawer_counter,mcw-furniture-3.4.1-mc1.20.1forge.jar,True
mcwfurnitures,mcwfurnitures:cherry_double_kitchen_cabinet,cherry_double_kitchen_cabinet,mcw-furniture-3.4.1-mc1.20.1forge.jar,True
mcwfurnitures,mcwfurnitures:cherry_double_wardrobe,cherry_double_wardrobe,mcw-furniture-3.4.1-mc1.20.1forge.jar,True
mcwfurnitures,mcwfurnitures:cherry_drawer,cherry_drawer,mcw-furniture-3.4.1-mc1.20.1forge.jar,True
mcwfurnitures,mcwfurnitures:cherry_drawer_counter,cherry_drawer_counter,mcw-furniture-3.4.1-mc1.20.1forge.jar,True
mcwfurnitures,mcwfurnitures:cherry_end_table,cherry_end_table,mcw-furniture-3.4.1-mc1.20.1forge.jar,True
mcwfurnitures,mcwfurnitures:cherry_glass_kitchen_cabinet,cherry_glass_kitchen_cabinet,mcw-furniture-3.4.1-mc1.20.1forge.jar,True
mcwfurnitures,mcwfurnitures:cherry_glass_table,cherry_glass_table,mcw-furniture-3.4.1-mc1.20.1forge.jar,True
mcwfurnitures,mcwfurnitures:cherry_kitchen_cabinet,cherry_kitchen_cabinet,mcw-furniture-3.4.1-mc1.20.1forge.jar,True
mcwfurnitures,mcwfurnitures:cherry_kitchen_sink,cherry_kitchen_sink,mcw-furniture-3.4.1-mc1.20.1forge.jar,False
mcwfurnitures,mcwfurnitures:cherry_large_drawer,cherry_large_drawer,mcw-furniture-3.4.1-mc1.20.1forge.jar,True
mcwfurnitures,mcwfurnitures:cherry_lower_bookshelf_drawer,cherry_lower_bookshelf_drawer,mcw-furniture-3.4.1-mc1.20.1forge.jar,True
mcwfurnitures,mcwfurnitures:cherry_lower_triple_drawer,cherry_lower_triple_drawer,mcw-furniture-3.4.1-mc1.20.1forge.jar,True
mcwfurnitures,mcwfurnitures:cherry_modern_chair,cherry_modern_chair,mcw-furniture-3.4.1-mc1.20.1forge.jar,False
mcwfurnitures,mcwfurnitures:cherry_modern_desk,cherry_modern_desk,mcw-furniture-3.4.1-mc1.20.1forge.jar,True
mcwfurnitures,mcwfurnitures:cherry_modern_wardrobe,cherry_modern_wardrobe,mcw-furniture-3.4.1-mc1.20.1forge.jar,True
mcwfurnitures,mcwfurnitures:cherry_stool_chair,cherry_stool_chair,mcw-furniture-3.4.1-mc1.20.1forge.jar,False
mcwfurnitures,mcwfurnitures:cherry_striped_chair,cherry_striped_chair,mcw-furniture-3.4.1-mc1.20.1forge.jar,False
mcwfurnitures,mcwfurnitures:cherry_table,cherry_table,mcw-furniture-3.4.1-mc1.20.1forge.jar,True
mcwfurnitures,mcwfurnitures:cherry_triple_drawer,cherry_triple_drawer,mcw-furniture-3.4.1-mc1.20.1forge.jar,True
mcwfurnitures,mcwfurnitures:cherry_wardrobe,cherry_wardrobe,mcw-furniture-3.4.1-mc1.20.1forge.jar,True
mcwfurnitures,mcwfurnitures:crimson_bookshelf,crimson_bookshelf,mcw-furniture-3.4.1-mc1.20.1forge.jar,True
mcwfurnitures,mcwfurnitures:crimson_bookshelf_cupboard,crimson_bookshelf_cupboard,mcw-furniture-3.4.1-mc1.20.1forge.jar,True
mcwfurnitures,mcwfurnitures:crimson_bookshelf_drawer,crimson_bookshelf_drawer,mcw-furniture-3.4.1-mc1.20.1forge.jar,True
mcwfurnitures,mcwfurnitures:crimson_chair,crimson_chair,mcw-furniture-3.4.1-mc1.20.1forge.jar,False
mcwfurnitures,mcwfurnitures:crimson_coffee_table,crimson_coffee_table,mcw-furniture-3.4.1-mc1.20.1forge.jar,True
mcwfurnitures,mcwfurnitures:crimson_counter,crimson_counter,mcw-furniture-3.4.1-mc1.20.1forge.jar,True
mcwfurnitures,mcwfurnitures:crimson_covered_desk,crimson_covered_desk,mcw-furniture-3.4.1-mc1.20.1forge.jar,True
mcwfurnitures,mcwfurnitures:crimson_cupboard_counter,crimson_cupboard_counter,mcw-furniture-3.4.1-mc1.20.1forge.jar,True
mcwfurnitures,mcwfurnitures:crimson_desk,crimson_desk,mcw-furniture-3.4.1-mc1.20.1forge.jar,True
mcwfurnitures,mcwfurnitures:crimson_double_drawer,crimson_double_drawer,mcw-furniture-3.4.1-mc1.20.1forge.jar,True
mcwfurnitures,mcwfurnitures:crimson_double_drawer_counter,crimson_double_drawer_counter,mcw-furniture-3.4.1-mc1.20.1forge.jar,True
mcwfurnitures,mcwfurnitures:crimson_double_kitchen_cabinet,crimson_double_kitchen_cabinet,mcw-furniture-3.4.1-mc1.20.1forge.jar,True
mcwfurnitures,mcwfurnitures:crimson_double_wardrobe,crimson_double_wardrobe,mcw-furniture-3.4.1-mc1.20.1forge.jar,True
mcwfurnitures,mcwfurnitures:crimson_drawer,crimson_drawer,mcw-furniture-3.4.1-mc1.20.1forge.jar,True
mcwfurnitures,mcwfurnitures:crimson_drawer_counter,crimson_drawer_counter,mcw-furniture-3.4.1-mc1.20.1forge.jar,True
mcwfurnitures,mcwfurnitures:crimson_end_table,crimson_end_table,mcw-furniture-3.4.1-mc1.20.1forge.jar,True
mcwfurnitures,mcwfurnitures:crimson_glass_kitchen_cabinet,crimson_glass_kitchen_cabinet,mcw-furniture-3.4.1-mc1.20.1forge.jar,True
mcwfurnitures,mcwfurnitures:crimson_glass_table,crimson_glass_table,mcw-furniture-3.4.1-mc1.20.1forge.jar,True
mcwfurnitures,mcwfurnitures:crimson_kitchen_cabinet,crimson_kitchen_cabinet,mcw-furniture-3.4.1-mc1.20.1forge.jar,True
mcwfurnitures,mcwfurnitures:crimson_kitchen_sink,crimson_kitchen_sink,mcw-furniture-3.4.1-mc1.20.1forge.jar,False
mcwfurnitures,mcwfurnitures:crimson_large_drawer,crimson_large_drawer,mcw-furniture-3.4.1-mc1.20.1forge.jar,True
mcwfurnitures,mcwfurnitures:crimson_lower_bookshelf_drawer,crimson_lower_bookshelf_drawer,mcw-furniture-3.4.1-mc1.20.1forge.jar,True
mcwfurnitures,mcwfurnitures:crimson_lower_triple_drawer,crimson_lower_triple_drawer,mcw-furniture-3.4.1-mc1.20.1forge.jar,True
mcwfurnitures,mcwfurnitures:crimson_modern_chair,crimson_modern_chair,mcw-furniture-3.4.1-mc1.20.1forge.jar,False
mcwfurnitures,mcwfurnitures:crimson_modern_desk,crimson_modern_desk,mcw-furniture-3.4.1-mc1.20.1forge.jar,True
mcwfurnitures,mcwfurnitures:crimson_modern_wardrobe,crimson_modern_wardrobe,mcw-furniture-3.4.1-mc1.20.1forge.jar,True
mcwfurnitures,mcwfurnitures:crimson_stool_chair,crimson_stool_chair,mcw-furniture-3.4.1-mc1.20.1forge.jar,False
mcwfurnitures,mcwfurnitures:crimson_striped_chair,crimson_striped_chair,mcw-furniture-3.4.1-mc1.20.1forge.jar,False
mcwfurnitures,mcwfurnitures:crimson_table,crimson_table,mcw-furniture-3.4.1-mc1.20.1forge.jar,True
mcwfurnitures,mcwfurnitures:crimson_triple_drawer,crimson_triple_drawer,mcw-furniture-3.4.1-mc1.20.1forge.jar,True
mcwfurnitures,mcwfurnitures:crimson_wardrobe,crimson_wardrobe,mcw-furniture-3.4.1-mc1.20.1forge.jar,True
mcwfurnitures,mcwfurnitures:cyan_chaise,cyan_chaise,mcw-furniture-3.4.1-mc1.20.1forge.jar,False
mcwfurnitures,mcwfurnitures:cyan_couch,cyan_couch,mcw-furniture-3.4.1-mc1.20.1forge.jar,False
mcwfurnitures,mcwfurnitures:dark_oak_bookshelf,dark_oak_bookshelf,mcw-furniture-3.4.1-mc1.20.1forge.jar,True
mcwfurnitures,mcwfurnitures:dark_oak_bookshelf_cupboard,dark_oak_bookshelf_cupboard,mcw-furniture-3.4.1-mc1.20.1forge.jar,True
mcwfurnitures,mcwfurnitures:dark_oak_bookshelf_drawer,dark_oak_bookshelf_drawer,mcw-furniture-3.4.1-mc1.20.1forge.jar,True
mcwfurnitures,mcwfurnitures:dark_oak_chair,dark_oak_chair,mcw-furniture-3.4.1-mc1.20.1forge.jar,False
mcwfurnitures,mcwfurnitures:dark_oak_coffee_table,dark_oak_coffee_table,mcw-furniture-3.4.1-mc1.20.1forge.jar,True
mcwfurnitures,mcwfurnitures:dark_oak_counter,dark_oak_counter,mcw-furniture-3.4.1-mc1.20.1forge.jar,True
mcwfurnitures,mcwfurnitures:dark_oak_covered_desk,dark_oak_covered_desk,mcw-furniture-3.4.1-mc1.20.1forge.jar,True
mcwfurnitures,mcwfurnitures:dark_oak_cupboard_counter,dark_oak_cupboard_counter,mcw-furniture-3.4.1-mc1.20.1forge.jar,True
mcwfurnitures,mcwfurnitures:dark_oak_desk,dark_oak_desk,mcw-furniture-3.4.1-mc1.20.1forge.jar,True
mcwfurnitures,mcwfurnitures:dark_oak_double_drawer,dark_oak_double_drawer,mcw-furniture-3.4.1-mc1.20.1forge.jar,True
mcwfurnitures,mcwfurnitures:dark_oak_double_drawer_counter,dark_oak_double_drawer_counter,mcw-furniture-3.4.1-mc1.20.1forge.jar,True
mcwfurnitures,mcwfurnitures:dark_oak_double_kitchen_cabinet,dark_oak_double_kitchen_cabinet,mcw-furniture-3.4.1-mc1.20.1forge.jar,True
mcwfurnitures,mcwfurnitures:dark_oak_double_wardrobe,dark_oak_double_wardrobe,mcw-furniture-3.4.1-mc1.20.1forge.jar,True
mcwfurnitures,mcwfurnitures:dark_oak_drawer,dark_oak_drawer,mcw-furniture-3.4.1-mc1.20.1forge.jar,True
mcwfurnitures,mcwfurnitures:dark_oak_drawer_counter,dark_oak_drawer_counter,mcw-furniture-3.4.1-mc1.20.1forge.jar,True
mcwfurnitures,mcwfurnitures:dark_oak_end_table,dark_oak_end_table,mcw-furniture-3.4.1-mc1.20.1forge.jar,True
mcwfurnitures,mcwfurnitures:dark_oak_glass_kitchen_cabinet,dark_oak_glass_kitchen_cabinet,mcw-furniture-3.4.1-mc1.20.1forge.jar,True
mcwfurnitures,mcwfurnitures:dark_oak_glass_table,dark_oak_glass_table,mcw-furniture-3.4.1-mc1.20.1forge.jar,True
mcwfurnitures,mcwfurnitures:dark_oak_kitchen_cabinet,dark_oak_kitchen_cabinet,mcw-furniture-3.4.1-mc1.20.1forge.jar,True
mcwfurnitures,mcwfurnitures:dark_oak_kitchen_sink,dark_oak_kitchen_sink,mcw-furniture-3.4.1-mc1.20.1forge.jar,False
mcwfurnitures,mcwfurnitures:dark_oak_large_drawer,dark_oak_large_drawer,mcw-furniture-3.4.1-mc1.20.1forge.jar,True
mcwfurnitures,mcwfurnitures:dark_oak_lower_bookshelf_drawer,dark_oak_lower_bookshelf_drawer,mcw-furniture-3.4.1-mc1.20.1forge.jar,True
mcwfurnitures,mcwfurnitures:dark_oak_lower_triple_drawer,dark_oak_lower_triple_drawer,mcw-furniture-3.4.1-mc1.20.1forge.jar,True
mcwfurnitures,mcwfurnitures:dark_oak_modern_chair,dark_oak_modern_chair,mcw-furniture-3.4.1-mc1.20.1forge.jar,False
mcwfurnitures,mcwfurnitures:dark_oak_modern_desk,dark_oak_modern_desk,mcw-furniture-3.4.1-mc1.20.1forge.jar,True
mcwfurnitures,mcwfurnitures:dark_oak_modern_wardrobe,dark_oak_modern_wardrobe,mcw-furniture-3.4.1-mc1.20.1forge.jar,True
mcwfurnitures,mcwfurnitures:dark_oak_stool_chair,dark_oak_stool_chair,mcw-furniture-3.4.1-mc1.20.1forge.jar,False
mcwfurnitures,mcwfurnitures:dark_oak_striped_chair,dark_oak_striped_chair,mcw-furniture-3.4.1-mc1.20.1forge.jar,False
mcwfurnitures,mcwfurnitures:dark_oak_table,dark_oak_table,mcw-furniture-3.4.1-mc1.20.1forge.jar,True
mcwfurnitures,mcwfurnitures:dark_oak_triple_drawer,dark_oak_triple_drawer,mcw-furniture-3.4.1-mc1.20.1forge.jar,True
mcwfurnitures,mcwfurnitures:dark_oak_wardrobe,dark_oak_wardrobe,mcw-furniture-3.4.1-mc1.20.1forge.jar,True
mcwfurnitures,mcwfurnitures:gray_chaise,gray_chaise,mcw-furniture-3.4.1-mc1.20.1forge.jar,False
mcwfurnitures,mcwfurnitures:gray_couch,gray_couch,mcw-furniture-3.4.1-mc1.20.1forge.jar,False
mcwfurnitures,mcwfurnitures:green_chaise,green_chaise,mcw-furniture-3.4.1-mc1.20.1forge.jar,False
mcwfurnitures,mcwfurnitures:green_couch,green_couch,mcw-furniture-3.4.1-mc1.20.1forge.jar,False
mcwfurnitures,mcwfurnitures:jungle_bookshelf,jungle_bookshelf,mcw-furniture-3.4.1-mc1.20.1forge.jar,True
mcwfurnitures,mcwfurnitures:jungle_bookshelf_cupboard,jungle_bookshelf_cupboard,mcw-furniture-3.4.1-mc1.20.1forge.jar,True
mcwfurnitures,mcwfurnitures:jungle_bookshelf_drawer,jungle_bookshelf_drawer,mcw-furniture-3.4.1-mc1.20.1forge.jar,True
mcwfurnitures,mcwfurnitures:jungle_chair,jungle_chair,mcw-furniture-3.4.1-mc1.20.1forge.jar,False
mcwfurnitures,mcwfurnitures:jungle_coffee_table,jungle_coffee_table,mcw-furniture-3.4.1-mc1.20.1forge.jar,True
mcwfurnitures,mcwfurnitures:jungle_counter,jungle_counter,mcw-furniture-3.4.1-mc1.20.1forge.jar,True
mcwfurnitures,mcwfurnitures:jungle_covered_desk,jungle_covered_desk,mcw-furniture-3.4.1-mc1.20.1forge.jar,True
mcwfurnitures,mcwfurnitures:jungle_cupboard_counter,jungle_cupboard_counter,mcw-furniture-3.4.1-mc1.20.1forge.jar,True
mcwfurnitures,mcwfurnitures:jungle_desk,jungle_desk,mcw-furniture-3.4.1-mc1.20.1forge.jar,True
mcwfurnitures,mcwfurnitures:jungle_double_drawer,jungle_double_drawer,mcw-furniture-3.4.1-mc1.20.1forge.jar,True
mcwfurnitures,mcwfurnitures:jungle_double_drawer_counter,jungle_double_drawer_counter,mcw-furniture-3.4.1-mc1.20.1forge.jar,True
mcwfurnitures,mcwfurnitures:jungle_double_kitchen_cabinet,jungle_double_kitchen_cabinet,mcw-furniture-3.4.1-mc1.20.1forge.jar,True
mcwfurnitures,mcwfurnitures:jungle_double_wardrobe,jungle_double_wardrobe,mcw-furniture-3.4.1-mc1.20.1forge.jar,True
mcwfurnitures,mcwfurnitures:jungle_drawer,jungle_drawer,mcw-furniture-3.4.1-mc1.20.1forge.jar,True
mcwfurnitures,mcwfurnitures:jungle_drawer_counter,jungle_drawer_counter,mcw-furniture-3.4.1-mc1.20.1forge.jar,True
mcwfurnitures,mcwfurnitures:jungle_end_table,jungle_end_table,mcw-furniture-3.4.1-mc1.20.1forge.jar,True
mcwfurnitures,mcwfurnitures:jungle_glass_kitchen_cabinet,jungle_glass_kitchen_cabinet,mcw-furniture-3.4.1-mc1.20.1forge.jar,True
mcwfurnitures,mcwfurnitures:jungle_glass_table,jungle_glass_table,mcw-furniture-3.4.1-mc1.20.1forge.jar,True
mcwfurnitures,mcwfurnitures:jungle_kitchen_cabinet,jungle_kitchen_cabinet,mcw-furniture-3.4.1-mc1.20.1forge.jar,True
mcwfurnitures,mcwfurnitures:jungle_kitchen_sink,jungle_kitchen_sink,mcw-furniture-3.4.1-mc1.20.1forge.jar,False
mcwfurnitures,mcwfurnitures:jungle_large_drawer,jungle_large_drawer,mcw-furniture-3.4.1-mc1.20.1forge.jar,True
mcwfurnitures,mcwfurnitures:jungle_lower_bookshelf_drawer,jungle_lower_bookshelf_drawer,mcw-furniture-3.4.1-mc1.20.1forge.jar,True
mcwfurnitures,mcwfurnitures:jungle_lower_triple_drawer,jungle_lower_triple_drawer,mcw-furniture-3.4.1-mc1.20.1forge.jar,True
mcwfurnitures,mcwfurnitures:jungle_modern_chair,jungle_modern_chair,mcw-furniture-3.4.1-mc1.20.1forge.jar,False
mcwfurnitures,mcwfurnitures:jungle_modern_desk,jungle_modern_desk,mcw-furniture-3.4.1-mc1.20.1forge.jar,True
mcwfurnitures,mcwfurnitures:jungle_modern_wardrobe,jungle_modern_wardrobe,mcw-furniture-3.4.1-mc1.20.1forge.jar,True
mcwfurnitures,mcwfurnitures:jungle_stool_chair,jungle_stool_chair,mcw-furniture-3.4.1-mc1.20.1forge.jar,False
mcwfurnitures,mcwfurnitures:jungle_striped_chair,jungle_striped_chair,mcw-furniture-3.4.1-mc1.20.1forge.jar,False
mcwfurnitures,mcwfurnitures:jungle_table,jungle_table,mcw-furniture-3.4.1-mc1.20.1forge.jar,True
mcwfurnitures,mcwfurnitures:jungle_triple_drawer,jungle_triple_drawer,mcw-furniture-3.4.1-mc1.20.1forge.jar,True
mcwfurnitures,mcwfurnitures:jungle_wardrobe,jungle_wardrobe,mcw-furniture-3.4.1-mc1.20.1forge.jar,True
mcwfurnitures,mcwfurnitures:light_blue_chaise,light_blue_chaise,mcw-furniture-3.4.1-mc1.20.1forge.jar,False
mcwfurnitures,mcwfurnitures:light_blue_couch,light_blue_couch,mcw-furniture-3.4.1-mc1.20.1forge.jar,False
mcwfurnitures,mcwfurnitures:light_gray_chaise,light_gray_chaise,mcw-furniture-3.4.1-mc1.20.1forge.jar,False
mcwfurnitures,mcwfurnitures:light_gray_couch,light_gray_couch,mcw-furniture-3.4.1-mc1.20.1forge.jar,False
mcwfurnitures,mcwfurnitures:lime_chaise,lime_chaise,mcw-furniture-3.4.1-mc1.20.1forge.jar,False
mcwfurnitures,mcwfurnitures:lime_couch,lime_couch,mcw-furniture-3.4.1-mc1.20.1forge.jar,False
mcwfurnitures,mcwfurnitures:magenta_chaise,magenta_chaise,mcw-furniture-3.4.1-mc1.20.1forge.jar,False
mcwfurnitures,mcwfurnitures:magenta_couch,magenta_couch,mcw-furniture-3.4.1-mc1.20.1forge.jar,False
mcwfurnitures,mcwfurnitures:mangrove_bookshelf,mangrove_bookshelf,mcw-furniture-3.4.1-mc1.20.1forge.jar,True
mcwfurnitures,mcwfurnitures:mangrove_bookshelf_cupboard,mangrove_bookshelf_cupboard,mcw-furniture-3.4.1-mc1.20.1forge.jar,True
mcwfurnitures,mcwfurnitures:mangrove_bookshelf_drawer,mangrove_bookshelf_drawer,mcw-furniture-3.4.1-mc1.20.1forge.jar,True
mcwfurnitures,mcwfurnitures:mangrove_chair,mangrove_chair,mcw-furniture-3.4.1-mc1.20.1forge.jar,False
mcwfurnitures,mcwfurnitures:mangrove_coffee_table,mangrove_coffee_table,mcw-furniture-3.4.1-mc1.20.1forge.jar,True
mcwfurnitures,mcwfurnitures:mangrove_counter,mangrove_counter,mcw-furniture-3.4.1-mc1.20.1forge.jar,True
mcwfurnitures,mcwfurnitures:mangrove_covered_desk,mangrove_covered_desk,mcw-furniture-3.4.1-mc1.20.1forge.jar,True
mcwfurnitures,mcwfurnitures:mangrove_cupboard_counter,mangrove_cupboard_counter,mcw-furniture-3.4.1-mc1.20.1forge.jar,True
mcwfurnitures,mcwfurnitures:mangrove_desk,mangrove_desk,mcw-furniture-3.4.1-mc1.20.1forge.jar,True
mcwfurnitures,mcwfurnitures:mangrove_double_drawer,mangrove_double_drawer,mcw-furniture-3.4.1-mc1.20.1forge.jar,True
mcwfurnitures,mcwfurnitures:mangrove_double_drawer_counter,mangrove_double_drawer_counter,mcw-furniture-3.4.1-mc1.20.1forge.jar,True
mcwfurnitures,mcwfurnitures:mangrove_double_kitchen_cabinet,mangrove_double_kitchen_cabinet,mcw-furniture-3.4.1-mc1.20.1forge.jar,True
mcwfurnitures,mcwfurnitures:mangrove_double_wardrobe,mangrove_double_wardrobe,mcw-furniture-3.4.1-mc1.20.1forge.jar,True
mcwfurnitures,mcwfurnitures:mangrove_drawer,mangrove_drawer,mcw-furniture-3.4.1-mc1.20.1forge.jar,True
mcwfurnitures,mcwfurnitures:mangrove_drawer_counter,mangrove_drawer_counter,mcw-furniture-3.4.1-mc1.20.1forge.jar,True
mcwfurnitures,mcwfurnitures:mangrove_end_table,mangrove_end_table,mcw-furniture-3.4.1-mc1.20.1forge.jar,True
mcwfurnitures,mcwfurnitures:mangrove_glass_kitchen_cabinet,mangrove_glass_kitchen_cabinet,mcw-furniture-3.4.1-mc1.20.1forge.jar,True
mcwfurnitures,mcwfurnitures:mangrove_glass_table,mangrove_glass_table,mcw-furniture-3.4.1-mc1.20.1forge.jar,True
mcwfurnitures,mcwfurnitures:mangrove_kitchen_cabinet,mangrove_kitchen_cabinet,mcw-furniture-3.4.1-mc1.20.1forge.jar,True
mcwfurnitures,mcwfurnitures:mangrove_kitchen_sink,mangrove_kitchen_sink,mcw-furniture-3.4.1-mc1.20.1forge.jar,False
mcwfurnitures,mcwfurnitures:mangrove_large_drawer,mangrove_large_drawer,mcw-furniture-3.4.1-mc1.20.1forge.jar,True
mcwfurnitures,mcwfurnitures:mangrove_lower_bookshelf_drawer,mangrove_lower_bookshelf_drawer,mcw-furniture-3.4.1-mc1.20.1forge.jar,True
mcwfurnitures,mcwfurnitures:mangrove_lower_triple_drawer,mangrove_lower_triple_drawer,mcw-furniture-3.4.1-mc1.20.1forge.jar,True
mcwfurnitures,mcwfurnitures:mangrove_modern_chair,mangrove_modern_chair,mcw-furniture-3.4.1-mc1.20.1forge.jar,False
mcwfurnitures,mcwfurnitures:mangrove_modern_desk,mangrove_modern_desk,mcw-furniture-3.4.1-mc1.20.1forge.jar,True
mcwfurnitures,mcwfurnitures:mangrove_modern_wardrobe,mangrove_modern_wardrobe,mcw-furniture-3.4.1-mc1.20.1forge.jar,True
mcwfurnitures,mcwfurnitures:mangrove_stool_chair,mangrove_stool_chair,mcw-furniture-3.4.1-mc1.20.1forge.jar,False
mcwfurnitures,mcwfurnitures:mangrove_striped_chair,mangrove_striped_chair,mcw-furniture-3.4.1-mc1.20.1forge.jar,False
mcwfurnitures,mcwfurnitures:mangrove_table,mangrove_table,mcw-furniture-3.4.1-mc1.20.1forge.jar,True
mcwfurnitures,mcwfurnitures:mangrove_triple_drawer,mangrove_triple_drawer,mcw-furniture-3.4.1-mc1.20.1forge.jar,True
mcwfurnitures,mcwfurnitures:mangrove_wardrobe,mangrove_wardrobe,mcw-furniture-3.4.1-mc1.20.1forge.jar,True
mcwfurnitures,mcwfurnitures:oak_bookshelf,oak_bookshelf,mcw-furniture-3.4.1-mc1.20.1forge.jar,True
mcwfurnitures,mcwfurnitures:oak_bookshelf_cupboard,oak_bookshelf_cupboard,mcw-furniture-3.4.1-mc1.20.1forge.jar,True
mcwfurnitures,mcwfurnitures:oak_bookshelf_drawer,oak_bookshelf_drawer,mcw-furniture-3.4.1-mc1.20.1forge.jar,True
mcwfurnitures,mcwfurnitures:oak_chair,oak_chair,mcw-furniture-3.4.1-mc1.20.1forge.jar,False
mcwfurnitures,mcwfurnitures:oak_coffee_table,oak_coffee_table,mcw-furniture-3.4.1-mc1.20.1forge.jar,True
mcwfurnitures,mcwfurnitures:oak_counter,oak_counter,mcw-furniture-3.4.1-mc1.20.1forge.jar,True
mcwfurnitures,mcwfurnitures:oak_covered_desk,oak_covered_desk,mcw-furniture-3.4.1-mc1.20.1forge.jar,True
mcwfurnitures,mcwfurnitures:oak_cupboard_counter,oak_cupboard_counter,mcw-furniture-3.4.1-mc1.20.1forge.jar,True
mcwfurnitures,mcwfurnitures:oak_desk,oak_desk,mcw-furniture-3.4.1-mc1.20.1forge.jar,True
mcwfurnitures,mcwfurnitures:oak_double_drawer,oak_double_drawer,mcw-furniture-3.4.1-mc1.20.1forge.jar,True
mcwfurnitures,mcwfurnitures:oak_double_drawer_counter,oak_double_drawer_counter,mcw-furniture-3.4.1-mc1.20.1forge.jar,True
mcwfurnitures,mcwfurnitures:oak_double_kitchen_cabinet,oak_double_kitchen_cabinet,mcw-furniture-3.4.1-mc1.20.1forge.jar,True
mcwfurnitures,mcwfurnitures:oak_double_wardrobe,oak_double_wardrobe,mcw-furniture-3.4.1-mc1.20.1forge.jar,True
mcwfurnitures,mcwfurnitures:oak_drawer,oak_drawer,mcw-furniture-3.4.1-mc1.20.1forge.jar,True
mcwfurnitures,mcwfurnitures:oak_drawer_counter,oak_drawer_counter,mcw-furniture-3.4.1-mc1.20.1forge.jar,True
mcwfurnitures,mcwfurnitures:oak_end_table,oak_end_table,mcw-furniture-3.4.1-mc1.20.1forge.jar,True
mcwfurnitures,mcwfurnitures:oak_glass_kitchen_cabinet,oak_glass_kitchen_cabinet,mcw-furniture-3.4.1-mc1.20.1forge.jar,True
mcwfurnitures,mcwfurnitures:oak_glass_table,oak_glass_table,mcw-furniture-3.4.1-mc1.20.1forge.jar,True
mcwfurnitures,mcwfurnitures:oak_kitchen_cabinet,oak_kitchen_cabinet,mcw-furniture-3.4.1-mc1.20.1forge.jar,True
mcwfurnitures,mcwfurnitures:oak_kitchen_sink,oak_kitchen_sink,mcw-furniture-3.4.1-mc1.20.1forge.jar,False
mcwfurnitures,mcwfurnitures:oak_large_drawer,oak_large_drawer,mcw-furniture-3.4.1-mc1.20.1forge.jar,True
mcwfurnitures,mcwfurnitures:oak_lower_bookshelf_drawer,oak_lower_bookshelf_drawer,mcw-furniture-3.4.1-mc1.20.1forge.jar,True
mcwfurnitures,mcwfurnitures:oak_lower_triple_drawer,oak_lower_triple_drawer,mcw-furniture-3.4.1-mc1.20.1forge.jar,True
mcwfurnitures,mcwfurnitures:oak_modern_chair,oak_modern_chair,mcw-furniture-3.4.1-mc1.20.1forge.jar,False
mcwfurnitures,mcwfurnitures:oak_modern_desk,oak_modern_desk,mcw-furniture-3.4.1-mc1.20.1forge.jar,True
mcwfurnitures,mcwfurnitures:oak_modern_wardrobe,oak_modern_wardrobe,mcw-furniture-3.4.1-mc1.20.1forge.jar,True
mcwfurnitures,mcwfurnitures:oak_stool_chair,oak_stool_chair,mcw-furniture-3.4.1-mc1.20.1forge.jar,False
mcwfurnitures,mcwfurnitures:oak_striped_chair,oak_striped_chair,mcw-furniture-3.4.1-mc1.20.1forge.jar,False
mcwfurnitures,mcwfurnitures:oak_table,oak_table,mcw-furniture-3.4.1-mc1.20.1forge.jar,True
mcwfurnitures,mcwfurnitures:oak_triple_drawer,oak_triple_drawer,mcw-furniture-3.4.1-mc1.20.1forge.jar,True
mcwfurnitures,mcwfurnitures:oak_wardrobe,oak_wardrobe,mcw-furniture-3.4.1-mc1.20.1forge.jar,True
mcwfurnitures,mcwfurnitures:orange_chaise,orange_chaise,mcw-furniture-3.4.1-mc1.20.1forge.jar,False
mcwfurnitures,mcwfurnitures:orange_couch,orange_couch,mcw-furniture-3.4.1-mc1.20.1forge.jar,False
mcwfurnitures,mcwfurnitures:pink_chaise,pink_chaise,mcw-furniture-3.4.1-mc1.20.1forge.jar,False
mcwfurnitures,mcwfurnitures:pink_couch,pink_couch,mcw-furniture-3.4.1-mc1.20.1forge.jar,False
mcwfurnitures,mcwfurnitures:purple_chaise,purple_chaise,mcw-furniture-3.4.1-mc1.20.1forge.jar,False
mcwfurnitures,mcwfurnitures:purple_couch,purple_couch,mcw-furniture-3.4.1-mc1.20.1forge.jar,False
mcwfurnitures,mcwfurnitures:red_chaise,red_chaise,mcw-furniture-3.4.1-mc1.20.1forge.jar,False
mcwfurnitures,mcwfurnitures:red_couch,red_couch,mcw-furniture-3.4.1-mc1.20.1forge.jar,False
mcwfurnitures,mcwfurnitures:spruce_bookshelf,spruce_bookshelf,mcw-furniture-3.4.1-mc1.20.1forge.jar,True
mcwfurnitures,mcwfurnitures:spruce_bookshelf_cupboard,spruce_bookshelf_cupboard,mcw-furniture-3.4.1-mc1.20.1forge.jar,True
mcwfurnitures,mcwfurnitures:spruce_bookshelf_drawer,spruce_bookshelf_drawer,mcw-furniture-3.4.1-mc1.20.1forge.jar,True
mcwfurnitures,mcwfurnitures:spruce_chair,spruce_chair,mcw-furniture-3.4.1-mc1.20.1forge.jar,False
mcwfurnitures,mcwfurnitures:spruce_coffee_table,spruce_coffee_table,mcw-furniture-3.4.1-mc1.20.1forge.jar,True
mcwfurnitures,mcwfurnitures:spruce_counter,spruce_counter,mcw-furniture-3.4.1-mc1.20.1forge.jar,True
mcwfurnitures,mcwfurnitures:spruce_covered_desk,spruce_covered_desk,mcw-furniture-3.4.1-mc1.20.1forge.jar,True
mcwfurnitures,mcwfurnitures:spruce_cupboard_counter,spruce_cupboard_counter,mcw-furniture-3.4.1-mc1.20.1forge.jar,True
mcwfurnitures,mcwfurnitures:spruce_desk,spruce_desk,mcw-furniture-3.4.1-mc1.20.1forge.jar,True
mcwfurnitures,mcwfurnitures:spruce_double_drawer,spruce_double_drawer,mcw-furniture-3.4.1-mc1.20.1forge.jar,True
mcwfurnitures,mcwfurnitures:spruce_double_drawer_counter,spruce_double_drawer_counter,mcw-furniture-3.4.1-mc1.20.1forge.jar,True
mcwfurnitures,mcwfurnitures:spruce_double_kitchen_cabinet,spruce_double_kitchen_cabinet,mcw-furniture-3.4.1-mc1.20.1forge.jar,True
mcwfurnitures,mcwfurnitures:spruce_double_wardrobe,spruce_double_wardrobe,mcw-furniture-3.4.1-mc1.20.1forge.jar,True
mcwfurnitures,mcwfurnitures:spruce_drawer,spruce_drawer,mcw-furniture-3.4.1-mc1.20.1forge.jar,True
mcwfurnitures,mcwfurnitures:spruce_drawer_counter,spruce_drawer_counter,mcw-furniture-3.4.1-mc1.20.1forge.jar,True
mcwfurnitures,mcwfurnitures:spruce_end_table,spruce_end_table,mcw-furniture-3.4.1-mc1.20.1forge.jar,True
mcwfurnitures,mcwfurnitures:spruce_glass_kitchen_cabinet,spruce_glass_kitchen_cabinet,mcw-furniture-3.4.1-mc1.20.1forge.jar,True
mcwfurnitures,mcwfurnitures:spruce_glass_table,spruce_glass_table,mcw-furniture-3.4.1-mc1.20.1forge.jar,True
mcwfurnitures,mcwfurnitures:spruce_kitchen_cabinet,spruce_kitchen_cabinet,mcw-furniture-3.4.1-mc1.20.1forge.jar,True
mcwfurnitures,mcwfurnitures:spruce_kitchen_sink,spruce_kitchen_sink,mcw-furniture-3.4.1-mc1.20.1forge.jar,False
mcwfurnitures,mcwfurnitures:spruce_large_drawer,spruce_large_drawer,mcw-furniture-3.4.1-mc1.20.1forge.jar,True
mcwfurnitures,mcwfurnitures:spruce_lower_bookshelf_drawer,spruce_lower_bookshelf_drawer,mcw-furniture-3.4.1-mc1.20.1forge.jar,True
mcwfurnitures,mcwfurnitures:spruce_lower_triple_drawer,spruce_lower_triple_drawer,mcw-furniture-3.4.1-mc1.20.1forge.jar,True
mcwfurnitures,mcwfurnitures:spruce_modern_chair,spruce_modern_chair,mcw-furniture-3.4.1-mc1.20.1forge.jar,False
mcwfurnitures,mcwfurnitures:spruce_modern_desk,spruce_modern_desk,mcw-furniture-3.4.1-mc1.20.1forge.jar,True
mcwfurnitures,mcwfurnitures:spruce_modern_wardrobe,spruce_modern_wardrobe,mcw-furniture-3.4.1-mc1.20.1forge.jar,True
mcwfurnitures,mcwfurnitures:spruce_stool_chair,spruce_stool_chair,mcw-furniture-3.4.1-mc1.20.1forge.jar,False
mcwfurnitures,mcwfurnitures:spruce_striped_chair,spruce_striped_chair,mcw-furniture-3.4.1-mc1.20.1forge.jar,False
mcwfurnitures,mcwfurnitures:spruce_table,spruce_table,mcw-furniture-3.4.1-mc1.20.1forge.jar,True
mcwfurnitures,mcwfurnitures:spruce_triple_drawer,spruce_triple_drawer,mcw-furniture-3.4.1-mc1.20.1forge.jar,True
mcwfurnitures,mcwfurnitures:spruce_wardrobe,spruce_wardrobe,mcw-furniture-3.4.1-mc1.20.1forge.jar,True
mcwfurnitures,mcwfurnitures:stripped_acacia_bookshelf,stripped_acacia_bookshelf,mcw-furniture-3.4.1-mc1.20.1forge.jar,True
mcwfurnitures,mcwfurnitures:stripped_acacia_bookshelf_cupboard,stripped_acacia_bookshelf_cupboard,mcw-furniture-3.4.1-mc1.20.1forge.jar,True
mcwfurnitures,mcwfurnitures:stripped_acacia_bookshelf_drawer,stripped_acacia_bookshelf_drawer,mcw-furniture-3.4.1-mc1.20.1forge.jar,True
mcwfurnitures,mcwfurnitures:stripped_acacia_chair,stripped_acacia_chair,mcw-furniture-3.4.1-mc1.20.1forge.jar,False
mcwfurnitures,mcwfurnitures:stripped_acacia_coffee_table,stripped_acacia_coffee_table,mcw-furniture-3.4.1-mc1.20.1forge.jar,True
mcwfurnitures,mcwfurnitures:stripped_acacia_counter,stripped_acacia_counter,mcw-furniture-3.4.1-mc1.20.1forge.jar,True
mcwfurnitures,mcwfurnitures:stripped_acacia_covered_desk,stripped_acacia_covered_desk,mcw-furniture-3.4.1-mc1.20.1forge.jar,True
mcwfurnitures,mcwfurnitures:stripped_acacia_cupboard_counter,stripped_acacia_cupboard_counter,mcw-furniture-3.4.1-mc1.20.1forge.jar,True
mcwfurnitures,mcwfurnitures:stripped_acacia_desk,stripped_acacia_desk,mcw-furniture-3.4.1-mc1.20.1forge.jar,True
mcwfurnitures,mcwfurnitures:stripped_acacia_double_drawer,stripped_acacia_double_drawer,mcw-furniture-3.4.1-mc1.20.1forge.jar,True
mcwfurnitures,mcwfurnitures:stripped_acacia_double_drawer_counter,stripped_acacia_double_drawer_counter,mcw-furniture-3.4.1-mc1.20.1forge.jar,True
mcwfurnitures,mcwfurnitures:stripped_acacia_double_kitchen_cabinet,stripped_acacia_double_kitchen_cabinet,mcw-furniture-3.4.1-mc1.20.1forge.jar,True
mcwfurnitures,mcwfurnitures:stripped_acacia_double_wardrobe,stripped_acacia_double_wardrobe,mcw-furniture-3.4.1-mc1.20.1forge.jar,True
mcwfurnitures,mcwfurnitures:stripped_acacia_drawer,stripped_acacia_drawer,mcw-furniture-3.4.1-mc1.20.1forge.jar,True
mcwfurnitures,mcwfurnitures:stripped_acacia_drawer_counter,stripped_acacia_drawer_counter,mcw-furniture-3.4.1-mc1.20.1forge.jar,True
mcwfurnitures,mcwfurnitures:stripped_acacia_end_table,stripped_acacia_end_table,mcw-furniture-3.4.1-mc1.20.1forge.jar,True
mcwfurnitures,mcwfurnitures:stripped_acacia_glass_kitchen_cabinet,stripped_acacia_glass_kitchen_cabinet,mcw-furniture-3.4.1-mc1.20.1forge.jar,True
mcwfurnitures,mcwfurnitures:stripped_acacia_glass_table,stripped_acacia_glass_table,mcw-furniture-3.4.1-mc1.20.1forge.jar,True
mcwfurnitures,mcwfurnitures:stripped_acacia_kitchen_cabinet,stripped_acacia_kitchen_cabinet,mcw-furniture-3.4.1-mc1.20.1forge.jar,True
mcwfurnitures,mcwfurnitures:stripped_acacia_kitchen_sink,stripped_acacia_kitchen_sink,mcw-furniture-3.4.1-mc1.20.1forge.jar,False
mcwfurnitures,mcwfurnitures:stripped_acacia_large_drawer,stripped_acacia_large_drawer,mcw-furniture-3.4.1-mc1.20.1forge.jar,True
mcwfurnitures,mcwfurnitures:stripped_acacia_lower_bookshelf_drawer,stripped_acacia_lower_bookshelf_drawer,mcw-furniture-3.4.1-mc1.20.1forge.jar,True
mcwfurnitures,mcwfurnitures:stripped_acacia_lower_triple_drawer,stripped_acacia_lower_triple_drawer,mcw-furniture-3.4.1-mc1.20.1forge.jar,True
mcwfurnitures,mcwfurnitures:stripped_acacia_modern_chair,stripped_acacia_modern_chair,mcw-furniture-3.4.1-mc1.20.1forge.jar,False
mcwfurnitures,mcwfurnitures:stripped_acacia_modern_desk,stripped_acacia_modern_desk,mcw-furniture-3.4.1-mc1.20.1forge.jar,True
mcwfurnitures,mcwfurnitures:stripped_acacia_modern_wardrobe,stripped_acacia_modern_wardrobe,mcw-furniture-3.4.1-mc1.20.1forge.jar,True
mcwfurnitures,mcwfurnitures:stripped_acacia_stool_chair,stripped_acacia_stool_chair,mcw-furniture-3.4.1-mc1.20.1forge.jar,False
mcwfurnitures,mcwfurnitures:stripped_acacia_striped_chair,stripped_acacia_striped_chair,mcw-furniture-3.4.1-mc1.20.1forge.jar,False
mcwfurnitures,mcwfurnitures:stripped_acacia_table,stripped_acacia_table,mcw-furniture-3.4.1-mc1.20.1forge.jar,True
mcwfurnitures,mcwfurnitures:stripped_acacia_triple_drawer,stripped_acacia_triple_drawer,mcw-furniture-3.4.1-mc1.20.1forge.jar,True
mcwfurnitures,mcwfurnitures:stripped_acacia_wardrobe,stripped_acacia_wardrobe,mcw-furniture-3.4.1-mc1.20.1forge.jar,True
mcwfurnitures,mcwfurnitures:stripped_birch_bookshelf,stripped_birch_bookshelf,mcw-furniture-3.4.1-mc1.20.1forge.jar,True
mcwfurnitures,mcwfurnitures:stripped_birch_bookshelf_cupboard,stripped_birch_bookshelf_cupboard,mcw-furniture-3.4.1-mc1.20.1forge.jar,True
mcwfurnitures,mcwfurnitures:stripped_birch_bookshelf_drawer,stripped_birch_bookshelf_drawer,mcw-furniture-3.4.1-mc1.20.1forge.jar,True
mcwfurnitures,mcwfurnitures:stripped_birch_chair,stripped_birch_chair,mcw-furniture-3.4.1-mc1.20.1forge.jar,False
mcwfurnitures,mcwfurnitures:stripped_birch_coffee_table,stripped_birch_coffee_table,mcw-furniture-3.4.1-mc1.20.1forge.jar,True
mcwfurnitures,mcwfurnitures:stripped_birch_counter,stripped_birch_counter,mcw-furniture-3.4.1-mc1.20.1forge.jar,True
mcwfurnitures,mcwfurnitures:stripped_birch_covered_desk,stripped_birch_covered_desk,mcw-furniture-3.4.1-mc1.20.1forge.jar,True
mcwfurnitures,mcwfurnitures:stripped_birch_cupboard_counter,stripped_birch_cupboard_counter,mcw-furniture-3.4.1-mc1.20.1forge.jar,True
mcwfurnitures,mcwfurnitures:stripped_birch_desk,stripped_birch_desk,mcw-furniture-3.4.1-mc1.20.1forge.jar,True
mcwfurnitures,mcwfurnitures:stripped_birch_double_drawer,stripped_birch_double_drawer,mcw-furniture-3.4.1-mc1.20.1forge.jar,True
mcwfurnitures,mcwfurnitures:stripped_birch_double_drawer_counter,stripped_birch_double_drawer_counter,mcw-furniture-3.4.1-mc1.20.1forge.jar,True
mcwfurnitures,mcwfurnitures:stripped_birch_double_kitchen_cabinet,stripped_birch_double_kitchen_cabinet,mcw-furniture-3.4.1-mc1.20.1forge.jar,True
mcwfurnitures,mcwfurnitures:stripped_birch_double_wardrobe,stripped_birch_double_wardrobe,mcw-furniture-3.4.1-mc1.20.1forge.jar,True
mcwfurnitures,mcwfurnitures:stripped_birch_drawer,stripped_birch_drawer,mcw-furniture-3.4.1-mc1.20.1forge.jar,True
mcwfurnitures,mcwfurnitures:stripped_birch_drawer_counter,stripped_birch_drawer_counter,mcw-furniture-3.4.1-mc1.20.1forge.jar,True
mcwfurnitures,mcwfurnitures:stripped_birch_end_table,stripped_birch_end_table,mcw-furniture-3.4.1-mc1.20.1forge.jar,True
mcwfurnitures,mcwfurnitures:stripped_birch_glass_kitchen_cabinet,stripped_birch_glass_kitchen_cabinet,mcw-furniture-3.4.1-mc1.20.1forge.jar,True
mcwfurnitures,mcwfurnitures:stripped_birch_glass_table,stripped_birch_glass_table,mcw-furniture-3.4.1-mc1.20.1forge.jar,True
mcwfurnitures,mcwfurnitures:stripped_birch_kitchen_cabinet,stripped_birch_kitchen_cabinet,mcw-furniture-3.4.1-mc1.20.1forge.jar,True
mcwfurnitures,mcwfurnitures:stripped_birch_kitchen_sink,stripped_birch_kitchen_sink,mcw-furniture-3.4.1-mc1.20.1forge.jar,False
mcwfurnitures,mcwfurnitures:stripped_birch_large_drawer,stripped_birch_large_drawer,mcw-furniture-3.4.1-mc1.20.1forge.jar,True
mcwfurnitures,mcwfurnitures:stripped_birch_lower_bookshelf_drawer,stripped_birch_lower_bookshelf_drawer,mcw-furniture-3.4.1-mc1.20.1forge.jar,True
mcwfurnitures,mcwfurnitures:stripped_birch_lower_triple_drawer,stripped_birch_lower_triple_drawer,mcw-furniture-3.4.1-mc1.20.1forge.jar,True
mcwfurnitures,mcwfurnitures:stripped_birch_modern_chair,stripped_birch_modern_chair,mcw-furniture-3.4.1-mc1.20.1forge.jar,False
mcwfurnitures,mcwfurnitures:stripped_birch_modern_desk,stripped_birch_modern_desk,mcw-furniture-3.4.1-mc1.20.1forge.jar,True
mcwfurnitures,mcwfurnitures:stripped_birch_modern_wardrobe,stripped_birch_modern_wardrobe,mcw-furniture-3.4.1-mc1.20.1forge.jar,True
mcwfurnitures,mcwfurnitures:stripped_birch_stool_chair,stripped_birch_stool_chair,mcw-furniture-3.4.1-mc1.20.1forge.jar,False
mcwfurnitures,mcwfurnitures:stripped_birch_striped_chair,stripped_birch_striped_chair,mcw-furniture-3.4.1-mc1.20.1forge.jar,False
mcwfurnitures,mcwfurnitures:stripped_birch_table,stripped_birch_table,mcw-furniture-3.4.1-mc1.20.1forge.jar,True
mcwfurnitures,mcwfurnitures:stripped_birch_triple_drawer,stripped_birch_triple_drawer,mcw-furniture-3.4.1-mc1.20.1forge.jar,True
mcwfurnitures,mcwfurnitures:stripped_birch_wardrobe,stripped_birch_wardrobe,mcw-furniture-3.4.1-mc1.20.1forge.jar,True
mcwfurnitures,mcwfurnitures:stripped_cherry_bookshelf,stripped_cherry_bookshelf,mcw-furniture-3.4.1-mc1.20.1forge.jar,True
mcwfurnitures,mcwfurnitures:stripped_cherry_bookshelf_cupboard,stripped_cherry_bookshelf_cupboard,mcw-furniture-3.4.1-mc1.20.1forge.jar,True
mcwfurnitures,mcwfurnitures:stripped_cherry_bookshelf_drawer,stripped_cherry_bookshelf_drawer,mcw-furniture-3.4.1-mc1.20.1forge.jar,True
mcwfurnitures,mcwfurnitures:stripped_cherry_chair,stripped_cherry_chair,mcw-furniture-3.4.1-mc1.20.1forge.jar,False
mcwfurnitures,mcwfurnitures:stripped_cherry_coffee_table,stripped_cherry_coffee_table,mcw-furniture-3.4.1-mc1.20.1forge.jar,True
mcwfurnitures,mcwfurnitures:stripped_cherry_counter,stripped_cherry_counter,mcw-furniture-3.4.1-mc1.20.1forge.jar,True
mcwfurnitures,mcwfurnitures:stripped_cherry_covered_desk,stripped_cherry_covered_desk,mcw-furniture-3.4.1-mc1.20.1forge.jar,True
mcwfurnitures,mcwfurnitures:stripped_cherry_cupboard_counter,stripped_cherry_cupboard_counter,mcw-furniture-3.4.1-mc1.20.1forge.jar,True
mcwfurnitures,mcwfurnitures:stripped_cherry_desk,stripped_cherry_desk,mcw-furniture-3.4.1-mc1.20.1forge.jar,True
mcwfurnitures,mcwfurnitures:stripped_cherry_double_drawer,stripped_cherry_double_drawer,mcw-furniture-3.4.1-mc1.20.1forge.jar,True
mcwfurnitures,mcwfurnitures:stripped_cherry_double_drawer_counter,stripped_cherry_double_drawer_counter,mcw-furniture-3.4.1-mc1.20.1forge.jar,True
mcwfurnitures,mcwfurnitures:stripped_cherry_double_kitchen_cabinet,stripped_cherry_double_kitchen_cabinet,mcw-furniture-3.4.1-mc1.20.1forge.jar,True
mcwfurnitures,mcwfurnitures:stripped_cherry_double_wardrobe,stripped_cherry_double_wardrobe,mcw-furniture-3.4.1-mc1.20.1forge.jar,True
mcwfurnitures,mcwfurnitures:stripped_cherry_drawer,stripped_cherry_drawer,mcw-furniture-3.4.1-mc1.20.1forge.jar,True
mcwfurnitures,mcwfurnitures:stripped_cherry_drawer_counter,stripped_cherry_drawer_counter,mcw-furniture-3.4.1-mc1.20.1forge.jar,True
mcwfurnitures,mcwfurnitures:stripped_cherry_end_table,stripped_cherry_end_table,mcw-furniture-3.4.1-mc1.20.1forge.jar,True
mcwfurnitures,mcwfurnitures:stripped_cherry_glass_kitchen_cabinet,stripped_cherry_glass_kitchen_cabinet,mcw-furniture-3.4.1-mc1.20.1forge.jar,True
mcwfurnitures,mcwfurnitures:stripped_cherry_glass_table,stripped_cherry_glass_table,mcw-furniture-3.4.1-mc1.20.1forge.jar,True
mcwfurnitures,mcwfurnitures:stripped_cherry_kitchen_cabinet,stripped_cherry_kitchen_cabinet,mcw-furniture-3.4.1-mc1.20.1forge.jar,True
mcwfurnitures,mcwfurnitures:stripped_cherry_kitchen_sink,stripped_cherry_kitchen_sink,mcw-furniture-3.4.1-mc1.20.1forge.jar,False
mcwfurnitures,mcwfurnitures:stripped_cherry_large_drawer,stripped_cherry_large_drawer,mcw-furniture-3.4.1-mc1.20.1forge.jar,True
mcwfurnitures,mcwfurnitures:stripped_cherry_lower_bookshelf_drawer,stripped_cherry_lower_bookshelf_drawer,mcw-furniture-3.4.1-mc1.20.1forge.jar,True
mcwfurnitures,mcwfurnitures:stripped_cherry_lower_triple_drawer,stripped_cherry_lower_triple_drawer,mcw-furniture-3.4.1-mc1.20.1forge.jar,True
mcwfurnitures,mcwfurnitures:stripped_cherry_modern_chair,stripped_cherry_modern_chair,mcw-furniture-3.4.1-mc1.20.1forge.jar,False
mcwfurnitures,mcwfurnitures:stripped_cherry_modern_desk,stripped_cherry_modern_desk,mcw-furniture-3.4.1-mc1.20.1forge.jar,True
mcwfurnitures,mcwfurnitures:stripped_cherry_modern_wardrobe,stripped_cherry_modern_wardrobe,mcw-furniture-3.4.1-mc1.20.1forge.jar,True
mcwfurnitures,mcwfurnitures:stripped_cherry_stool_chair,stripped_cherry_stool_chair,mcw-furniture-3.4.1-mc1.20.1forge.jar,False
mcwfurnitures,mcwfurnitures:stripped_cherry_striped_chair,stripped_cherry_striped_chair,mcw-furniture-3.4.1-mc1.20.1forge.jar,False
mcwfurnitures,mcwfurnitures:stripped_cherry_table,stripped_cherry_table,mcw-furniture-3.4.1-mc1.20.1forge.jar,True
mcwfurnitures,mcwfurnitures:stripped_cherry_triple_drawer,stripped_cherry_triple_drawer,mcw-furniture-3.4.1-mc1.20.1forge.jar,True
mcwfurnitures,mcwfurnitures:stripped_cherry_wardrobe,stripped_cherry_wardrobe,mcw-furniture-3.4.1-mc1.20.1forge.jar,True
mcwfurnitures,mcwfurnitures:stripped_crimson_bookshelf,stripped_crimson_bookshelf,mcw-furniture-3.4.1-mc1.20.1forge.jar,True
mcwfurnitures,mcwfurnitures:stripped_crimson_bookshelf_cupboard,stripped_crimson_bookshelf_cupboard,mcw-furniture-3.4.1-mc1.20.1forge.jar,True
mcwfurnitures,mcwfurnitures:stripped_crimson_bookshelf_drawer,stripped_crimson_bookshelf_drawer,mcw-furniture-3.4.1-mc1.20.1forge.jar,True
mcwfurnitures,mcwfurnitures:stripped_crimson_chair,stripped_crimson_chair,mcw-furniture-3.4.1-mc1.20.1forge.jar,False
mcwfurnitures,mcwfurnitures:stripped_crimson_coffee_table,stripped_crimson_coffee_table,mcw-furniture-3.4.1-mc1.20.1forge.jar,True
mcwfurnitures,mcwfurnitures:stripped_crimson_counter,stripped_crimson_counter,mcw-furniture-3.4.1-mc1.20.1forge.jar,True
mcwfurnitures,mcwfurnitures:stripped_crimson_covered_desk,stripped_crimson_covered_desk,mcw-furniture-3.4.1-mc1.20.1forge.jar,True
mcwfurnitures,mcwfurnitures:stripped_crimson_cupboard_counter,stripped_crimson_cupboard_counter,mcw-furniture-3.4.1-mc1.20.1forge.jar,True
mcwfurnitures,mcwfurnitures:stripped_crimson_desk,stripped_crimson_desk,mcw-furniture-3.4.1-mc1.20.1forge.jar,True
mcwfurnitures,mcwfurnitures:stripped_crimson_double_drawer,stripped_crimson_double_drawer,mcw-furniture-3.4.1-mc1.20.1forge.jar,True
mcwfurnitures,mcwfurnitures:stripped_crimson_double_drawer_counter,stripped_crimson_double_drawer_counter,mcw-furniture-3.4.1-mc1.20.1forge.jar,True
mcwfurnitures,mcwfurnitures:stripped_crimson_double_kitchen_cabinet,stripped_crimson_double_kitchen_cabinet,mcw-furniture-3.4.1-mc1.20.1forge.jar,True
mcwfurnitures,mcwfurnitures:stripped_crimson_double_wardrobe,stripped_crimson_double_wardrobe,mcw-furniture-3.4.1-mc1.20.1forge.jar,True
mcwfurnitures,mcwfurnitures:stripped_crimson_drawer,stripped_crimson_drawer,mcw-furniture-3.4.1-mc1.20.1forge.jar,True
mcwfurnitures,mcwfurnitures:stripped_crimson_drawer_counter,stripped_crimson_drawer_counter,mcw-furniture-3.4.1-mc1.20.1forge.jar,True
mcwfurnitures,mcwfurnitures:stripped_crimson_end_table,stripped_crimson_end_table,mcw-furniture-3.4.1-mc1.20.1forge.jar,True
mcwfurnitures,mcwfurnitures:stripped_crimson_glass_kitchen_cabinet,stripped_crimson_glass_kitchen_cabinet,mcw-furniture-3.4.1-mc1.20.1forge.jar,True
mcwfurnitures,mcwfurnitures:stripped_crimson_glass_table,stripped_crimson_glass_table,mcw-furniture-3.4.1-mc1.20.1forge.jar,True
mcwfurnitures,mcwfurnitures:stripped_crimson_kitchen_cabinet,stripped_crimson_kitchen_cabinet,mcw-furniture-3.4.1-mc1.20.1forge.jar,True
mcwfurnitures,mcwfurnitures:stripped_crimson_kitchen_sink,stripped_crimson_kitchen_sink,mcw-furniture-3.4.1-mc1.20.1forge.jar,False
mcwfurnitures,mcwfurnitures:stripped_crimson_large_drawer,stripped_crimson_large_drawer,mcw-furniture-3.4.1-mc1.20.1forge.jar,True
mcwfurnitures,mcwfurnitures:stripped_crimson_lower_bookshelf_drawer,stripped_crimson_lower_bookshelf_drawer,mcw-furniture-3.4.1-mc1.20.1forge.jar,True
mcwfurnitures,mcwfurnitures:stripped_crimson_lower_triple_drawer,stripped_crimson_lower_triple_drawer,mcw-furniture-3.4.1-mc1.20.1forge.jar,True
mcwfurnitures,mcwfurnitures:stripped_crimson_modern_chair,stripped_crimson_modern_chair,mcw-furniture-3.4.1-mc1.20.1forge.jar,False
mcwfurnitures,mcwfurnitures:stripped_crimson_modern_desk,stripped_crimson_modern_desk,mcw-furniture-3.4.1-mc1.20.1forge.jar,True
mcwfurnitures,mcwfurnitures:stripped_crimson_modern_wardrobe,stripped_crimson_modern_wardrobe,mcw-furniture-3.4.1-mc1.20.1forge.jar,True
mcwfurnitures,mcwfurnitures:stripped_crimson_stool_chair,stripped_crimson_stool_chair,mcw-furniture-3.4.1-mc1.20.1forge.jar,False
mcwfurnitures,mcwfurnitures:stripped_crimson_striped_chair,stripped_crimson_striped_chair,mcw-furniture-3.4.1-mc1.20.1forge.jar,False
mcwfurnitures,mcwfurnitures:stripped_crimson_table,stripped_crimson_table,mcw-furniture-3.4.1-mc1.20.1forge.jar,True
mcwfurnitures,mcwfurnitures:stripped_crimson_triple_drawer,stripped_crimson_triple_drawer,mcw-furniture-3.4.1-mc1.20.1forge.jar,True
mcwfurnitures,mcwfurnitures:stripped_crimson_wardrobe,stripped_crimson_wardrobe,mcw-furniture-3.4.1-mc1.20.1forge.jar,True
mcwfurnitures,mcwfurnitures:stripped_dark_oak_bookshelf,stripped_dark_oak_bookshelf,mcw-furniture-3.4.1-mc1.20.1forge.jar,True
mcwfurnitures,mcwfurnitures:stripped_dark_oak_bookshelf_cupboard,stripped_dark_oak_bookshelf_cupboard,mcw-furniture-3.4.1-mc1.20.1forge.jar,True
mcwfurnitures,mcwfurnitures:stripped_dark_oak_bookshelf_drawer,stripped_dark_oak_bookshelf_drawer,mcw-furniture-3.4.1-mc1.20.1forge.jar,True
mcwfurnitures,mcwfurnitures:stripped_dark_oak_chair,stripped_dark_oak_chair,mcw-furniture-3.4.1-mc1.20.1forge.jar,False
mcwfurnitures,mcwfurnitures:stripped_dark_oak_coffee_table,stripped_dark_oak_coffee_table,mcw-furniture-3.4.1-mc1.20.1forge.jar,True
mcwfurnitures,mcwfurnitures:stripped_dark_oak_counter,stripped_dark_oak_counter,mcw-furniture-3.4.1-mc1.20.1forge.jar,True
mcwfurnitures,mcwfurnitures:stripped_dark_oak_covered_desk,stripped_dark_oak_covered_desk,mcw-furniture-3.4.1-mc1.20.1forge.jar,True
mcwfurnitures,mcwfurnitures:stripped_dark_oak_cupboard_counter,stripped_dark_oak_cupboard_counter,mcw-furniture-3.4.1-mc1.20.1forge.jar,True
mcwfurnitures,mcwfurnitures:stripped_dark_oak_desk,stripped_dark_oak_desk,mcw-furniture-3.4.1-mc1.20.1forge.jar,True
mcwfurnitures,mcwfurnitures:stripped_dark_oak_double_drawer,stripped_dark_oak_double_drawer,mcw-furniture-3.4.1-mc1.20.1forge.jar,True
mcwfurnitures,mcwfurnitures:stripped_dark_oak_double_drawer_counter,stripped_dark_oak_double_drawer_counter,mcw-furniture-3.4.1-mc1.20.1forge.jar,True
mcwfurnitures,mcwfurnitures:stripped_dark_oak_double_kitchen_cabinet,stripped_dark_oak_double_kitchen_cabinet,mcw-furniture-3.4.1-mc1.20.1forge.jar,True
mcwfurnitures,mcwfurnitures:stripped_dark_oak_double_wardrobe,stripped_dark_oak_double_wardrobe,mcw-furniture-3.4.1-mc1.20.1forge.jar,True
mcwfurnitures,mcwfurnitures:stripped_dark_oak_drawer,stripped_dark_oak_drawer,mcw-furniture-3.4.1-mc1.20.1forge.jar,True
mcwfurnitures,mcwfurnitures:stripped_dark_oak_drawer_counter,stripped_dark_oak_drawer_counter,mcw-furniture-3.4.1-mc1.20.1forge.jar,True
mcwfurnitures,mcwfurnitures:stripped_dark_oak_end_table,stripped_dark_oak_end_table,mcw-furniture-3.4.1-mc1.20.1forge.jar,True
mcwfurnitures,mcwfurnitures:stripped_dark_oak_glass_kitchen_cabinet,stripped_dark_oak_glass_kitchen_cabinet,mcw-furniture-3.4.1-mc1.20.1forge.jar,True
mcwfurnitures,mcwfurnitures:stripped_dark_oak_glass_table,stripped_dark_oak_glass_table,mcw-furniture-3.4.1-mc1.20.1forge.jar,True
mcwfurnitures,mcwfurnitures:stripped_dark_oak_kitchen_cabinet,stripped_dark_oak_kitchen_cabinet,mcw-furniture-3.4.1-mc1.20.1forge.jar,True
mcwfurnitures,mcwfurnitures:stripped_dark_oak_kitchen_sink,stripped_dark_oak_kitchen_sink,mcw-furniture-3.4.1-mc1.20.1forge.jar,False
mcwfurnitures,mcwfurnitures:stripped_dark_oak_large_drawer,stripped_dark_oak_large_drawer,mcw-furniture-3.4.1-mc1.20.1forge.jar,True
mcwfurnitures,mcwfurnitures:stripped_dark_oak_lower_bookshelf_drawer,stripped_dark_oak_lower_bookshelf_drawer,mcw-furniture-3.4.1-mc1.20.1forge.jar,True
mcwfurnitures,mcwfurnitures:stripped_dark_oak_lower_triple_drawer,stripped_dark_oak_lower_triple_drawer,mcw-furniture-3.4.1-mc1.20.1forge.jar,True
mcwfurnitures,mcwfurnitures:stripped_dark_oak_modern_chair,stripped_dark_oak_modern_chair,mcw-furniture-3.4.1-mc1.20.1forge.jar,False
mcwfurnitures,mcwfurnitures:stripped_dark_oak_modern_desk,stripped_dark_oak_modern_desk,mcw-furniture-3.4.1-mc1.20.1forge.jar,True
mcwfurnitures,mcwfurnitures:stripped_dark_oak_modern_wardrobe,stripped_dark_oak_modern_wardrobe,mcw-furniture-3.4.1-mc1.20.1forge.jar,True
mcwfurnitures,mcwfurnitures:stripped_dark_oak_stool_chair,stripped_dark_oak_stool_chair,mcw-furniture-3.4.1-mc1.20.1forge.jar,False
mcwfurnitures,mcwfurnitures:stripped_dark_oak_striped_chair,stripped_dark_oak_striped_chair,mcw-furniture-3.4.1-mc1.20.1forge.jar,False
mcwfurnitures,mcwfurnitures:stripped_dark_oak_table,stripped_dark_oak_table,mcw-furniture-3.4.1-mc1.20.1forge.jar,True
mcwfurnitures,mcwfurnitures:stripped_dark_oak_triple_drawer,stripped_dark_oak_triple_drawer,mcw-furniture-3.4.1-mc1.20.1forge.jar,True
mcwfurnitures,mcwfurnitures:stripped_dark_oak_wardrobe,stripped_dark_oak_wardrobe,mcw-furniture-3.4.1-mc1.20.1forge.jar,True
mcwfurnitures,mcwfurnitures:stripped_jungle_bookshelf,stripped_jungle_bookshelf,mcw-furniture-3.4.1-mc1.20.1forge.jar,True
mcwfurnitures,mcwfurnitures:stripped_jungle_bookshelf_cupboard,stripped_jungle_bookshelf_cupboard,mcw-furniture-3.4.1-mc1.20.1forge.jar,True
mcwfurnitures,mcwfurnitures:stripped_jungle_bookshelf_drawer,stripped_jungle_bookshelf_drawer,mcw-furniture-3.4.1-mc1.20.1forge.jar,True
mcwfurnitures,mcwfurnitures:stripped_jungle_chair,stripped_jungle_chair,mcw-furniture-3.4.1-mc1.20.1forge.jar,False
mcwfurnitures,mcwfurnitures:stripped_jungle_coffee_table,stripped_jungle_coffee_table,mcw-furniture-3.4.1-mc1.20.1forge.jar,True
mcwfurnitures,mcwfurnitures:stripped_jungle_counter,stripped_jungle_counter,mcw-furniture-3.4.1-mc1.20.1forge.jar,True
mcwfurnitures,mcwfurnitures:stripped_jungle_covered_desk,stripped_jungle_covered_desk,mcw-furniture-3.4.1-mc1.20.1forge.jar,True
mcwfurnitures,mcwfurnitures:stripped_jungle_cupboard_counter,stripped_jungle_cupboard_counter,mcw-furniture-3.4.1-mc1.20.1forge.jar,True
mcwfurnitures,mcwfurnitures:stripped_jungle_desk,stripped_jungle_desk,mcw-furniture-3.4.1-mc1.20.1forge.jar,True
mcwfurnitures,mcwfurnitures:stripped_jungle_double_drawer,stripped_jungle_double_drawer,mcw-furniture-3.4.1-mc1.20.1forge.jar,True
mcwfurnitures,mcwfurnitures:stripped_jungle_double_drawer_counter,stripped_jungle_double_drawer_counter,mcw-furniture-3.4.1-mc1.20.1forge.jar,True
mcwfurnitures,mcwfurnitures:stripped_jungle_double_kitchen_cabinet,stripped_jungle_double_kitchen_cabinet,mcw-furniture-3.4.1-mc1.20.1forge.jar,True
mcwfurnitures,mcwfurnitures:stripped_jungle_double_wardrobe,stripped_jungle_double_wardrobe,mcw-furniture-3.4.1-mc1.20.1forge.jar,True
mcwfurnitures,mcwfurnitures:stripped_jungle_drawer,stripped_jungle_drawer,mcw-furniture-3.4.1-mc1.20.1forge.jar,True
mcwfurnitures,mcwfurnitures:stripped_jungle_drawer_counter,stripped_jungle_drawer_counter,mcw-furniture-3.4.1-mc1.20.1forge.jar,True
mcwfurnitures,mcwfurnitures:stripped_jungle_end_table,stripped_jungle_end_table,mcw-furniture-3.4.1-mc1.20.1forge.jar,True
mcwfurnitures,mcwfurnitures:stripped_jungle_glass_kitchen_cabinet,stripped_jungle_glass_kitchen_cabinet,mcw-furniture-3.4.1-mc1.20.1forge.jar,True
mcwfurnitures,mcwfurnitures:stripped_jungle_glass_table,stripped_jungle_glass_table,mcw-furniture-3.4.1-mc1.20.1forge.jar,True
mcwfurnitures,mcwfurnitures:stripped_jungle_kitchen_cabinet,stripped_jungle_kitchen_cabinet,mcw-furniture-3.4.1-mc1.20.1forge.jar,True
mcwfurnitures,mcwfurnitures:stripped_jungle_kitchen_sink,stripped_jungle_kitchen_sink,mcw-furniture-3.4.1-mc1.20.1forge.jar,False
mcwfurnitures,mcwfurnitures:stripped_jungle_large_drawer,stripped_jungle_large_drawer,mcw-furniture-3.4.1-mc1.20.1forge.jar,True
mcwfurnitures,mcwfurnitures:stripped_jungle_lower_bookshelf_drawer,stripped_jungle_lower_bookshelf_drawer,mcw-furniture-3.4.1-mc1.20.1forge.jar,True
mcwfurnitures,mcwfurnitures:stripped_jungle_lower_triple_drawer,stripped_jungle_lower_triple_drawer,mcw-furniture-3.4.1-mc1.20.1forge.jar,True
mcwfurnitures,mcwfurnitures:stripped_jungle_modern_chair,stripped_jungle_modern_chair,mcw-furniture-3.4.1-mc1.20.1forge.jar,False
mcwfurnitures,mcwfurnitures:stripped_jungle_modern_desk,stripped_jungle_modern_desk,mcw-furniture-3.4.1-mc1.20.1forge.jar,True
mcwfurnitures,mcwfurnitures:stripped_jungle_modern_wardrobe,stripped_jungle_modern_wardrobe,mcw-furniture-3.4.1-mc1.20.1forge.jar,True
mcwfurnitures,mcwfurnitures:stripped_jungle_stool_chair,stripped_jungle_stool_chair,mcw-furniture-3.4.1-mc1.20.1forge.jar,False
mcwfurnitures,mcwfurnitures:stripped_jungle_striped_chair,stripped_jungle_striped_chair,mcw-furniture-3.4.1-mc1.20.1forge.jar,False
mcwfurnitures,mcwfurnitures:stripped_jungle_table,stripped_jungle_table,mcw-furniture-3.4.1-mc1.20.1forge.jar,True
mcwfurnitures,mcwfurnitures:stripped_jungle_triple_drawer,stripped_jungle_triple_drawer,mcw-furniture-3.4.1-mc1.20.1forge.jar,True
mcwfurnitures,mcwfurnitures:stripped_jungle_wardrobe,stripped_jungle_wardrobe,mcw-furniture-3.4.1-mc1.20.1forge.jar,True
mcwfurnitures,mcwfurnitures:stripped_mangrove_bookshelf,stripped_mangrove_bookshelf,mcw-furniture-3.4.1-mc1.20.1forge.jar,True
mcwfurnitures,mcwfurnitures:stripped_mangrove_bookshelf_cupboard,stripped_mangrove_bookshelf_cupboard,mcw-furniture-3.4.1-mc1.20.1forge.jar,True
mcwfurnitures,mcwfurnitures:stripped_mangrove_bookshelf_drawer,stripped_mangrove_bookshelf_drawer,mcw-furniture-3.4.1-mc1.20.1forge.jar,True
mcwfurnitures,mcwfurnitures:stripped_mangrove_chair,stripped_mangrove_chair,mcw-furniture-3.4.1-mc1.20.1forge.jar,False
mcwfurnitures,mcwfurnitures:stripped_mangrove_coffee_table,stripped_mangrove_coffee_table,mcw-furniture-3.4.1-mc1.20.1forge.jar,True
mcwfurnitures,mcwfurnitures:stripped_mangrove_counter,stripped_mangrove_counter,mcw-furniture-3.4.1-mc1.20.1forge.jar,True
mcwfurnitures,mcwfurnitures:stripped_mangrove_covered_desk,stripped_mangrove_covered_desk,mcw-furniture-3.4.1-mc1.20.1forge.jar,True
mcwfurnitures,mcwfurnitures:stripped_mangrove_cupboard_counter,stripped_mangrove_cupboard_counter,mcw-furniture-3.4.1-mc1.20.1forge.jar,True
mcwfurnitures,mcwfurnitures:stripped_mangrove_desk,stripped_mangrove_desk,mcw-furniture-3.4.1-mc1.20.1forge.jar,True
mcwfurnitures,mcwfurnitures:stripped_mangrove_double_drawer,stripped_mangrove_double_drawer,mcw-furniture-3.4.1-mc1.20.1forge.jar,True
mcwfurnitures,mcwfurnitures:stripped_mangrove_double_drawer_counter,stripped_mangrove_double_drawer_counter,mcw-furniture-3.4.1-mc1.20.1forge.jar,True
mcwfurnitures,mcwfurnitures:stripped_mangrove_double_kitchen_cabinet,stripped_mangrove_double_kitchen_cabinet,mcw-furniture-3.4.1-mc1.20.1forge.jar,True
mcwfurnitures,mcwfurnitures:stripped_mangrove_double_wardrobe,stripped_mangrove_double_wardrobe,mcw-furniture-3.4.1-mc1.20.1forge.jar,True
mcwfurnitures,mcwfurnitures:stripped_mangrove_drawer,stripped_mangrove_drawer,mcw-furniture-3.4.1-mc1.20.1forge.jar,True
mcwfurnitures,mcwfurnitures:stripped_mangrove_drawer_counter,stripped_mangrove_drawer_counter,mcw-furniture-3.4.1-mc1.20.1forge.jar,True
mcwfurnitures,mcwfurnitures:stripped_mangrove_end_table,stripped_mangrove_end_table,mcw-furniture-3.4.1-mc1.20.1forge.jar,True
mcwfurnitures,mcwfurnitures:stripped_mangrove_glass_kitchen_cabinet,stripped_mangrove_glass_kitchen_cabinet,mcw-furniture-3.4.1-mc1.20.1forge.jar,True
mcwfurnitures,mcwfurnitures:stripped_mangrove_glass_table,stripped_mangrove_glass_table,mcw-furniture-3.4.1-mc1.20.1forge.jar,True
mcwfurnitures,mcwfurnitures:stripped_mangrove_kitchen_cabinet,stripped_mangrove_kitchen_cabinet,mcw-furniture-3.4.1-mc1.20.1forge.jar,True
mcwfurnitures,mcwfurnitures:stripped_mangrove_kitchen_sink,stripped_mangrove_kitchen_sink,mcw-furniture-3.4.1-mc1.20.1forge.jar,False
mcwfurnitures,mcwfurnitures:stripped_mangrove_large_drawer,stripped_mangrove_large_drawer,mcw-furniture-3.4.1-mc1.20.1forge.jar,True
mcwfurnitures,mcwfurnitures:stripped_mangrove_lower_bookshelf_drawer,stripped_mangrove_lower_bookshelf_drawer,mcw-furniture-3.4.1-mc1.20.1forge.jar,True
mcwfurnitures,mcwfurnitures:stripped_mangrove_lower_triple_drawer,stripped_mangrove_lower_triple_drawer,mcw-furniture-3.4.1-mc1.20.1forge.jar,True
mcwfurnitures,mcwfurnitures:stripped_mangrove_modern_chair,stripped_mangrove_modern_chair,mcw-furniture-3.4.1-mc1.20.1forge.jar,False
mcwfurnitures,mcwfurnitures:stripped_mangrove_modern_desk,stripped_mangrove_modern_desk,mcw-furniture-3.4.1-mc1.20.1forge.jar,True
mcwfurnitures,mcwfurnitures:stripped_mangrove_modern_wardrobe,stripped_mangrove_modern_wardrobe,mcw-furniture-3.4.1-mc1.20.1forge.jar,True
mcwfurnitures,mcwfurnitures:stripped_mangrove_stool_chair,stripped_mangrove_stool_chair,mcw-furniture-3.4.1-mc1.20.1forge.jar,False
mcwfurnitures,mcwfurnitures:stripped_mangrove_striped_chair,stripped_mangrove_striped_chair,mcw-furniture-3.4.1-mc1.20.1forge.jar,False
mcwfurnitures,mcwfurnitures:stripped_mangrove_table,stripped_mangrove_table,mcw-furniture-3.4.1-mc1.20.1forge.jar,True
mcwfurnitures,mcwfurnitures:stripped_mangrove_triple_drawer,stripped_mangrove_triple_drawer,mcw-furniture-3.4.1-mc1.20.1forge.jar,True
mcwfurnitures,mcwfurnitures:stripped_mangrove_wardrobe,stripped_mangrove_wardrobe,mcw-furniture-3.4.1-mc1.20.1forge.jar,True
mcwfurnitures,mcwfurnitures:stripped_oak_bookshelf,stripped_oak_bookshelf,mcw-furniture-3.4.1-mc1.20.1forge.jar,True
mcwfurnitures,mcwfurnitures:stripped_oak_bookshelf_cupboard,stripped_oak_bookshelf_cupboard,mcw-furniture-3.4.1-mc1.20.1forge.jar,True
mcwfurnitures,mcwfurnitures:stripped_oak_bookshelf_drawer,stripped_oak_bookshelf_drawer,mcw-furniture-3.4.1-mc1.20.1forge.jar,True
mcwfurnitures,mcwfurnitures:stripped_oak_chair,stripped_oak_chair,mcw-furniture-3.4.1-mc1.20.1forge.jar,False
mcwfurnitures,mcwfurnitures:stripped_oak_coffee_table,stripped_oak_coffee_table,mcw-furniture-3.4.1-mc1.20.1forge.jar,True
mcwfurnitures,mcwfurnitures:stripped_oak_counter,stripped_oak_counter,mcw-furniture-3.4.1-mc1.20.1forge.jar,True
mcwfurnitures,mcwfurnitures:stripped_oak_covered_desk,stripped_oak_covered_desk,mcw-furniture-3.4.1-mc1.20.1forge.jar,True
mcwfurnitures,mcwfurnitures:stripped_oak_cupboard_counter,stripped_oak_cupboard_counter,mcw-furniture-3.4.1-mc1.20.1forge.jar,True
mcwfurnitures,mcwfurnitures:stripped_oak_desk,stripped_oak_desk,mcw-furniture-3.4.1-mc1.20.1forge.jar,True
mcwfurnitures,mcwfurnitures:stripped_oak_double_drawer,stripped_oak_double_drawer,mcw-furniture-3.4.1-mc1.20.1forge.jar,True
mcwfurnitures,mcwfurnitures:stripped_oak_double_drawer_counter,stripped_oak_double_drawer_counter,mcw-furniture-3.4.1-mc1.20.1forge.jar,True
mcwfurnitures,mcwfurnitures:stripped_oak_double_kitchen_cabinet,stripped_oak_double_kitchen_cabinet,mcw-furniture-3.4.1-mc1.20.1forge.jar,True
mcwfurnitures,mcwfurnitures:stripped_oak_double_wardrobe,stripped_oak_double_wardrobe,mcw-furniture-3.4.1-mc1.20.1forge.jar,True
mcwfurnitures,mcwfurnitures:stripped_oak_drawer,stripped_oak_drawer,mcw-furniture-3.4.1-mc1.20.1forge.jar,True
mcwfurnitures,mcwfurnitures:stripped_oak_drawer_counter,stripped_oak_drawer_counter,mcw-furniture-3.4.1-mc1.20.1forge.jar,True
mcwfurnitures,mcwfurnitures:stripped_oak_end_table,stripped_oak_end_table,mcw-furniture-3.4.1-mc1.20.1forge.jar,True
mcwfurnitures,mcwfurnitures:stripped_oak_glass_kitchen_cabinet,stripped_oak_glass_kitchen_cabinet,mcw-furniture-3.4.1-mc1.20.1forge.jar,True
mcwfurnitures,mcwfurnitures:stripped_oak_glass_table,stripped_oak_glass_table,mcw-furniture-3.4.1-mc1.20.1forge.jar,True
mcwfurnitures,mcwfurnitures:stripped_oak_kitchen_cabinet,stripped_oak_kitchen_cabinet,mcw-furniture-3.4.1-mc1.20.1forge.jar,True
mcwfurnitures,mcwfurnitures:stripped_oak_kitchen_sink,stripped_oak_kitchen_sink,mcw-furniture-3.4.1-mc1.20.1forge.jar,False
mcwfurnitures,mcwfurnitures:stripped_oak_large_drawer,stripped_oak_large_drawer,mcw-furniture-3.4.1-mc1.20.1forge.jar,True
mcwfurnitures,mcwfurnitures:stripped_oak_lower_bookshelf_drawer,stripped_oak_lower_bookshelf_drawer,mcw-furniture-3.4.1-mc1.20.1forge.jar,True
mcwfurnitures,mcwfurnitures:stripped_oak_lower_triple_drawer,stripped_oak_lower_triple_drawer,mcw-furniture-3.4.1-mc1.20.1forge.jar,True
mcwfurnitures,mcwfurnitures:stripped_oak_modern_chair,stripped_oak_modern_chair,mcw-furniture-3.4.1-mc1.20.1forge.jar,False
mcwfurnitures,mcwfurnitures:stripped_oak_modern_desk,stripped_oak_modern_desk,mcw-furniture-3.4.1-mc1.20.1forge.jar,True
mcwfurnitures,mcwfurnitures:stripped_oak_modern_wardrobe,stripped_oak_modern_wardrobe,mcw-furniture-3.4.1-mc1.20.1forge.jar,True
mcwfurnitures,mcwfurnitures:stripped_oak_stool_chair,stripped_oak_stool_chair,mcw-furniture-3.4.1-mc1.20.1forge.jar,False
mcwfurnitures,mcwfurnitures:stripped_oak_striped_chair,stripped_oak_striped_chair,mcw-furniture-3.4.1-mc1.20.1forge.jar,False
mcwfurnitures,mcwfurnitures:stripped_oak_table,stripped_oak_table,mcw-furniture-3.4.1-mc1.20.1forge.jar,True
mcwfurnitures,mcwfurnitures:stripped_oak_triple_drawer,stripped_oak_triple_drawer,mcw-furniture-3.4.1-mc1.20.1forge.jar,True
mcwfurnitures,mcwfurnitures:stripped_oak_wardrobe,stripped_oak_wardrobe,mcw-furniture-3.4.1-mc1.20.1forge.jar,True
mcwfurnitures,mcwfurnitures:stripped_spruce_bookshelf,stripped_spruce_bookshelf,mcw-furniture-3.4.1-mc1.20.1forge.jar,True
mcwfurnitures,mcwfurnitures:stripped_spruce_bookshelf_cupboard,stripped_spruce_bookshelf_cupboard,mcw-furniture-3.4.1-mc1.20.1forge.jar,True
mcwfurnitures,mcwfurnitures:stripped_spruce_bookshelf_drawer,stripped_spruce_bookshelf_drawer,mcw-furniture-3.4.1-mc1.20.1forge.jar,True
mcwfurnitures,mcwfurnitures:stripped_spruce_chair,stripped_spruce_chair,mcw-furniture-3.4.1-mc1.20.1forge.jar,False
mcwfurnitures,mcwfurnitures:stripped_spruce_coffee_table,stripped_spruce_coffee_table,mcw-furniture-3.4.1-mc1.20.1forge.jar,True
mcwfurnitures,mcwfurnitures:stripped_spruce_counter,stripped_spruce_counter,mcw-furniture-3.4.1-mc1.20.1forge.jar,True
mcwfurnitures,mcwfurnitures:stripped_spruce_covered_desk,stripped_spruce_covered_desk,mcw-furniture-3.4.1-mc1.20.1forge.jar,True
mcwfurnitures,mcwfurnitures:stripped_spruce_cupboard_counter,stripped_spruce_cupboard_counter,mcw-furniture-3.4.1-mc1.20.1forge.jar,True
mcwfurnitures,mcwfurnitures:stripped_spruce_desk,stripped_spruce_desk,mcw-furniture-3.4.1-mc1.20.1forge.jar,True
mcwfurnitures,mcwfurnitures:stripped_spruce_double_drawer,stripped_spruce_double_drawer,mcw-furniture-3.4.1-mc1.20.1forge.jar,True
mcwfurnitures,mcwfurnitures:stripped_spruce_double_drawer_counter,stripped_spruce_double_drawer_counter,mcw-furniture-3.4.1-mc1.20.1forge.jar,True
mcwfurnitures,mcwfurnitures:stripped_spruce_double_kitchen_cabinet,stripped_spruce_double_kitchen_cabinet,mcw-furniture-3.4.1-mc1.20.1forge.jar,True
mcwfurnitures,mcwfurnitures:stripped_spruce_double_wardrobe,stripped_spruce_double_wardrobe,mcw-furniture-3.4.1-mc1.20.1forge.jar,True
mcwfurnitures,mcwfurnitures:stripped_spruce_drawer,stripped_spruce_drawer,mcw-furniture-3.4.1-mc1.20.1forge.jar,True
mcwfurnitures,mcwfurnitures:stripped_spruce_drawer_counter,stripped_spruce_drawer_counter,mcw-furniture-3.4.1-mc1.20.1forge.jar,True
mcwfurnitures,mcwfurnitures:stripped_spruce_end_table,stripped_spruce_end_table,mcw-furniture-3.4.1-mc1.20.1forge.jar,True
mcwfurnitures,mcwfurnitures:stripped_spruce_glass_kitchen_cabinet,stripped_spruce_glass_kitchen_cabinet,mcw-furniture-3.4.1-mc1.20.1forge.jar,True
mcwfurnitures,mcwfurnitures:stripped_spruce_glass_table,stripped_spruce_glass_table,mcw-furniture-3.4.1-mc1.20.1forge.jar,True
mcwfurnitures,mcwfurnitures:stripped_spruce_kitchen_cabinet,stripped_spruce_kitchen_cabinet,mcw-furniture-3.4.1-mc1.20.1forge.jar,True
mcwfurnitures,mcwfurnitures:stripped_spruce_kitchen_sink,stripped_spruce_kitchen_sink,mcw-furniture-3.4.1-mc1.20.1forge.jar,False
mcwfurnitures,mcwfurnitures:stripped_spruce_large_drawer,stripped_spruce_large_drawer,mcw-furniture-3.4.1-mc1.20.1forge.jar,True
mcwfurnitures,mcwfurnitures:stripped_spruce_lower_bookshelf_drawer,stripped_spruce_lower_bookshelf_drawer,mcw-furniture-3.4.1-mc1.20.1forge.jar,True
mcwfurnitures,mcwfurnitures:stripped_spruce_lower_triple_drawer,stripped_spruce_lower_triple_drawer,mcw-furniture-3.4.1-mc1.20.1forge.jar,True
mcwfurnitures,mcwfurnitures:stripped_spruce_modern_chair,stripped_spruce_modern_chair,mcw-furniture-3.4.1-mc1.20.1forge.jar,False
mcwfurnitures,mcwfurnitures:stripped_spruce_modern_desk,stripped_spruce_modern_desk,mcw-furniture-3.4.1-mc1.20.1forge.jar,True
mcwfurnitures,mcwfurnitures:stripped_spruce_modern_wardrobe,stripped_spruce_modern_wardrobe,mcw-furniture-3.4.1-mc1.20.1forge.jar,True
mcwfurnitures,mcwfurnitures:stripped_spruce_stool_chair,stripped_spruce_stool_chair,mcw-furniture-3.4.1-mc1.20.1forge.jar,False
mcwfurnitures,mcwfurnitures:stripped_spruce_striped_chair,stripped_spruce_striped_chair,mcw-furniture-3.4.1-mc1.20.1forge.jar,False
mcwfurnitures,mcwfurnitures:stripped_spruce_table,stripped_spruce_table,mcw-furniture-3.4.1-mc1.20.1forge.jar,True
mcwfurnitures,mcwfurnitures:stripped_spruce_triple_drawer,stripped_spruce_triple_drawer,mcw-furniture-3.4.1-mc1.20.1forge.jar,True
mcwfurnitures,mcwfurnitures:stripped_spruce_wardrobe,stripped_spruce_wardrobe,mcw-furniture-3.4.1-mc1.20.1forge.jar,True
mcwfurnitures,mcwfurnitures:stripped_warped_bookshelf,stripped_warped_bookshelf,mcw-furniture-3.4.1-mc1.20.1forge.jar,True
mcwfurnitures,mcwfurnitures:stripped_warped_bookshelf_cupboard,stripped_warped_bookshelf_cupboard,mcw-furniture-3.4.1-mc1.20.1forge.jar,True
mcwfurnitures,mcwfurnitures:stripped_warped_bookshelf_drawer,stripped_warped_bookshelf_drawer,mcw-furniture-3.4.1-mc1.20.1forge.jar,True
mcwfurnitures,mcwfurnitures:stripped_warped_chair,stripped_warped_chair,mcw-furniture-3.4.1-mc1.20.1forge.jar,False
mcwfurnitures,mcwfurnitures:stripped_warped_coffee_table,stripped_warped_coffee_table,mcw-furniture-3.4.1-mc1.20.1forge.jar,True
mcwfurnitures,mcwfurnitures:stripped_warped_counter,stripped_warped_counter,mcw-furniture-3.4.1-mc1.20.1forge.jar,True
mcwfurnitures,mcwfurnitures:stripped_warped_covered_desk,stripped_warped_covered_desk,mcw-furniture-3.4.1-mc1.20.1forge.jar,True
mcwfurnitures,mcwfurnitures:stripped_warped_cupboard_counter,stripped_warped_cupboard_counter,mcw-furniture-3.4.1-mc1.20.1forge.jar,True
mcwfurnitures,mcwfurnitures:stripped_warped_desk,stripped_warped_desk,mcw-furniture-3.4.1-mc1.20.1forge.jar,True
mcwfurnitures,mcwfurnitures:stripped_warped_double_drawer,stripped_warped_double_drawer,mcw-furniture-3.4.1-mc1.20.1forge.jar,True
mcwfurnitures,mcwfurnitures:stripped_warped_double_drawer_counter,stripped_warped_double_drawer_counter,mcw-furniture-3.4.1-mc1.20.1forge.jar,True
mcwfurnitures,mcwfurnitures:stripped_warped_double_kitchen_cabinet,stripped_warped_double_kitchen_cabinet,mcw-furniture-3.4.1-mc1.20.1forge.jar,True
mcwfurnitures,mcwfurnitures:stripped_warped_double_wardrobe,stripped_warped_double_wardrobe,mcw-furniture-3.4.1-mc1.20.1forge.jar,True
mcwfurnitures,mcwfurnitures:stripped_warped_drawer,stripped_warped_drawer,mcw-furniture-3.4.1-mc1.20.1forge.jar,True
mcwfurnitures,mcwfurnitures:stripped_warped_drawer_counter,stripped_warped_drawer_counter,mcw-furniture-3.4.1-mc1.20.1forge.jar,True
mcwfurnitures,mcwfurnitures:stripped_warped_end_table,stripped_warped_end_table,mcw-furniture-3.4.1-mc1.20.1forge.jar,True
mcwfurnitures,mcwfurnitures:stripped_warped_glass_kitchen_cabinet,stripped_warped_glass_kitchen_cabinet,mcw-furniture-3.4.1-mc1.20.1forge.jar,True
mcwfurnitures,mcwfurnitures:stripped_warped_glass_table,stripped_warped_glass_table,mcw-furniture-3.4.1-mc1.20.1forge.jar,True
mcwfurnitures,mcwfurnitures:stripped_warped_kitchen_cabinet,stripped_warped_kitchen_cabinet,mcw-furniture-3.4.1-mc1.20.1forge.jar,True
mcwfurnitures,mcwfurnitures:stripped_warped_kitchen_sink,stripped_warped_kitchen_sink,mcw-furniture-3.4.1-mc1.20.1forge.jar,False
mcwfurnitures,mcwfurnitures:stripped_warped_large_drawer,stripped_warped_large_drawer,mcw-furniture-3.4.1-mc1.20.1forge.jar,True
mcwfurnitures,mcwfurnitures:stripped_warped_lower_bookshelf_drawer,stripped_warped_lower_bookshelf_drawer,mcw-furniture-3.4.1-mc1.20.1forge.jar,True
mcwfurnitures,mcwfurnitures:stripped_warped_lower_triple_drawer,stripped_warped_lower_triple_drawer,mcw-furniture-3.4.1-mc1.20.1forge.jar,True
mcwfurnitures,mcwfurnitures:stripped_warped_modern_chair,stripped_warped_modern_chair,mcw-furniture-3.4.1-mc1.20.1forge.jar,False
mcwfurnitures,mcwfurnitures:stripped_warped_modern_desk,stripped_warped_modern_desk,mcw-furniture-3.4.1-mc1.20.1forge.jar,True
mcwfurnitures,mcwfurnitures:stripped_warped_modern_wardrobe,stripped_warped_modern_wardrobe,mcw-furniture-3.4.1-mc1.20.1forge.jar,True
mcwfurnitures,mcwfurnitures:stripped_warped_stool_chair,stripped_warped_stool_chair,mcw-furniture-3.4.1-mc1.20.1forge.jar,False
mcwfurnitures,mcwfurnitures:stripped_warped_striped_chair,stripped_warped_striped_chair,mcw-furniture-3.4.1-mc1.20.1forge.jar,False
mcwfurnitures,mcwfurnitures:stripped_warped_table,stripped_warped_table,mcw-furniture-3.4.1-mc1.20.1forge.jar,True
mcwfurnitures,mcwfurnitures:stripped_warped_triple_drawer,stripped_warped_triple_drawer,mcw-furniture-3.4.1-mc1.20.1forge.jar,True
mcwfurnitures,mcwfurnitures:stripped_warped_wardrobe,stripped_warped_wardrobe,mcw-furniture-3.4.1-mc1.20.1forge.jar,True
mcwfurnitures,mcwfurnitures:warped_bookshelf,warped_bookshelf,mcw-furniture-3.4.1-mc1.20.1forge.jar,True
mcwfurnitures,mcwfurnitures:warped_bookshelf_cupboard,warped_bookshelf_cupboard,mcw-furniture-3.4.1-mc1.20.1forge.jar,True
mcwfurnitures,mcwfurnitures:warped_bookshelf_drawer,warped_bookshelf_drawer,mcw-furniture-3.4.1-mc1.20.1forge.jar,True
mcwfurnitures,mcwfurnitures:warped_chair,warped_chair,mcw-furniture-3.4.1-mc1.20.1forge.jar,False
mcwfurnitures,mcwfurnitures:warped_coffee_table,warped_coffee_table,mcw-furniture-3.4.1-mc1.20.1forge.jar,True
mcwfurnitures,mcwfurnitures:warped_counter,warped_counter,mcw-furniture-3.4.1-mc1.20.1forge.jar,True
mcwfurnitures,mcwfurnitures:warped_covered_desk,warped_covered_desk,mcw-furniture-3.4.1-mc1.20.1forge.jar,True
mcwfurnitures,mcwfurnitures:warped_cupboard_counter,warped_cupboard_counter,mcw-furniture-3.4.1-mc1.20.1forge.jar,True
mcwfurnitures,mcwfurnitures:warped_desk,warped_desk,mcw-furniture-3.4.1-mc1.20.1forge.jar,True
mcwfurnitures,mcwfurnitures:warped_double_drawer,warped_double_drawer,mcw-furniture-3.4.1-mc1.20.1forge.jar,True
mcwfurnitures,mcwfurnitures:warped_double_drawer_counter,warped_double_drawer_counter,mcw-furniture-3.4.1-mc1.20.1forge.jar,True
mcwfurnitures,mcwfurnitures:warped_double_kitchen_cabinet,warped_double_kitchen_cabinet,mcw-furniture-3.4.1-mc1.20.1forge.jar,True
mcwfurnitures,mcwfurnitures:warped_double_wardrobe,warped_double_wardrobe,mcw-furniture-3.4.1-mc1.20.1forge.jar,True
mcwfurnitures,mcwfurnitures:warped_drawer,warped_drawer,mcw-furniture-3.4.1-mc1.20.1forge.jar,True
mcwfurnitures,mcwfurnitures:warped_drawer_counter,warped_drawer_counter,mcw-furniture-3.4.1-mc1.20.1forge.jar,True
mcwfurnitures,mcwfurnitures:warped_end_table,warped_end_table,mcw-furniture-3.4.1-mc1.20.1forge.jar,True
mcwfurnitures,mcwfurnitures:warped_glass_kitchen_cabinet,warped_glass_kitchen_cabinet,mcw-furniture-3.4.1-mc1.20.1forge.jar,True
mcwfurnitures,mcwfurnitures:warped_glass_table,warped_glass_table,mcw-furniture-3.4.1-mc1.20.1forge.jar,True
mcwfurnitures,mcwfurnitures:warped_kitchen_cabinet,warped_kitchen_cabinet,mcw-furniture-3.4.1-mc1.20.1forge.jar,True
mcwfurnitures,mcwfurnitures:warped_kitchen_sink,warped_kitchen_sink,mcw-furniture-3.4.1-mc1.20.1forge.jar,False
mcwfurnitures,mcwfurnitures:warped_large_drawer,warped_large_drawer,mcw-furniture-3.4.1-mc1.20.1forge.jar,True
mcwfurnitures,mcwfurnitures:warped_lower_bookshelf_drawer,warped_lower_bookshelf_drawer,mcw-furniture-3.4.1-mc1.20.1forge.jar,True
mcwfurnitures,mcwfurnitures:warped_lower_triple_drawer,warped_lower_triple_drawer,mcw-furniture-3.4.1-mc1.20.1forge.jar,True
mcwfurnitures,mcwfurnitures:warped_modern_chair,warped_modern_chair,mcw-furniture-3.4.1-mc1.20.1forge.jar,False
mcwfurnitures,mcwfurnitures:warped_modern_desk,warped_modern_desk,mcw-furniture-3.4.1-mc1.20.1forge.jar,True
mcwfurnitures,mcwfurnitures:warped_modern_wardrobe,warped_modern_wardrobe,mcw-furniture-3.4.1-mc1.20.1forge.jar,True
mcwfurnitures,mcwfurnitures:warped_stool_chair,warped_stool_chair,mcw-furniture-3.4.1-mc1.20.1forge.jar,False
mcwfurnitures,mcwfurnitures:warped_striped_chair,warped_striped_chair,mcw-furniture-3.4.1-mc1.20.1forge.jar,False
mcwfurnitures,mcwfurnitures:warped_table,warped_table,mcw-furniture-3.4.1-mc1.20.1forge.jar,True
mcwfurnitures,mcwfurnitures:warped_triple_drawer,warped_triple_drawer,mcw-furniture-3.4.1-mc1.20.1forge.jar,True
mcwfurnitures,mcwfurnitures:warped_wardrobe,warped_wardrobe,mcw-furniture-3.4.1-mc1.20.1forge.jar,True
mcwfurnitures,mcwfurnitures:white_chaise,white_chaise,mcw-furniture-3.4.1-mc1.20.1forge.jar,False
mcwfurnitures,mcwfurnitures:white_couch,white_couch,mcw-furniture-3.4.1-mc1.20.1forge.jar,False
mcwfurnitures,mcwfurnitures:yellow_chaise,yellow_chaise,mcw-furniture-3.4.1-mc1.20.1forge.jar,False
mcwfurnitures,mcwfurnitures:yellow_couch,yellow_couch,mcw-furniture-3.4.1-mc1.20.1forge.jar,False
mcwwindows,mcwwindows:acacia_blinds,acacia_blinds,mcw-mcwwindows-2.4.2-mc1.20.1forge.jar,False
mcwwindows,mcwwindows:acacia_curtain_rod,acacia_curtain_rod,mcw-mcwwindows-2.4.2-mc1.20.1forge.jar,False
mcwwindows,mcwwindows:acacia_four_window,acacia_four_window,mcw-mcwwindows-2.4.2-mc1.20.1forge.jar,False
mcwwindows,mcwwindows:acacia_log_parapet,acacia_log_parapet,mcw-mcwwindows-2.4.2-mc1.20.1forge.jar,False
mcwwindows,mcwwindows:acacia_louvered_shutter,acacia_louvered_shutter,mcw-mcwwindows-2.4.2-mc1.20.1forge.jar,False
mcwwindows,mcwwindows:acacia_pane_window,acacia_pane_window,mcw-mcwwindows-2.4.2-mc1.20.1forge.jar,False
mcwwindows,mcwwindows:acacia_plank_four_window,acacia_plank_four_window,mcw-mcwwindows-2.4.2-mc1.20.1forge.jar,False
mcwwindows,mcwwindows:acacia_plank_pane_window,acacia_plank_pane_window,mcw-mcwwindows-2.4.2-mc1.20.1forge.jar,False
mcwwindows,mcwwindows:acacia_plank_parapet,acacia_plank_parapet,mcw-mcwwindows-2.4.2-mc1.20.1forge.jar,False
mcwwindows,mcwwindows:acacia_plank_window,acacia_plank_window,mcw-mcwwindows-2.4.2-mc1.20.1forge.jar,False
mcwwindows,mcwwindows:acacia_plank_window2,acacia_plank_window2,mcw-mcwwindows-2.4.2-mc1.20.1forge.jar,False
mcwwindows,mcwwindows:acacia_shutter,acacia_shutter,mcw-mcwwindows-2.4.2-mc1.20.1forge.jar,False
mcwwindows,mcwwindows:acacia_window,acacia_window,mcw-mcwwindows-2.4.2-mc1.20.1forge.jar,False
mcwwindows,mcwwindows:acacia_window2,acacia_window2,mcw-mcwwindows-2.4.2-mc1.20.1forge.jar,False
mcwwindows,mcwwindows:andesite_four_window,andesite_four_window,mcw-mcwwindows-2.4.2-mc1.20.1forge.jar,False
mcwwindows,mcwwindows:andesite_louvered_shutter,andesite_louvered_shutter,mcw-mcwwindows-2.4.2-mc1.20.1forge.jar,False
mcwwindows,mcwwindows:andesite_pane_window,andesite_pane_window,mcw-mcwwindows-2.4.2-mc1.20.1forge.jar,False
mcwwindows,mcwwindows:andesite_parapet,andesite_parapet,mcw-mcwwindows-2.4.2-mc1.20.1forge.jar,False
mcwwindows,mcwwindows:andesite_window,andesite_window,mcw-mcwwindows-2.4.2-mc1.20.1forge.jar,False
mcwwindows,mcwwindows:andesite_window2,andesite_window2,mcw-mcwwindows-2.4.2-mc1.20.1forge.jar,False
mcwwindows,mcwwindows:bamboo_shutter,bamboo_shutter,mcw-mcwwindows-2.4.2-mc1.20.1forge.jar,False
mcwwindows,mcwwindows:birch_blinds,birch_blinds,mcw-mcwwindows-2.4.2-mc1.20.1forge.jar,False
mcwwindows,mcwwindows:birch_curtain_rod,birch_curtain_rod,mcw-mcwwindows-2.4.2-mc1.20.1forge.jar,False
mcwwindows,mcwwindows:birch_four_window,birch_four_window,mcw-mcwwindows-2.4.2-mc1.20.1forge.jar,False
mcwwindows,mcwwindows:birch_log_parapet,birch_log_parapet,mcw-mcwwindows-2.4.2-mc1.20.1forge.jar,False
mcwwindows,mcwwindows:birch_louvered_shutter,birch_louvered_shutter,mcw-mcwwindows-2.4.2-mc1.20.1forge.jar,False
mcwwindows,mcwwindows:birch_pane_window,birch_pane_window,mcw-mcwwindows-2.4.2-mc1.20.1forge.jar,False
mcwwindows,mcwwindows:birch_plank_four_window,birch_plank_four_window,mcw-mcwwindows-2.4.2-mc1.20.1forge.jar,False
mcwwindows,mcwwindows:birch_plank_pane_window,birch_plank_pane_window,mcw-mcwwindows-2.4.2-mc1.20.1forge.jar,False
mcwwindows,mcwwindows:birch_plank_parapet,birch_plank_parapet,mcw-mcwwindows-2.4.2-mc1.20.1forge.jar,False
mcwwindows,mcwwindows:birch_plank_window,birch_plank_window,mcw-mcwwindows-2.4.2-mc1.20.1forge.jar,False
mcwwindows,mcwwindows:birch_plank_window2,birch_plank_window2,mcw-mcwwindows-2.4.2-mc1.20.1forge.jar,False
mcwwindows,mcwwindows:birch_shutter,birch_shutter,mcw-mcwwindows-2.4.2-mc1.20.1forge.jar,False
mcwwindows,mcwwindows:birch_window,birch_window,mcw-mcwwindows-2.4.2-mc1.20.1forge.jar,False
mcwwindows,mcwwindows:birch_window2,birch_window2,mcw-mcwwindows-2.4.2-mc1.20.1forge.jar,False
mcwwindows,mcwwindows:black_curtain,black_curtain,mcw-mcwwindows-2.4.2-mc1.20.1forge.jar,False
mcwwindows,mcwwindows:black_mosaic_glass,black_mosaic_glass,mcw-mcwwindows-2.4.2-mc1.20.1forge.jar,False
mcwwindows,mcwwindows:black_mosaic_glass_pane,black_mosaic_glass_pane,mcw-mcwwindows-2.4.2-mc1.20.1forge.jar,False
mcwwindows,mcwwindows:blackstone_brick_arrow_slit,blackstone_brick_arrow_slit,mcw-mcwwindows-2.4.2-mc1.20.1forge.jar,False
mcwwindows,mcwwindows:blackstone_brick_gothic,blackstone_brick_gothic,mcw-mcwwindows-2.4.2-mc1.20.1forge.jar,False
mcwwindows,mcwwindows:blackstone_four_window,blackstone_four_window,mcw-mcwwindows-2.4.2-mc1.20.1forge.jar,False
mcwwindows,mcwwindows:blackstone_pane_window,blackstone_pane_window,mcw-mcwwindows-2.4.2-mc1.20.1forge.jar,False
mcwwindows,mcwwindows:blackstone_parapet,blackstone_parapet,mcw-mcwwindows-2.4.2-mc1.20.1forge.jar,False
mcwwindows,mcwwindows:blackstone_window,blackstone_window,mcw-mcwwindows-2.4.2-mc1.20.1forge.jar,False
mcwwindows,mcwwindows:blackstone_window2,blackstone_window2,mcw-mcwwindows-2.4.2-mc1.20.1forge.jar,False
mcwwindows,mcwwindows:blue_curtain,blue_curtain,mcw-mcwwindows-2.4.2-mc1.20.1forge.jar,False
mcwwindows,mcwwindows:blue_mosaic_glass,blue_mosaic_glass,mcw-mcwwindows-2.4.2-mc1.20.1forge.jar,False
mcwwindows,mcwwindows:blue_mosaic_glass_pane,blue_mosaic_glass_pane,mcw-mcwwindows-2.4.2-mc1.20.1forge.jar,False
mcwwindows,mcwwindows:bricks_four_window,bricks_four_window,mcw-mcwwindows-2.4.2-mc1.20.1forge.jar,False
mcwwindows,mcwwindows:bricks_pane_window,bricks_pane_window,mcw-mcwwindows-2.4.2-mc1.20.1forge.jar,False
mcwwindows,mcwwindows:bricks_window,bricks_window,mcw-mcwwindows-2.4.2-mc1.20.1forge.jar,False
mcwwindows,mcwwindows:bricks_window2,bricks_window2,mcw-mcwwindows-2.4.2-mc1.20.1forge.jar,False
mcwwindows,mcwwindows:brown_curtain,brown_curtain,mcw-mcwwindows-2.4.2-mc1.20.1forge.jar,False
mcwwindows,mcwwindows:brown_mosaic_glass,brown_mosaic_glass,mcw-mcwwindows-2.4.2-mc1.20.1forge.jar,False
mcwwindows,mcwwindows:brown_mosaic_glass_pane,brown_mosaic_glass_pane,mcw-mcwwindows-2.4.2-mc1.20.1forge.jar,False
mcwwindows,mcwwindows:cherry_blinds,cherry_blinds,mcw-mcwwindows-2.4.2-mc1.20.1forge.jar,False
mcwwindows,mcwwindows:cherry_curtain_rod,cherry_curtain_rod,mcw-mcwwindows-2.4.2-mc1.20.1forge.jar,False
mcwwindows,mcwwindows:cherry_four_window,cherry_four_window,mcw-mcwwindows-2.4.2-mc1.20.1forge.jar,False
mcwwindows,mcwwindows:cherry_log_parapet,cherry_log_parapet,mcw-mcwwindows-2.4.2-mc1.20.1forge.jar,False
mcwwindows,mcwwindows:cherry_louvered_shutter,cherry_louvered_shutter,mcw-mcwwindows-2.4.2-mc1.20.1forge.jar,False
mcwwindows,mcwwindows:cherry_pane_window,cherry_pane_window,mcw-mcwwindows-2.4.2-mc1.20.1forge.jar,False
mcwwindows,mcwwindows:cherry_plank_four_window,cherry_plank_four_window,mcw-mcwwindows-2.4.2-mc1.20.1forge.jar,False
mcwwindows,mcwwindows:cherry_plank_pane_window,cherry_plank_pane_window,mcw-mcwwindows-2.4.2-mc1.20.1forge.jar,False
mcwwindows,mcwwindows:cherry_plank_parapet,cherry_plank_parapet,mcw-mcwwindows-2.4.2-mc1.20.1forge.jar,False
mcwwindows,mcwwindows:cherry_plank_window,cherry_plank_window,mcw-mcwwindows-2.4.2-mc1.20.1forge.jar,False
mcwwindows,mcwwindows:cherry_plank_window2,cherry_plank_window2,mcw-mcwwindows-2.4.2-mc1.20.1forge.jar,False
mcwwindows,mcwwindows:cherry_shutter,cherry_shutter,mcw-mcwwindows-2.4.2-mc1.20.1forge.jar,False
mcwwindows,mcwwindows:cherry_window,cherry_window,mcw-mcwwindows-2.4.2-mc1.20.1forge.jar,False
mcwwindows,mcwwindows:cherry_window2,cherry_window2,mcw-mcwwindows-2.4.2-mc1.20.1forge.jar,False
mcwwindows,mcwwindows:cobblestone_arrow_slit,cobblestone_arrow_slit,mcw-mcwwindows-2.4.2-mc1.20.1forge.jar,False
mcwwindows,mcwwindows:crimson_blinds,crimson_blinds,mcw-mcwwindows-2.4.2-mc1.20.1forge.jar,False
mcwwindows,mcwwindows:crimson_curtain_rod,crimson_curtain_rod,mcw-mcwwindows-2.4.2-mc1.20.1forge.jar,False
mcwwindows,mcwwindows:crimson_four_window,crimson_four_window,mcw-mcwwindows-2.4.2-mc1.20.1forge.jar,False
mcwwindows,mcwwindows:crimson_louvered_shutter,crimson_louvered_shutter,mcw-mcwwindows-2.4.2-mc1.20.1forge.jar,False
mcwwindows,mcwwindows:crimson_pane_window,crimson_pane_window,mcw-mcwwindows-2.4.2-mc1.20.1forge.jar,False
mcwwindows,mcwwindows:crimson_plank_four_window,crimson_plank_four_window,mcw-mcwwindows-2.4.2-mc1.20.1forge.jar,False
mcwwindows,mcwwindows:crimson_plank_pane_window,crimson_plank_pane_window,mcw-mcwwindows-2.4.2-mc1.20.1forge.jar,False
mcwwindows,mcwwindows:crimson_plank_parapet,crimson_plank_parapet,mcw-mcwwindows-2.4.2-mc1.20.1forge.jar,False
mcwwindows,mcwwindows:crimson_plank_window,crimson_plank_window,mcw-mcwwindows-2.4.2-mc1.20.1forge.jar,False
mcwwindows,mcwwindows:crimson_plank_window2,crimson_plank_window2,mcw-mcwwindows-2.4.2-mc1.20.1forge.jar,False
mcwwindows,mcwwindows:crimson_planks_four_window,crimson_planks_four_window,mcw-mcwwindows-2.4.2-mc1.20.1forge.jar,False
mcwwindows,mcwwindows:crimson_planks_window,crimson_planks_window,mcw-mcwwindows-2.4.2-mc1.20.1forge.jar,False
mcwwindows,mcwwindows:crimson_planks_window2,crimson_planks_window2,mcw-mcwwindows-2.4.2-mc1.20.1forge.jar,False
mcwwindows,mcwwindows:crimson_shutter,crimson_shutter,mcw-mcwwindows-2.4.2-mc1.20.1forge.jar,False
mcwwindows,mcwwindows:crimson_stem_four_window,crimson_stem_four_window,mcw-mcwwindows-2.4.2-mc1.20.1forge.jar,False
mcwwindows,mcwwindows:crimson_stem_parapet,crimson_stem_parapet,mcw-mcwwindows-2.4.2-mc1.20.1forge.jar,False
mcwwindows,mcwwindows:crimson_stem_window,crimson_stem_window,mcw-mcwwindows-2.4.2-mc1.20.1forge.jar,False
mcwwindows,mcwwindows:crimson_stem_window2,crimson_stem_window2,mcw-mcwwindows-2.4.2-mc1.20.1forge.jar,False
mcwwindows,mcwwindows:crimson_window,crimson_window,mcw-mcwwindows-2.4.2-mc1.20.1forge.jar,False
mcwwindows,mcwwindows:crimson_window2,crimson_window2,mcw-mcwwindows-2.4.2-mc1.20.1forge.jar,False
mcwwindows,mcwwindows:cyan_curtain,cyan_curtain,mcw-mcwwindows-2.4.2-mc1.20.1forge.jar,False
mcwwindows,mcwwindows:cyan_mosaic_glass,cyan_mosaic_glass,mcw-mcwwindows-2.4.2-mc1.20.1forge.jar,False
mcwwindows,mcwwindows:cyan_mosaic_glass_pane,cyan_mosaic_glass_pane,mcw-mcwwindows-2.4.2-mc1.20.1forge.jar,False
mcwwindows,mcwwindows:dark_oak_blinds,dark_oak_blinds,mcw-mcwwindows-2.4.2-mc1.20.1forge.jar,False
mcwwindows,mcwwindows:dark_oak_curtain_rod,dark_oak_curtain_rod,mcw-mcwwindows-2.4.2-mc1.20.1forge.jar,False
mcwwindows,mcwwindows:dark_oak_four_window,dark_oak_four_window,mcw-mcwwindows-2.4.2-mc1.20.1forge.jar,False
mcwwindows,mcwwindows:dark_oak_log_parapet,dark_oak_log_parapet,mcw-mcwwindows-2.4.2-mc1.20.1forge.jar,False
mcwwindows,mcwwindows:dark_oak_louvered_shutter,dark_oak_louvered_shutter,mcw-mcwwindows-2.4.2-mc1.20.1forge.jar,False
mcwwindows,mcwwindows:dark_oak_pane_window,dark_oak_pane_window,mcw-mcwwindows-2.4.2-mc1.20.1forge.jar,False
mcwwindows,mcwwindows:dark_oak_plank_four_window,dark_oak_plank_four_window,mcw-mcwwindows-2.4.2-mc1.20.1forge.jar,False
mcwwindows,mcwwindows:dark_oak_plank_pane_window,dark_oak_plank_pane_window,mcw-mcwwindows-2.4.2-mc1.20.1forge.jar,False
mcwwindows,mcwwindows:dark_oak_plank_parapet,dark_oak_plank_parapet,mcw-mcwwindows-2.4.2-mc1.20.1forge.jar,False
mcwwindows,mcwwindows:dark_oak_plank_window,dark_oak_plank_window,mcw-mcwwindows-2.4.2-mc1.20.1forge.jar,False
mcwwindows,mcwwindows:dark_oak_plank_window2,dark_oak_plank_window2,mcw-mcwwindows-2.4.2-mc1.20.1forge.jar,False
mcwwindows,mcwwindows:dark_oak_shutter,dark_oak_shutter,mcw-mcwwindows-2.4.2-mc1.20.1forge.jar,False
mcwwindows,mcwwindows:dark_oak_window,dark_oak_window,mcw-mcwwindows-2.4.2-mc1.20.1forge.jar,False
mcwwindows,mcwwindows:dark_oak_window2,dark_oak_window2,mcw-mcwwindows-2.4.2-mc1.20.1forge.jar,False
mcwwindows,mcwwindows:dark_prismarine_brick_arrow_slit,dark_prismarine_brick_arrow_slit,mcw-mcwwindows-2.4.2-mc1.20.1forge.jar,False
mcwwindows,mcwwindows:dark_prismarine_brick_gothic,dark_prismarine_brick_gothic,mcw-mcwwindows-2.4.2-mc1.20.1forge.jar,False
mcwwindows,mcwwindows:dark_prismarine_four_window,dark_prismarine_four_window,mcw-mcwwindows-2.4.2-mc1.20.1forge.jar,False
mcwwindows,mcwwindows:dark_prismarine_pane_window,dark_prismarine_pane_window,mcw-mcwwindows-2.4.2-mc1.20.1forge.jar,False
mcwwindows,mcwwindows:dark_prismarine_parapet,dark_prismarine_parapet,mcw-mcwwindows-2.4.2-mc1.20.1forge.jar,False
mcwwindows,mcwwindows:dark_prismarine_window,dark_prismarine_window,mcw-mcwwindows-2.4.2-mc1.20.1forge.jar,False
mcwwindows,mcwwindows:dark_prismarine_window2,dark_prismarine_window2,mcw-mcwwindows-2.4.2-mc1.20.1forge.jar,False
mcwwindows,mcwwindows:deepslate_four_window,deepslate_four_window,mcw-mcwwindows-2.4.2-mc1.20.1forge.jar,False
mcwwindows,mcwwindows:deepslate_pane_window,deepslate_pane_window,mcw-mcwwindows-2.4.2-mc1.20.1forge.jar,False
mcwwindows,mcwwindows:deepslate_window,deepslate_window,mcw-mcwwindows-2.4.2-mc1.20.1forge.jar,False
mcwwindows,mcwwindows:deepslate_window2,deepslate_window2,mcw-mcwwindows-2.4.2-mc1.20.1forge.jar,False
mcwwindows,mcwwindows:diorite_four_window,diorite_four_window,mcw-mcwwindows-2.4.2-mc1.20.1forge.jar,False
mcwwindows,mcwwindows:diorite_louvered_shutter,diorite_louvered_shutter,mcw-mcwwindows-2.4.2-mc1.20.1forge.jar,False
mcwwindows,mcwwindows:diorite_pane_window,diorite_pane_window,mcw-mcwwindows-2.4.2-mc1.20.1forge.jar,False
mcwwindows,mcwwindows:diorite_parapet,diorite_parapet,mcw-mcwwindows-2.4.2-mc1.20.1forge.jar,False
mcwwindows,mcwwindows:diorite_window,diorite_window,mcw-mcwwindows-2.4.2-mc1.20.1forge.jar,False
mcwwindows,mcwwindows:diorite_window2,diorite_window2,mcw-mcwwindows-2.4.2-mc1.20.1forge.jar,False
mcwwindows,mcwwindows:end_brick_gothic,end_brick_gothic,mcw-mcwwindows-2.4.2-mc1.20.1forge.jar,False
mcwwindows,mcwwindows:ender_brick_arrow_slit,ender_brick_arrow_slit,mcw-mcwwindows-2.4.2-mc1.20.1forge.jar,False
mcwwindows,mcwwindows:golden_curtain_rod,golden_curtain_rod,mcw-mcwwindows-2.4.2-mc1.20.1forge.jar,False
mcwwindows,mcwwindows:granite_four_window,granite_four_window,mcw-mcwwindows-2.4.2-mc1.20.1forge.jar,False
mcwwindows,mcwwindows:granite_louvered_shutter,granite_louvered_shutter,mcw-mcwwindows-2.4.2-mc1.20.1forge.jar,False
mcwwindows,mcwwindows:granite_pane_window,granite_pane_window,mcw-mcwwindows-2.4.2-mc1.20.1forge.jar,False
mcwwindows,mcwwindows:granite_parapet,granite_parapet,mcw-mcwwindows-2.4.2-mc1.20.1forge.jar,False
mcwwindows,mcwwindows:granite_window,granite_window,mcw-mcwwindows-2.4.2-mc1.20.1forge.jar,False
mcwwindows,mcwwindows:granite_window2,granite_window2,mcw-mcwwindows-2.4.2-mc1.20.1forge.jar,False
mcwwindows,mcwwindows:gray_curtain,gray_curtain,mcw-mcwwindows-2.4.2-mc1.20.1forge.jar,False
mcwwindows,mcwwindows:gray_mosaic_glass,gray_mosaic_glass,mcw-mcwwindows-2.4.2-mc1.20.1forge.jar,False
mcwwindows,mcwwindows:gray_mosaic_glass_pane,gray_mosaic_glass_pane,mcw-mcwwindows-2.4.2-mc1.20.1forge.jar,False
mcwwindows,mcwwindows:green_curtain,green_curtain,mcw-mcwwindows-2.4.2-mc1.20.1forge.jar,False
mcwwindows,mcwwindows:green_mosaic_glass,green_mosaic_glass,mcw-mcwwindows-2.4.2-mc1.20.1forge.jar,False
mcwwindows,mcwwindows:green_mosaic_glass_pane,green_mosaic_glass_pane,mcw-mcwwindows-2.4.2-mc1.20.1forge.jar,False
mcwwindows,mcwwindows:iron_shutter,iron_shutter,mcw-mcwwindows-2.4.2-mc1.20.1forge.jar,False
mcwwindows,mcwwindows:jungle_blinds,jungle_blinds,mcw-mcwwindows-2.4.2-mc1.20.1forge.jar,False
mcwwindows,mcwwindows:jungle_curtain_rod,jungle_curtain_rod,mcw-mcwwindows-2.4.2-mc1.20.1forge.jar,False
mcwwindows,mcwwindows:jungle_four_window,jungle_four_window,mcw-mcwwindows-2.4.2-mc1.20.1forge.jar,False
mcwwindows,mcwwindows:jungle_log_parapet,jungle_log_parapet,mcw-mcwwindows-2.4.2-mc1.20.1forge.jar,False
mcwwindows,mcwwindows:jungle_louvered_shutter,jungle_louvered_shutter,mcw-mcwwindows-2.4.2-mc1.20.1forge.jar,False
mcwwindows,mcwwindows:jungle_pane_window,jungle_pane_window,mcw-mcwwindows-2.4.2-mc1.20.1forge.jar,False
mcwwindows,mcwwindows:jungle_plank_four_window,jungle_plank_four_window,mcw-mcwwindows-2.4.2-mc1.20.1forge.jar,False
mcwwindows,mcwwindows:jungle_plank_pane_window,jungle_plank_pane_window,mcw-mcwwindows-2.4.2-mc1.20.1forge.jar,False
mcwwindows,mcwwindows:jungle_plank_parapet,jungle_plank_parapet,mcw-mcwwindows-2.4.2-mc1.20.1forge.jar,False
mcwwindows,mcwwindows:jungle_plank_window,jungle_plank_window,mcw-mcwwindows-2.4.2-mc1.20.1forge.jar,False
mcwwindows,mcwwindows:jungle_plank_window2,jungle_plank_window2,mcw-mcwwindows-2.4.2-mc1.20.1forge.jar,False
mcwwindows,mcwwindows:jungle_shutter,jungle_shutter,mcw-mcwwindows-2.4.2-mc1.20.1forge.jar,False
mcwwindows,mcwwindows:jungle_window,jungle_window,mcw-mcwwindows-2.4.2-mc1.20.1forge.jar,False
mcwwindows,mcwwindows:jungle_window2,jungle_window2,mcw-mcwwindows-2.4.2-mc1.20.1forge.jar,False
mcwwindows,mcwwindows:light_blue_curtain,light_blue_curtain,mcw-mcwwindows-2.4.2-mc1.20.1forge.jar,False
mcwwindows,mcwwindows:light_blue_mosaic_glass,light_blue_mosaic_glass,mcw-mcwwindows-2.4.2-mc1.20.1forge.jar,False
mcwwindows,mcwwindows:light_blue_mosaic_glass_pane,light_blue_mosaic_glass_pane,mcw-mcwwindows-2.4.2-mc1.20.1forge.jar,False
mcwwindows,mcwwindows:light_gray_curtain,light_gray_curtain,mcw-mcwwindows-2.4.2-mc1.20.1forge.jar,False
mcwwindows,mcwwindows:light_gray_mosaic_glass,light_gray_mosaic_glass,mcw-mcwwindows-2.4.2-mc1.20.1forge.jar,False
mcwwindows,mcwwindows:light_gray_mosaic_glass_pane,light_gray_mosaic_glass_pane,mcw-mcwwindows-2.4.2-mc1.20.1forge.jar,False
mcwwindows,mcwwindows:lime_curtain,lime_curtain,mcw-mcwwindows-2.4.2-mc1.20.1forge.jar,False
mcwwindows,mcwwindows:lime_mosaic_glass,lime_mosaic_glass,mcw-mcwwindows-2.4.2-mc1.20.1forge.jar,False
mcwwindows,mcwwindows:lime_mosaic_glass_pane,lime_mosaic_glass_pane,mcw-mcwwindows-2.4.2-mc1.20.1forge.jar,False
mcwwindows,mcwwindows:magenta_curtain,magenta_curtain,mcw-mcwwindows-2.4.2-mc1.20.1forge.jar,False
mcwwindows,mcwwindows:magenta_mosaic_glass,magenta_mosaic_glass,mcw-mcwwindows-2.4.2-mc1.20.1forge.jar,False
mcwwindows,mcwwindows:magenta_mosaic_glass_pane,magenta_mosaic_glass_pane,mcw-mcwwindows-2.4.2-mc1.20.1forge.jar,False
mcwwindows,mcwwindows:mangrove_blinds,mangrove_blinds,mcw-mcwwindows-2.4.2-mc1.20.1forge.jar,False
mcwwindows,mcwwindows:mangrove_curtain_rod,mangrove_curtain_rod,mcw-mcwwindows-2.4.2-mc1.20.1forge.jar,False
mcwwindows,mcwwindows:mangrove_four_window,mangrove_four_window,mcw-mcwwindows-2.4.2-mc1.20.1forge.jar,False
mcwwindows,mcwwindows:mangrove_log_parapet,mangrove_log_parapet,mcw-mcwwindows-2.4.2-mc1.20.1forge.jar,False
mcwwindows,mcwwindows:mangrove_louvered_shutter,mangrove_louvered_shutter,mcw-mcwwindows-2.4.2-mc1.20.1forge.jar,False
mcwwindows,mcwwindows:mangrove_pane_window,mangrove_pane_window,mcw-mcwwindows-2.4.2-mc1.20.1forge.jar,False
mcwwindows,mcwwindows:mangrove_plank_four_window,mangrove_plank_four_window,mcw-mcwwindows-2.4.2-mc1.20.1forge.jar,False
mcwwindows,mcwwindows:mangrove_plank_pane_window,mangrove_plank_pane_window,mcw-mcwwindows-2.4.2-mc1.20.1forge.jar,False
mcwwindows,mcwwindows:mangrove_plank_parapet,mangrove_plank_parapet,mcw-mcwwindows-2.4.2-mc1.20.1forge.jar,False
mcwwindows,mcwwindows:mangrove_plank_window,mangrove_plank_window,mcw-mcwwindows-2.4.2-mc1.20.1forge.jar,False
mcwwindows,mcwwindows:mangrove_plank_window2,mangrove_plank_window2,mcw-mcwwindows-2.4.2-mc1.20.1forge.jar,False
mcwwindows,mcwwindows:mangrove_shutter,mangrove_shutter,mcw-mcwwindows-2.4.2-mc1.20.1forge.jar,False
mcwwindows,mcwwindows:mangrove_window,mangrove_window,mcw-mcwwindows-2.4.2-mc1.20.1forge.jar,False
mcwwindows,mcwwindows:mangrove_window2,mangrove_window2,mcw-mcwwindows-2.4.2-mc1.20.1forge.jar,False
mcwwindows,mcwwindows:metal_curtain_rod,metal_curtain_rod,mcw-mcwwindows-2.4.2-mc1.20.1forge.jar,False
mcwwindows,mcwwindows:metal_four_window,metal_four_window,mcw-mcwwindows-2.4.2-mc1.20.1forge.jar,False
mcwwindows,mcwwindows:metal_pane_window,metal_pane_window,mcw-mcwwindows-2.4.2-mc1.20.1forge.jar,False
mcwwindows,mcwwindows:metal_window,metal_window,mcw-mcwwindows-2.4.2-mc1.20.1forge.jar,False
mcwwindows,mcwwindows:metal_window2,metal_window2,mcw-mcwwindows-2.4.2-mc1.20.1forge.jar,False
mcwwindows,mcwwindows:mud_brick_arrow_slit,mud_brick_arrow_slit,mcw-mcwwindows-2.4.2-mc1.20.1forge.jar,False
mcwwindows,mcwwindows:mud_brick_gothic,mud_brick_gothic,mcw-mcwwindows-2.4.2-mc1.20.1forge.jar,False
mcwwindows,mcwwindows:nether_brick_arrow_slit,nether_brick_arrow_slit,mcw-mcwwindows-2.4.2-mc1.20.1forge.jar,False
mcwwindows,mcwwindows:nether_brick_gothic,nether_brick_gothic,mcw-mcwwindows-2.4.2-mc1.20.1forge.jar,False
mcwwindows,mcwwindows:oak_blinds,oak_blinds,mcw-mcwwindows-2.4.2-mc1.20.1forge.jar,False
mcwwindows,mcwwindows:oak_curtain_rod,oak_curtain_rod,mcw-mcwwindows-2.4.2-mc1.20.1forge.jar,False
mcwwindows,mcwwindows:oak_four_window,oak_four_window,mcw-mcwwindows-2.4.2-mc1.20.1forge.jar,False
mcwwindows,mcwwindows:oak_log_parapet,oak_log_parapet,mcw-mcwwindows-2.4.2-mc1.20.1forge.jar,False
mcwwindows,mcwwindows:oak_louvered_shutter,oak_louvered_shutter,mcw-mcwwindows-2.4.2-mc1.20.1forge.jar,False
mcwwindows,mcwwindows:oak_pane_window,oak_pane_window,mcw-mcwwindows-2.4.2-mc1.20.1forge.jar,False
mcwwindows,mcwwindows:oak_plank_four_window,oak_plank_four_window,mcw-mcwwindows-2.4.2-mc1.20.1forge.jar,False
mcwwindows,mcwwindows:oak_plank_pane_window,oak_plank_pane_window,mcw-mcwwindows-2.4.2-mc1.20.1forge.jar,False
mcwwindows,mcwwindows:oak_plank_parapet,oak_plank_parapet,mcw-mcwwindows-2.4.2-mc1.20.1forge.jar,False
mcwwindows,mcwwindows:oak_plank_window,oak_plank_window,mcw-mcwwindows-2.4.2-mc1.20.1forge.jar,False
mcwwindows,mcwwindows:oak_plank_window2,oak_plank_window2,mcw-mcwwindows-2.4.2-mc1.20.1forge.jar,False
mcwwindows,mcwwindows:oak_shutter,oak_shutter,mcw-mcwwindows-2.4.2-mc1.20.1forge.jar,False
mcwwindows,mcwwindows:oak_window,oak_window,mcw-mcwwindows-2.4.2-mc1.20.1forge.jar,False
mcwwindows,mcwwindows:oak_window2,oak_window2,mcw-mcwwindows-2.4.2-mc1.20.1forge.jar,False
mcwwindows,mcwwindows:one_way_glass,one_way_glass,mcw-mcwwindows-2.4.2-mc1.20.1forge.jar,False
mcwwindows,mcwwindows:one_way_glass_pane,one_way_glass_pane,mcw-mcwwindows-2.4.2-mc1.20.1forge.jar,False
mcwwindows,mcwwindows:orange_curtain,orange_curtain,mcw-mcwwindows-2.4.2-mc1.20.1forge.jar,False
mcwwindows,mcwwindows:orange_mosaic_glass,orange_mosaic_glass,mcw-mcwwindows-2.4.2-mc1.20.1forge.jar,False
mcwwindows,mcwwindows:orange_mosaic_glass_pane,orange_mosaic_glass_pane,mcw-mcwwindows-2.4.2-mc1.20.1forge.jar,False
mcwwindows,mcwwindows:pink_curtain,pink_curtain,mcw-mcwwindows-2.4.2-mc1.20.1forge.jar,False
mcwwindows,mcwwindows:pink_mosaic_glass,pink_mosaic_glass,mcw-mcwwindows-2.4.2-mc1.20.1forge.jar,False
mcwwindows,mcwwindows:pink_mosaic_glass_pane,pink_mosaic_glass_pane,mcw-mcwwindows-2.4.2-mc1.20.1forge.jar,False
mcwwindows,mcwwindows:prismarine_brick_arrow_slit,prismarine_brick_arrow_slit,mcw-mcwwindows-2.4.2-mc1.20.1forge.jar,False
mcwwindows,mcwwindows:prismarine_brick_gothic,prismarine_brick_gothic,mcw-mcwwindows-2.4.2-mc1.20.1forge.jar,False
mcwwindows,mcwwindows:prismarine_four_window,prismarine_four_window,mcw-mcwwindows-2.4.2-mc1.20.1forge.jar,False
mcwwindows,mcwwindows:prismarine_pane_window,prismarine_pane_window,mcw-mcwwindows-2.4.2-mc1.20.1forge.jar,False
mcwwindows,mcwwindows:prismarine_parapet,prismarine_parapet,mcw-mcwwindows-2.4.2-mc1.20.1forge.jar,False
mcwwindows,mcwwindows:prismarine_window,prismarine_window,mcw-mcwwindows-2.4.2-mc1.20.1forge.jar,False
mcwwindows,mcwwindows:prismarine_window2,prismarine_window2,mcw-mcwwindows-2.4.2-mc1.20.1forge.jar,False
mcwwindows,mcwwindows:purple_curtain,purple_curtain,mcw-mcwwindows-2.4.2-mc1.20.1forge.jar,False
mcwwindows,mcwwindows:purple_mosaic_glass,purple_mosaic_glass,mcw-mcwwindows-2.4.2-mc1.20.1forge.jar,False
mcwwindows,mcwwindows:purple_mosaic_glass_pane,purple_mosaic_glass_pane,mcw-mcwwindows-2.4.2-mc1.20.1forge.jar,False
mcwwindows,mcwwindows:quartz_four_window,quartz_four_window,mcw-mcwwindows-2.4.2-mc1.20.1forge.jar,False
mcwwindows,mcwwindows:quartz_pane_window,quartz_pane_window,mcw-mcwwindows-2.4.2-mc1.20.1forge.jar,False
mcwwindows,mcwwindows:quartz_window,quartz_window,mcw-mcwwindows-2.4.2-mc1.20.1forge.jar,False
mcwwindows,mcwwindows:quartz_window2,quartz_window2,mcw-mcwwindows-2.4.2-mc1.20.1forge.jar,False
mcwwindows,mcwwindows:red_curtain,red_curtain,mcw-mcwwindows-2.4.2-mc1.20.1forge.jar,False
mcwwindows,mcwwindows:red_mosaic_glass,red_mosaic_glass,mcw-mcwwindows-2.4.2-mc1.20.1forge.jar,False
mcwwindows,mcwwindows:red_mosaic_glass_pane,red_mosaic_glass_pane,mcw-mcwwindows-2.4.2-mc1.20.1forge.jar,False
mcwwindows,mcwwindows:red_sandstone_four_window,red_sandstone_four_window,mcw-mcwwindows-2.4.2-mc1.20.1forge.jar,False
mcwwindows,mcwwindows:red_sandstone_pane_window,red_sandstone_pane_window,mcw-mcwwindows-2.4.2-mc1.20.1forge.jar,False
mcwwindows,mcwwindows:red_sandstone_window,red_sandstone_window,mcw-mcwwindows-2.4.2-mc1.20.1forge.jar,False
mcwwindows,mcwwindows:red_sandstone_window2,red_sandstone_window2,mcw-mcwwindows-2.4.2-mc1.20.1forge.jar,False
mcwwindows,mcwwindows:sandstone_four_window,sandstone_four_window,mcw-mcwwindows-2.4.2-mc1.20.1forge.jar,False
mcwwindows,mcwwindows:sandstone_pane_window,sandstone_pane_window,mcw-mcwwindows-2.4.2-mc1.20.1forge.jar,False
mcwwindows,mcwwindows:sandstone_window,sandstone_window,mcw-mcwwindows-2.4.2-mc1.20.1forge.jar,False
mcwwindows,mcwwindows:sandstone_window2,sandstone_window2,mcw-mcwwindows-2.4.2-mc1.20.1forge.jar,False
mcwwindows,mcwwindows:spruce_blinds,spruce_blinds,mcw-mcwwindows-2.4.2-mc1.20.1forge.jar,False
mcwwindows,mcwwindows:spruce_curtain_rod,spruce_curtain_rod,mcw-mcwwindows-2.4.2-mc1.20.1forge.jar,False
mcwwindows,mcwwindows:spruce_four_window,spruce_four_window,mcw-mcwwindows-2.4.2-mc1.20.1forge.jar,False
mcwwindows,mcwwindows:spruce_log_parapet,spruce_log_parapet,mcw-mcwwindows-2.4.2-mc1.20.1forge.jar,False
mcwwindows,mcwwindows:spruce_louvered_shutter,spruce_louvered_shutter,mcw-mcwwindows-2.4.2-mc1.20.1forge.jar,False
mcwwindows,mcwwindows:spruce_pane_window,spruce_pane_window,mcw-mcwwindows-2.4.2-mc1.20.1forge.jar,False
mcwwindows,mcwwindows:spruce_plank_four_window,spruce_plank_four_window,mcw-mcwwindows-2.4.2-mc1.20.1forge.jar,False
mcwwindows,mcwwindows:spruce_plank_pane_window,spruce_plank_pane_window,mcw-mcwwindows-2.4.2-mc1.20.1forge.jar,False
mcwwindows,mcwwindows:spruce_plank_parapet,spruce_plank_parapet,mcw-mcwwindows-2.4.2-mc1.20.1forge.jar,False
mcwwindows,mcwwindows:spruce_plank_window,spruce_plank_window,mcw-mcwwindows-2.4.2-mc1.20.1forge.jar,False
mcwwindows,mcwwindows:spruce_plank_window2,spruce_plank_window2,mcw-mcwwindows-2.4.2-mc1.20.1forge.jar,False
mcwwindows,mcwwindows:spruce_shutter,spruce_shutter,mcw-mcwwindows-2.4.2-mc1.20.1forge.jar,False
mcwwindows,mcwwindows:spruce_window,spruce_window,mcw-mcwwindows-2.4.2-mc1.20.1forge.jar,False
mcwwindows,mcwwindows:spruce_window2,spruce_window2,mcw-mcwwindows-2.4.2-mc1.20.1forge.jar,False
mcwwindows,mcwwindows:stone_brick_arrow_slit,stone_brick_arrow_slit,mcw-mcwwindows-2.4.2-mc1.20.1forge.jar,False
mcwwindows,mcwwindows:stone_brick_gothic,stone_brick_gothic,mcw-mcwwindows-2.4.2-mc1.20.1forge.jar,False
mcwwindows,mcwwindows:stone_four_window,stone_four_window,mcw-mcwwindows-2.4.2-mc1.20.1forge.jar,False
mcwwindows,mcwwindows:stone_pane_window,stone_pane_window,mcw-mcwwindows-2.4.2-mc1.20.1forge.jar,False
mcwwindows,mcwwindows:stone_window,stone_window,mcw-mcwwindows-2.4.2-mc1.20.1forge.jar,False
mcwwindows,mcwwindows:stone_window2,stone_window2,mcw-mcwwindows-2.4.2-mc1.20.1forge.jar,False
mcwwindows,mcwwindows:stripped_acacia_log_four_window,stripped_acacia_log_four_window,mcw-mcwwindows-2.4.2-mc1.20.1forge.jar,False
mcwwindows,mcwwindows:stripped_acacia_log_window,stripped_acacia_log_window,mcw-mcwwindows-2.4.2-mc1.20.1forge.jar,False
mcwwindows,mcwwindows:stripped_acacia_log_window2,stripped_acacia_log_window2,mcw-mcwwindows-2.4.2-mc1.20.1forge.jar,False
mcwwindows,mcwwindows:stripped_acacia_pane_window,stripped_acacia_pane_window,mcw-mcwwindows-2.4.2-mc1.20.1forge.jar,False
mcwwindows,mcwwindows:stripped_birch_log_four_window,stripped_birch_log_four_window,mcw-mcwwindows-2.4.2-mc1.20.1forge.jar,False
mcwwindows,mcwwindows:stripped_birch_log_window,stripped_birch_log_window,mcw-mcwwindows-2.4.2-mc1.20.1forge.jar,False
mcwwindows,mcwwindows:stripped_birch_log_window2,stripped_birch_log_window2,mcw-mcwwindows-2.4.2-mc1.20.1forge.jar,False
mcwwindows,mcwwindows:stripped_birch_pane_window,stripped_birch_pane_window,mcw-mcwwindows-2.4.2-mc1.20.1forge.jar,False
mcwwindows,mcwwindows:stripped_cherry_log_four_window,stripped_cherry_log_four_window,mcw-mcwwindows-2.4.2-mc1.20.1forge.jar,False
mcwwindows,mcwwindows:stripped_cherry_log_window,stripped_cherry_log_window,mcw-mcwwindows-2.4.2-mc1.20.1forge.jar,False
mcwwindows,mcwwindows:stripped_cherry_log_window2,stripped_cherry_log_window2,mcw-mcwwindows-2.4.2-mc1.20.1forge.jar,False
mcwwindows,mcwwindows:stripped_cherry_pane_window,stripped_cherry_pane_window,mcw-mcwwindows-2.4.2-mc1.20.1forge.jar,False
mcwwindows,mcwwindows:stripped_crimson_log_four_window,stripped_crimson_log_four_window,mcw-mcwwindows-2.4.2-mc1.20.1forge.jar,False
mcwwindows,mcwwindows:stripped_crimson_log_window,stripped_crimson_log_window,mcw-mcwwindows-2.4.2-mc1.20.1forge.jar,False
mcwwindows,mcwwindows:stripped_crimson_log_window2,stripped_crimson_log_window2,mcw-mcwwindows-2.4.2-mc1.20.1forge.jar,False
mcwwindows,mcwwindows:stripped_crimson_pane_window,stripped_crimson_pane_window,mcw-mcwwindows-2.4.2-mc1.20.1forge.jar,False
mcwwindows,mcwwindows:stripped_crimson_stem_four_window,stripped_crimson_stem_four_window,mcw-mcwwindows-2.4.2-mc1.20.1forge.jar,False
mcwwindows,mcwwindows:stripped_crimson_stem_window,stripped_crimson_stem_window,mcw-mcwwindows-2.4.2-mc1.20.1forge.jar,False
mcwwindows,mcwwindows:stripped_crimson_stem_window2,stripped_crimson_stem_window2,mcw-mcwwindows-2.4.2-mc1.20.1forge.jar,False
mcwwindows,mcwwindows:stripped_dark_oak_log_four_window,stripped_dark_oak_log_four_window,mcw-mcwwindows-2.4.2-mc1.20.1forge.jar,False
mcwwindows,mcwwindows:stripped_dark_oak_log_window,stripped_dark_oak_log_window,mcw-mcwwindows-2.4.2-mc1.20.1forge.jar,False
mcwwindows,mcwwindows:stripped_dark_oak_log_window2,stripped_dark_oak_log_window2,mcw-mcwwindows-2.4.2-mc1.20.1forge.jar,False
mcwwindows,mcwwindows:stripped_dark_oak_pane_window,stripped_dark_oak_pane_window,mcw-mcwwindows-2.4.2-mc1.20.1forge.jar,False
mcwwindows,mcwwindows:stripped_jungle_log_four_window,stripped_jungle_log_four_window,mcw-mcwwindows-2.4.2-mc1.20.1forge.jar,False
mcwwindows,mcwwindows:stripped_jungle_log_window,stripped_jungle_log_window,mcw-mcwwindows-2.4.2-mc1.20.1forge.jar,False
mcwwindows,mcwwindows:stripped_jungle_log_window2,stripped_jungle_log_window2,mcw-mcwwindows-2.4.2-mc1.20.1forge.jar,False
mcwwindows,mcwwindows:stripped_jungle_pane_window,stripped_jungle_pane_window,mcw-mcwwindows-2.4.2-mc1.20.1forge.jar,False
mcwwindows,mcwwindows:stripped_mangrove_log_four_window,stripped_mangrove_log_four_window,mcw-mcwwindows-2.4.2-mc1.20.1forge.jar,False
mcwwindows,mcwwindows:stripped_mangrove_log_window,stripped_mangrove_log_window,mcw-mcwwindows-2.4.2-mc1.20.1forge.jar,False
mcwwindows,mcwwindows:stripped_mangrove_log_window2,stripped_mangrove_log_window2,mcw-mcwwindows-2.4.2-mc1.20.1forge.jar,False
mcwwindows,mcwwindows:stripped_mangrove_pane_window,stripped_mangrove_pane_window,mcw-mcwwindows-2.4.2-mc1.20.1forge.jar,False
mcwwindows,mcwwindows:stripped_oak_log_four_window,stripped_oak_log_four_window,mcw-mcwwindows-2.4.2-mc1.20.1forge.jar,False
mcwwindows,mcwwindows:stripped_oak_log_window,stripped_oak_log_window,mcw-mcwwindows-2.4.2-mc1.20.1forge.jar,False
mcwwindows,mcwwindows:stripped_oak_log_window2,stripped_oak_log_window2,mcw-mcwwindows-2.4.2-mc1.20.1forge.jar,False
mcwwindows,mcwwindows:stripped_oak_pane_window,stripped_oak_pane_window,mcw-mcwwindows-2.4.2-mc1.20.1forge.jar,False
mcwwindows,mcwwindows:stripped_spruce_log_four_window,stripped_spruce_log_four_window,mcw-mcwwindows-2.4.2-mc1.20.1forge.jar,False
mcwwindows,mcwwindows:stripped_spruce_log_window,stripped_spruce_log_window,mcw-mcwwindows-2.4.2-mc1.20.1forge.jar,False
mcwwindows,mcwwindows:stripped_spruce_log_window2,stripped_spruce_log_window2,mcw-mcwwindows-2.4.2-mc1.20.1forge.jar,False
mcwwindows,mcwwindows:stripped_spruce_pane_window,stripped_spruce_pane_window,mcw-mcwwindows-2.4.2-mc1.20.1forge.jar,False
mcwwindows,mcwwindows:stripped_warped_log_four_window,stripped_warped_log_four_window,mcw-mcwwindows-2.4.2-mc1.20.1forge.jar,False
mcwwindows,mcwwindows:stripped_warped_log_window,stripped_warped_log_window,mcw-mcwwindows-2.4.2-mc1.20.1forge.jar,False
mcwwindows,mcwwindows:stripped_warped_log_window2,stripped_warped_log_window2,mcw-mcwwindows-2.4.2-mc1.20.1forge.jar,False
mcwwindows,mcwwindows:stripped_warped_pane_window,stripped_warped_pane_window,mcw-mcwwindows-2.4.2-mc1.20.1forge.jar,False
mcwwindows,mcwwindows:stripped_warped_stem_four_window,stripped_warped_stem_four_window,mcw-mcwwindows-2.4.2-mc1.20.1forge.jar,False
mcwwindows,mcwwindows:stripped_warped_stem_window,stripped_warped_stem_window,mcw-mcwwindows-2.4.2-mc1.20.1forge.jar,False
mcwwindows,mcwwindows:stripped_warped_stem_window2,stripped_warped_stem_window2,mcw-mcwwindows-2.4.2-mc1.20.1forge.jar,False
mcwwindows,mcwwindows:warped_blinds,warped_blinds,mcw-mcwwindows-2.4.2-mc1.20.1forge.jar,False
mcwwindows,mcwwindows:warped_curtain_rod,warped_curtain_rod,mcw-mcwwindows-2.4.2-mc1.20.1forge.jar,False
mcwwindows,mcwwindows:warped_four_window,warped_four_window,mcw-mcwwindows-2.4.2-mc1.20.1forge.jar,False
mcwwindows,mcwwindows:warped_louvered_shutter,warped_louvered_shutter,mcw-mcwwindows-2.4.2-mc1.20.1forge.jar,False
mcwwindows,mcwwindows:warped_pane_window,warped_pane_window,mcw-mcwwindows-2.4.2-mc1.20.1forge.jar,False
mcwwindows,mcwwindows:warped_plank_four_window,warped_plank_four_window,mcw-mcwwindows-2.4.2-mc1.20.1forge.jar,False
mcwwindows,mcwwindows:warped_plank_pane_window,warped_plank_pane_window,mcw-mcwwindows-2.4.2-mc1.20.1forge.jar,False
mcwwindows,mcwwindows:warped_plank_parapet,warped_plank_parapet,mcw-mcwwindows-2.4.2-mc1.20.1forge.jar,False
mcwwindows,mcwwindows:warped_plank_window,warped_plank_window,mcw-mcwwindows-2.4.2-mc1.20.1forge.jar,False
mcwwindows,mcwwindows:warped_plank_window2,warped_plank_window2,mcw-mcwwindows-2.4.2-mc1.20.1forge.jar,False
mcwwindows,mcwwindows:warped_planks_four_window,warped_planks_four_window,mcw-mcwwindows-2.4.2-mc1.20.1forge.jar,False
mcwwindows,mcwwindows:warped_planks_window,warped_planks_window,mcw-mcwwindows-2.4.2-mc1.20.1forge.jar,False
mcwwindows,mcwwindows:warped_planks_window2,warped_planks_window2,mcw-mcwwindows-2.4.2-mc1.20.1forge.jar,False
mcwwindows,mcwwindows:warped_shutter,warped_shutter,mcw-mcwwindows-2.4.2-mc1.20.1forge.jar,False
mcwwindows,mcwwindows:warped_stem_four_window,warped_stem_four_window,mcw-mcwwindows-2.4.2-mc1.20.1forge.jar,False
mcwwindows,mcwwindows:warped_stem_parapet,warped_stem_parapet,mcw-mcwwindows-2.4.2-mc1.20.1forge.jar,False
mcwwindows,mcwwindows:warped_stem_window,warped_stem_window,mcw-mcwwindows-2.4.2-mc1.20.1forge.jar,False
mcwwindows,mcwwindows:warped_stem_window2,warped_stem_window2,mcw-mcwwindows-2.4.2-mc1.20.1forge.jar,False
mcwwindows,mcwwindows:warped_window,warped_window,mcw-mcwwindows-2.4.2-mc1.20.1forge.jar,False
mcwwindows,mcwwindows:warped_window2,warped_window2,mcw-mcwwindows-2.4.2-mc1.20.1forge.jar,False
mcwwindows,mcwwindows:white_curtain,white_curtain,mcw-mcwwindows-2.4.2-mc1.20.1forge.jar,False
mcwwindows,mcwwindows:white_mosaic_glass,white_mosaic_glass,mcw-mcwwindows-2.4.2-mc1.20.1forge.jar,False
mcwwindows,mcwwindows:white_mosaic_glass_pane,white_mosaic_glass_pane,mcw-mcwwindows-2.4.2-mc1.20.1forge.jar,False
mcwwindows,mcwwindows:yellow_curtain,yellow_curtain,mcw-mcwwindows-2.4.2-mc1.20.1forge.jar,False
mcwwindows,mcwwindows:yellow_mosaic_glass,yellow_mosaic_glass,mcw-mcwwindows-2.4.2-mc1.20.1forge.jar,False
mcwwindows,mcwwindows:yellow_mosaic_glass_pane,yellow_mosaic_glass_pane,mcw-mcwwindows-2.4.2-mc1.20.1forge.jar,False
mekanism,mekanism:advanced_bin,advanced_bin,Mekanism-1.20.1-10.4.16.80.jar,False
mekanism,mekanism:advanced_bounding_block,advanced_bounding_block,Mekanism-1.20.1-10.4.16.80.jar,False
mekanism,mekanism:advanced_chemical_tank,advanced_chemical_tank,Mekanism-1.20.1-10.4.16.80.jar,False
mekanism,mekanism:advanced_combining_factory,advanced_combining_factory,Mekanism-1.20.1-10.4.16.80.jar,False
mekanism,mekanism:advanced_compressing_factory,advanced_compressing_factory,Mekanism-1.20.1-10.4.16.80.jar,False
mekanism,mekanism:advanced_crushing_factory,advanced_crushing_factory,Mekanism-1.20.1-10.4.16.80.jar,False
mekanism,mekanism:advanced_energy_cube,advanced_energy_cube,Mekanism-1.20.1-10.4.16.80.jar,False
mekanism,mekanism:advanced_enriching_factory,advanced_enriching_factory,Mekanism-1.20.1-10.4.16.80.jar,False
mekanism,mekanism:advanced_fluid_tank,advanced_fluid_tank,Mekanism-1.20.1-10.4.16.80.jar,False
mekanism,mekanism:advanced_induction_cell,advanced_induction_cell,Mekanism-1.20.1-10.4.16.80.jar,False
mekanism,mekanism:advanced_induction_provider,advanced_induction_provider,Mekanism-1.20.1-10.4.16.80.jar,False
mekanism,mekanism:advanced_infusing_factory,advanced_infusing_factory,Mekanism-1.20.1-10.4.16.80.jar,False
mekanism,mekanism:advanced_injecting_factory,advanced_injecting_factory,Mekanism-1.20.1-10.4.16.80.jar,False
mekanism,mekanism:advanced_logistical_transporter,advanced_logistical_transporter,Mekanism-1.20.1-10.4.16.80.jar,False
mekanism,mekanism:advanced_mechanical_pipe,advanced_mechanical_pipe,Mekanism-1.20.1-10.4.16.80.jar,False
mekanism,mekanism:advanced_pressurized_tube,advanced_pressurized_tube,Mekanism-1.20.1-10.4.16.80.jar,False
mekanism,mekanism:advanced_purifying_factory,advanced_purifying_factory,Mekanism-1.20.1-10.4.16.80.jar,False
mekanism,mekanism:advanced_sawing_factory,advanced_sawing_factory,Mekanism-1.20.1-10.4.16.80.jar,False
mekanism,mekanism:advanced_smelting_factory,advanced_smelting_factory,Mekanism-1.20.1-10.4.16.80.jar,False
mekanism,mekanism:advanced_thermodynamic_conductor,advanced_thermodynamic_conductor,Mekanism-1.20.1-10.4.16.80.jar,False
mekanism,mekanism:advanced_universal_cable,advanced_universal_cable,Mekanism-1.20.1-10.4.16.80.jar,False
mekanism,mekanism:antiprotonic_nucleosynthesizer,antiprotonic_nucleosynthesizer,Mekanism-1.20.1-10.4.16.80.jar,False
mekanism,mekanism:basic_bin,basic_bin,Mekanism-1.20.1-10.4.16.80.jar,False
mekanism,mekanism:basic_chemical_tank,basic_chemical_tank,Mekanism-1.20.1-10.4.16.80.jar,False
mekanism,mekanism:basic_combining_factory,basic_combining_factory,Mekanism-1.20.1-10.4.16.80.jar,False
mekanism,mekanism:basic_compressing_factory,basic_compressing_factory,Mekanism-1.20.1-10.4.16.80.jar,False
mekanism,mekanism:basic_crushing_factory,basic_crushing_factory,Mekanism-1.20.1-10.4.16.80.jar,False
mekanism,mekanism:basic_energy_cube,basic_energy_cube,Mekanism-1.20.1-10.4.16.80.jar,False
mekanism,mekanism:basic_enriching_factory,basic_enriching_factory,Mekanism-1.20.1-10.4.16.80.jar,False
mekanism,mekanism:basic_fluid_tank,basic_fluid_tank,Mekanism-1.20.1-10.4.16.80.jar,False
mekanism,mekanism:basic_induction_cell,basic_induction_cell,Mekanism-1.20.1-10.4.16.80.jar,False
mekanism,mekanism:basic_induction_provider,basic_induction_provider,Mekanism-1.20.1-10.4.16.80.jar,False
mekanism,mekanism:basic_infusing_factory,basic_infusing_factory,Mekanism-1.20.1-10.4.16.80.jar,False
mekanism,mekanism:basic_injecting_factory,basic_injecting_factory,Mekanism-1.20.1-10.4.16.80.jar,False
mekanism,mekanism:basic_logistical_transporter,basic_logistical_transporter,Mekanism-1.20.1-10.4.16.80.jar,False
mekanism,mekanism:basic_mechanical_pipe,basic_mechanical_pipe,Mekanism-1.20.1-10.4.16.80.jar,False
mekanism,mekanism:basic_pressurized_tube,basic_pressurized_tube,Mekanism-1.20.1-10.4.16.80.jar,False
mekanism,mekanism:basic_purifying_factory,basic_purifying_factory,Mekanism-1.20.1-10.4.16.80.jar,False
mekanism,mekanism:basic_sawing_factory,basic_sawing_factory,Mekanism-1.20.1-10.4.16.80.jar,False
mekanism,mekanism:basic_smelting_factory,basic_smelting_factory,Mekanism-1.20.1-10.4.16.80.jar,False
mekanism,mekanism:basic_thermodynamic_conductor,basic_thermodynamic_conductor,Mekanism-1.20.1-10.4.16.80.jar,False
mekanism,mekanism:basic_universal_cable,basic_universal_cable,Mekanism-1.20.1-10.4.16.80.jar,False
mekanism,mekanism:block_bronze,block_bronze,Mekanism-1.20.1-10.4.16.80.jar,False
mekanism,mekanism:block_charcoal,block_charcoal,Mekanism-1.20.1-10.4.16.80.jar,False
mekanism,mekanism:block_fluorite,block_fluorite,Mekanism-1.20.1-10.4.16.80.jar,False
mekanism,mekanism:block_lead,block_lead,Mekanism-1.20.1-10.4.16.80.jar,False
mekanism,mekanism:block_osmium,block_osmium,Mekanism-1.20.1-10.4.16.80.jar,False
mekanism,mekanism:block_raw_lead,block_raw_lead,Mekanism-1.20.1-10.4.16.80.jar,False
mekanism,mekanism:block_raw_osmium,block_raw_osmium,Mekanism-1.20.1-10.4.16.80.jar,False
mekanism,mekanism:block_raw_tin,block_raw_tin,Mekanism-1.20.1-10.4.16.80.jar,False
mekanism,mekanism:block_raw_uranium,block_raw_uranium,Mekanism-1.20.1-10.4.16.80.jar,False
mekanism,mekanism:block_refined_glowstone,block_refined_glowstone,Mekanism-1.20.1-10.4.16.80.jar,False
mekanism,mekanism:block_refined_obsidian,block_refined_obsidian,Mekanism-1.20.1-10.4.16.80.jar,False
mekanism,mekanism:block_salt,block_salt,Mekanism-1.20.1-10.4.16.80.jar,False
mekanism,mekanism:block_steel,block_steel,Mekanism-1.20.1-10.4.16.80.jar,False
mekanism,mekanism:block_tin,block_tin,Mekanism-1.20.1-10.4.16.80.jar,False
mekanism,mekanism:block_uranium,block_uranium,Mekanism-1.20.1-10.4.16.80.jar,False
mekanism,mekanism:boiler_casing,boiler_casing,Mekanism-1.20.1-10.4.16.80.jar,False
mekanism,mekanism:boiler_valve,boiler_valve,Mekanism-1.20.1-10.4.16.80.jar,False
mekanism,mekanism:bounding_block,bounding_block,Mekanism-1.20.1-10.4.16.80.jar,False
mekanism,mekanism:brine,brine,Mekanism-1.20.1-10.4.16.80.jar,False
mekanism,mekanism:cardboard_box,cardboard_box,Mekanism-1.20.1-10.4.16.80.jar,False
mekanism,mekanism:chargepad,chargepad,Mekanism-1.20.1-10.4.16.80.jar,False
mekanism,mekanism:chemical_crystallizer,chemical_crystallizer,Mekanism-1.20.1-10.4.16.80.jar,False
mekanism,mekanism:chemical_dissolution_chamber,chemical_dissolution_chamber,Mekanism-1.20.1-10.4.16.80.jar,False
mekanism,mekanism:chemical_infuser,chemical_infuser,Mekanism-1.20.1-10.4.16.80.jar,False
mekanism,mekanism:chemical_injection_chamber,chemical_injection_chamber,Mekanism-1.20.1-10.4.16.80.jar,False
mekanism,mekanism:chemical_oxidizer,chemical_oxidizer,Mekanism-1.20.1-10.4.16.80.jar,False
mekanism,mekanism:chemical_washer,chemical_washer,Mekanism-1.20.1-10.4.16.80.jar,False
mekanism,mekanism:chlorine,chlorine,Mekanism-1.20.1-10.4.16.80.jar,False
mekanism,mekanism:combiner,combiner,Mekanism-1.20.1-10.4.16.80.jar,False
mekanism,mekanism:creative_bin,creative_bin,Mekanism-1.20.1-10.4.16.80.jar,False
mekanism,mekanism:creative_chemical_tank,creative_chemical_tank,Mekanism-1.20.1-10.4.16.80.jar,False
mekanism,mekanism:creative_energy_cube,creative_energy_cube,Mekanism-1.20.1-10.4.16.80.jar,False
mekanism,mekanism:creative_fluid_tank,creative_fluid_tank,Mekanism-1.20.1-10.4.16.80.jar,False
mekanism,mekanism:crusher,crusher,Mekanism-1.20.1-10.4.16.80.jar,False
mekanism,mekanism:deepslate_fluorite_ore,deepslate_fluorite_ore,Mekanism-1.20.1-10.4.16.80.jar,False
mekanism,mekanism:deepslate_lead_ore,deepslate_lead_ore,Mekanism-1.20.1-10.4.16.80.jar,False
mekanism,mekanism:deepslate_osmium_ore,deepslate_osmium_ore,Mekanism-1.20.1-10.4.16.80.jar,False
mekanism,mekanism:deepslate_tin_ore,deepslate_tin_ore,Mekanism-1.20.1-10.4.16.80.jar,False
mekanism,mekanism:deepslate_uranium_ore,deepslate_uranium_ore,Mekanism-1.20.1-10.4.16.80.jar,False
mekanism,mekanism:digital_miner,digital_miner,Mekanism-1.20.1-10.4.16.80.jar,False
mekanism,mekanism:dimensional_stabilizer,dimensional_stabilizer,Mekanism-1.20.1-10.4.16.80.jar,False
mekanism,mekanism:diversion_transporter,diversion_transporter,Mekanism-1.20.1-10.4.16.80.jar,False
mekanism,mekanism:dynamic_tank,dynamic_tank,Mekanism-1.20.1-10.4.16.80.jar,False
mekanism,mekanism:dynamic_valve,dynamic_valve,Mekanism-1.20.1-10.4.16.80.jar,False
mekanism,mekanism:electric_pump,electric_pump,Mekanism-1.20.1-10.4.16.80.jar,False
mekanism,mekanism:electrolytic_separator,electrolytic_separator,Mekanism-1.20.1-10.4.16.80.jar,False
mekanism,mekanism:elite_bin,elite_bin,Mekanism-1.20.1-10.4.16.80.jar,False
mekanism,mekanism:elite_chemical_tank,elite_chemical_tank,Mekanism-1.20.1-10.4.16.80.jar,False
mekanism,mekanism:elite_combining_factory,elite_combining_factory,Mekanism-1.20.1-10.4.16.80.jar,False
mekanism,mekanism:elite_compressing_factory,elite_compressing_factory,Mekanism-1.20.1-10.4.16.80.jar,False
mekanism,mekanism:elite_crushing_factory,elite_crushing_factory,Mekanism-1.20.1-10.4.16.80.jar,False
mekanism,mekanism:elite_energy_cube,elite_energy_cube,Mekanism-1.20.1-10.4.16.80.jar,False
mekanism,mekanism:elite_enriching_factory,elite_enriching_factory,Mekanism-1.20.1-10.4.16.80.jar,False
mekanism,mekanism:elite_fluid_tank,elite_fluid_tank,Mekanism-1.20.1-10.4.16.80.jar,False
mekanism,mekanism:elite_induction_cell,elite_induction_cell,Mekanism-1.20.1-10.4.16.80.jar,False
mekanism,mekanism:elite_induction_provider,elite_induction_provider,Mekanism-1.20.1-10.4.16.80.jar,False
mekanism,mekanism:elite_infusing_factory,elite_infusing_factory,Mekanism-1.20.1-10.4.16.80.jar,False
mekanism,mekanism:elite_injecting_factory,elite_injecting_factory,Mekanism-1.20.1-10.4.16.80.jar,False
mekanism,mekanism:elite_logistical_transporter,elite_logistical_transporter,Mekanism-1.20.1-10.4.16.80.jar,False
mekanism,mekanism:elite_mechanical_pipe,elite_mechanical_pipe,Mekanism-1.20.1-10.4.16.80.jar,False
mekanism,mekanism:elite_pressurized_tube,elite_pressurized_tube,Mekanism-1.20.1-10.4.16.80.jar,False
mekanism,mekanism:elite_purifying_factory,elite_purifying_factory,Mekanism-1.20.1-10.4.16.80.jar,False
mekanism,mekanism:elite_sawing_factory,elite_sawing_factory,Mekanism-1.20.1-10.4.16.80.jar,False
mekanism,mekanism:elite_smelting_factory,elite_smelting_factory,Mekanism-1.20.1-10.4.16.80.jar,False
mekanism,mekanism:elite_thermodynamic_conductor,elite_thermodynamic_conductor,Mekanism-1.20.1-10.4.16.80.jar,False
mekanism,mekanism:elite_universal_cable,elite_universal_cable,Mekanism-1.20.1-10.4.16.80.jar,False
mekanism,mekanism:energized_smelter,energized_smelter,Mekanism-1.20.1-10.4.16.80.jar,False
mekanism,mekanism:enrichment_chamber,enrichment_chamber,Mekanism-1.20.1-10.4.16.80.jar,False
mekanism,mekanism:ethene,ethene,Mekanism-1.20.1-10.4.16.80.jar,False
mekanism,mekanism:fluidic_plenisher,fluidic_plenisher,Mekanism-1.20.1-10.4.16.80.jar,False
mekanism,mekanism:fluorite_ore,fluorite_ore,Mekanism-1.20.1-10.4.16.80.jar,False
mekanism,mekanism:formulaic_assemblicator,formulaic_assemblicator,Mekanism-1.20.1-10.4.16.80.jar,False
mekanism,mekanism:fuelwood_heater,fuelwood_heater,Mekanism-1.20.1-10.4.16.80.jar,False
mekanism,mekanism:heavy_water,heavy_water,Mekanism-1.20.1-10.4.16.80.jar,False
mekanism,mekanism:hydrofluoric_acid,hydrofluoric_acid,Mekanism-1.20.1-10.4.16.80.jar,False
mekanism,mekanism:hydrogen,hydrogen,Mekanism-1.20.1-10.4.16.80.jar,False
mekanism,mekanism:hydrogen_chloride,hydrogen_chloride,Mekanism-1.20.1-10.4.16.80.jar,False
mekanism,mekanism:induction_casing,induction_casing,Mekanism-1.20.1-10.4.16.80.jar,False
mekanism,mekanism:induction_port,induction_port,Mekanism-1.20.1-10.4.16.80.jar,False
mekanism,mekanism:industrial_alarm,industrial_alarm,Mekanism-1.20.1-10.4.16.80.jar,False
mekanism,mekanism:isotopic_centrifuge,isotopic_centrifuge,Mekanism-1.20.1-10.4.16.80.jar,False
mekanism,mekanism:laser,laser,Mekanism-1.20.1-10.4.16.80.jar,False
mekanism,mekanism:laser_amplifier,laser_amplifier,Mekanism-1.20.1-10.4.16.80.jar,False
mekanism,mekanism:laser_tractor_beam,laser_tractor_beam,Mekanism-1.20.1-10.4.16.80.jar,False
mekanism,mekanism:lead_ore,lead_ore,Mekanism-1.20.1-10.4.16.80.jar,False
mekanism,mekanism:lithium,lithium,Mekanism-1.20.1-10.4.16.80.jar,False
mekanism,mekanism:logistical_sorter,logistical_sorter,Mekanism-1.20.1-10.4.16.80.jar,False
mekanism,mekanism:metallurgic_infuser,metallurgic_infuser,Mekanism-1.20.1-10.4.16.80.jar,False
mekanism,mekanism:modification_station,modification_station,Mekanism-1.20.1-10.4.16.80.jar,False
mekanism,mekanism:nutritional_liquifier,nutritional_liquifier,Mekanism-1.20.1-10.4.16.80.jar,False
mekanism,mekanism:nutritional_paste,nutritional_paste,Mekanism-1.20.1-10.4.16.80.jar,False
mekanism,mekanism:oredictionificator,oredictionificator,Mekanism-1.20.1-10.4.16.80.jar,False
mekanism,mekanism:osmium_compressor,osmium_compressor,Mekanism-1.20.1-10.4.16.80.jar,False
mekanism,mekanism:osmium_ore,osmium_ore,Mekanism-1.20.1-10.4.16.80.jar,False
mekanism,mekanism:oxygen,oxygen,Mekanism-1.20.1-10.4.16.80.jar,False
mekanism,mekanism:painting_machine,painting_machine,Mekanism-1.20.1-10.4.16.80.jar,False
mekanism,mekanism:personal_barrel,personal_barrel,Mekanism-1.20.1-10.4.16.80.jar,True
mekanism,mekanism:personal_chest,personal_chest,Mekanism-1.20.1-10.4.16.80.jar,True
mekanism,mekanism:pigment_extractor,pigment_extractor,Mekanism-1.20.1-10.4.16.80.jar,False
mekanism,mekanism:pigment_mixer,pigment_mixer,Mekanism-1.20.1-10.4.16.80.jar,False
mekanism,mekanism:precision_sawmill,precision_sawmill,Mekanism-1.20.1-10.4.16.80.jar,False
mekanism,mekanism:pressure_disperser,pressure_disperser,Mekanism-1.20.1-10.4.16.80.jar,False
mekanism,mekanism:pressurized_reaction_chamber,pressurized_reaction_chamber,Mekanism-1.20.1-10.4.16.80.jar,False
mekanism,mekanism:purification_chamber,purification_chamber,Mekanism-1.20.1-10.4.16.80.jar,False
mekanism,mekanism:qio_dashboard,qio_dashboard,Mekanism-1.20.1-10.4.16.80.jar,False
mekanism,mekanism:qio_drive_array,qio_drive_array,Mekanism-1.20.1-10.4.16.80.jar,False
mekanism,mekanism:qio_exporter,qio_exporter,Mekanism-1.20.1-10.4.16.80.jar,False
mekanism,mekanism:qio_importer,qio_importer,Mekanism-1.20.1-10.4.16.80.jar,False
mekanism,mekanism:qio_redstone_adapter,qio_redstone_adapter,Mekanism-1.20.1-10.4.16.80.jar,False
mekanism,mekanism:quantum_entangloporter,quantum_entangloporter,Mekanism-1.20.1-10.4.16.80.jar,False
mekanism,mekanism:radioactive_waste_barrel,radioactive_waste_barrel,Mekanism-1.20.1-10.4.16.80.jar,True
mekanism,mekanism:resistive_heater,resistive_heater,Mekanism-1.20.1-10.4.16.80.jar,False
mekanism,mekanism:restrictive_transporter,restrictive_transporter,Mekanism-1.20.1-10.4.16.80.jar,False
mekanism,mekanism:rotary_condensentrator,rotary_condensentrator,Mekanism-1.20.1-10.4.16.80.jar,False
mekanism,mekanism:security_desk,security_desk,Mekanism-1.20.1-10.4.16.80.jar,True
mekanism,mekanism:seismic_vibrator,seismic_vibrator,Mekanism-1.20.1-10.4.16.80.jar,False
mekanism,mekanism:sodium,sodium,Mekanism-1.20.1-10.4.16.80.jar,False
mekanism,mekanism:solar_neutron_activator,solar_neutron_activator,Mekanism-1.20.1-10.4.16.80.jar,False
mekanism,mekanism:sps_casing,sps_casing,Mekanism-1.20.1-10.4.16.80.jar,False
mekanism,mekanism:sps_port,sps_port,Mekanism-1.20.1-10.4.16.80.jar,False
mekanism,mekanism:steam,steam,Mekanism-1.20.1-10.4.16.80.jar,False
mekanism,mekanism:steel_casing,steel_casing,Mekanism-1.20.1-10.4.16.80.jar,False
mekanism,mekanism:structural_glass,structural_glass,Mekanism-1.20.1-10.4.16.80.jar,False
mekanism,mekanism:sulfur_dioxide,sulfur_dioxide,Mekanism-1.20.1-10.4.16.80.jar,False
mekanism,mekanism:sulfur_trioxide,sulfur_trioxide,Mekanism-1.20.1-10.4.16.80.jar,False
mekanism,mekanism:sulfuric_acid,sulfuric_acid,Mekanism-1.20.1-10.4.16.80.jar,False
mekanism,mekanism:supercharged_coil,supercharged_coil,Mekanism-1.20.1-10.4.16.80.jar,False
mekanism,mekanism:superheated_sodium,superheated_sodium,Mekanism-1.20.1-10.4.16.80.jar,False
mekanism,mekanism:superheating_element,superheating_element,Mekanism-1.20.1-10.4.16.80.jar,False
mekanism,mekanism:teleporter,teleporter,Mekanism-1.20.1-10.4.16.80.jar,False
mekanism,mekanism:teleporter_frame,teleporter_frame,Mekanism-1.20.1-10.4.16.80.jar,False
mekanism,mekanism:thermal_evaporation_block,thermal_evaporation_block,Mekanism-1.20.1-10.4.16.80.jar,False
mekanism,mekanism:thermal_evaporation_controller,thermal_evaporation_controller,Mekanism-1.20.1-10.4.16.80.jar,False
mekanism,mekanism:thermal_evaporation_valve,thermal_evaporation_valve,Mekanism-1.20.1-10.4.16.80.jar,False
mekanism,mekanism:tin_ore,tin_ore,Mekanism-1.20.1-10.4.16.80.jar,False
mekanism,mekanism:ultimate_bin,ultimate_bin,Mekanism-1.20.1-10.4.16.80.jar,False
mekanism,mekanism:ultimate_chemical_tank,ultimate_chemical_tank,Mekanism-1.20.1-10.4.16.80.jar,False
mekanism,mekanism:ultimate_combining_factory,ultimate_combining_factory,Mekanism-1.20.1-10.4.16.80.jar,False
mekanism,mekanism:ultimate_compressing_factory,ultimate_compressing_factory,Mekanism-1.20.1-10.4.16.80.jar,False
mekanism,mekanism:ultimate_crushing_factory,ultimate_crushing_factory,Mekanism-1.20.1-10.4.16.80.jar,False
mekanism,mekanism:ultimate_energy_cube,ultimate_energy_cube,Mekanism-1.20.1-10.4.16.80.jar,False
mekanism,mekanism:ultimate_enriching_factory,ultimate_enriching_factory,Mekanism-1.20.1-10.4.16.80.jar,False
mekanism,mekanism:ultimate_fluid_tank,ultimate_fluid_tank,Mekanism-1.20.1-10.4.16.80.jar,False
mekanism,mekanism:ultimate_induction_cell,ultimate_induction_cell,Mekanism-1.20.1-10.4.16.80.jar,False
mekanism,mekanism:ultimate_induction_provider,ultimate_induction_provider,Mekanism-1.20.1-10.4.16.80.jar,False
mekanism,mekanism:ultimate_infusing_factory,ultimate_infusing_factory,Mekanism-1.20.1-10.4.16.80.jar,False
mekanism,mekanism:ultimate_injecting_factory,ultimate_injecting_factory,Mekanism-1.20.1-10.4.16.80.jar,False
mekanism,mekanism:ultimate_logistical_transporter,ultimate_logistical_transporter,Mekanism-1.20.1-10.4.16.80.jar,False
mekanism,mekanism:ultimate_mechanical_pipe,ultimate_mechanical_pipe,Mekanism-1.20.1-10.4.16.80.jar,False
mekanism,mekanism:ultimate_pressurized_tube,ultimate_pressurized_tube,Mekanism-1.20.1-10.4.16.80.jar,False
mekanism,mekanism:ultimate_purifying_factory,ultimate_purifying_factory,Mekanism-1.20.1-10.4.16.80.jar,False
mekanism,mekanism:ultimate_sawing_factory,ultimate_sawing_factory,Mekanism-1.20.1-10.4.16.80.jar,False
mekanism,mekanism:ultimate_smelting_factory,ultimate_smelting_factory,Mekanism-1.20.1-10.4.16.80.jar,False
mekanism,mekanism:ultimate_thermodynamic_conductor,ultimate_thermodynamic_conductor,Mekanism-1.20.1-10.4.16.80.jar,False
mekanism,mekanism:ultimate_universal_cable,ultimate_universal_cable,Mekanism-1.20.1-10.4.16.80.jar,False
mekanism,mekanism:uranium_hexafluoride,uranium_hexafluoride,Mekanism-1.20.1-10.4.16.80.jar,False
mekanism,mekanism:uranium_ore,uranium_ore,Mekanism-1.20.1-10.4.16.80.jar,False
mekanism,mekanism:uranium_oxide,uranium_oxide,Mekanism-1.20.1-10.4.16.80.jar,False
minetraps,minetraps:barbed_wire,barbed_wire,MineTraps-1.20.2-(v.2.3.0a).jar,False
minetraps,minetraps:barbed_wire_fence,barbed_wire_fence,MineTraps-1.20.2-(v.2.3.0a).jar,False
minetraps,minetraps:bear_trap,bear_trap,MineTraps-1.20.2-(v.2.3.0a).jar,False
minetraps,minetraps:chest_bomb,chest_bomb,MineTraps-1.20.2-(v.2.3.0a).jar,True
minetraps,minetraps:explosive_block,explosive_block,MineTraps-1.20.2-(v.2.3.0a).jar,False
minetraps,minetraps:explosive_mine,explosive_mine,MineTraps-1.20.2-(v.2.3.0a).jar,False
minetraps,minetraps:ghost_block,ghost_block,MineTraps-1.20.2-(v.2.3.0a).jar,False
minetraps,minetraps:nail_trap,nail_trap,MineTraps-1.20.2-(v.2.3.0a).jar,False
minetraps,minetraps:obstacle,obstacle,MineTraps-1.20.2-(v.2.3.0a).jar,False
minetraps,minetraps:pitfall_trap,pitfall_trap,MineTraps-1.20.2-(v.2.3.0a).jar,False
minetraps,minetraps:quicksand,quicksand,MineTraps-1.20.2-(v.2.3.0a).jar,False
minetraps,minetraps:razor_wire,razor_wire,MineTraps-1.20.2-(v.2.3.0a).jar,False
minetraps,minetraps:spikes,spikes,MineTraps-1.20.2-(v.2.3.0a).jar,False
minetraps,minetraps:spikes_toxic,spikes_toxic,MineTraps-1.20.2-(v.2.3.0a).jar,False
minetraps,minetraps:toxic_mine,toxic_mine,MineTraps-1.20.2-(v.2.3.0a).jar,False
minetraps,minetraps:toxic_nail_trap,toxic_nail_trap,MineTraps-1.20.2-(v.2.3.0a).jar,False
minetraps,minetraps:toxin_bucket,toxin_bucket,MineTraps-1.20.2-(v.2.3.0a).jar,False
minetraps,minetraps:troll_block,troll_block,MineTraps-1.20.2-(v.2.3.0a).jar,False
moreprotectables,moreprotectables:keypad_acacia_door,keypad_acacia_door,moreprotectables-1.20.1-1.2.3.10.jar,False
moreprotectables,moreprotectables:keypad_bamboo_door,keypad_bamboo_door,moreprotectables-1.20.1-1.2.3.10.jar,False
moreprotectables,moreprotectables:keypad_birch_door,keypad_birch_door,moreprotectables-1.20.1-1.2.3.10.jar,False
moreprotectables,moreprotectables:keypad_cherry_door,keypad_cherry_door,moreprotectables-1.20.1-1.2.3.10.jar,False
moreprotectables,moreprotectables:keypad_copper_chest,keypad_copper_chest,moreprotectables-1.20.1-1.2.3.10.jar,True
moreprotectables,moreprotectables:keypad_crimson_door,keypad_crimson_door,moreprotectables-1.20.1-1.2.3.10.jar,False
moreprotectables,moreprotectables:keypad_crystal_chest,keypad_crystal_chest,moreprotectables-1.20.1-1.2.3.10.jar,True
moreprotectables,moreprotectables:keypad_dark_oak_door,keypad_dark_oak_door,moreprotectables-1.20.1-1.2.3.10.jar,False
moreprotectables,moreprotectables:keypad_diamond_chest,keypad_diamond_chest,moreprotectables-1.20.1-1.2.3.10.jar,True
moreprotectables,moreprotectables:keypad_dirt_chest,keypad_dirt_chest,moreprotectables-1.20.1-1.2.3.10.jar,True
moreprotectables,moreprotectables:keypad_gold_chest,keypad_gold_chest,moreprotectables-1.20.1-1.2.3.10.jar,True
moreprotectables,moreprotectables:keypad_iron_chest,keypad_iron_chest,moreprotectables-1.20.1-1.2.3.10.jar,True
moreprotectables,moreprotectables:keypad_iron_door,keypad_iron_door,moreprotectables-1.20.1-1.2.3.10.jar,False
moreprotectables,moreprotectables:keypad_jungle_door,keypad_jungle_door,moreprotectables-1.20.1-1.2.3.10.jar,False
moreprotectables,moreprotectables:keypad_mangrove_door,keypad_mangrove_door,moreprotectables-1.20.1-1.2.3.10.jar,False
moreprotectables,moreprotectables:keypad_oak_door,keypad_oak_door,moreprotectables-1.20.1-1.2.3.10.jar,False
moreprotectables,moreprotectables:keypad_obsidian_chest,keypad_obsidian_chest,moreprotectables-1.20.1-1.2.3.10.jar,True
moreprotectables,moreprotectables:keypad_sky_chest,keypad_sky_chest,moreprotectables-1.20.1-1.2.3.10.jar,True
moreprotectables,moreprotectables:keypad_smooth_sky_chest,keypad_smooth_sky_chest,moreprotectables-1.20.1-1.2.3.10.jar,True
moreprotectables,moreprotectables:keypad_spruce_door,keypad_spruce_door,moreprotectables-1.20.1-1.2.3.10.jar,False
moreprotectables,moreprotectables:keypad_tf_canopy_chest,keypad_tf_canopy_chest,moreprotectables-1.20.1-1.2.3.10.jar,True
moreprotectables,moreprotectables:keypad_tf_canopy_door,keypad_tf_canopy_door,moreprotectables-1.20.1-1.2.3.10.jar,False
moreprotectables,moreprotectables:keypad_tf_dark_chest,keypad_tf_dark_chest,moreprotectables-1.20.1-1.2.3.10.jar,True
moreprotectables,moreprotectables:keypad_tf_dark_door,keypad_tf_dark_door,moreprotectables-1.20.1-1.2.3.10.jar,False
moreprotectables,moreprotectables:keypad_tf_mangrove_chest,keypad_tf_mangrove_chest,moreprotectables-1.20.1-1.2.3.10.jar,True
moreprotectables,moreprotectables:keypad_tf_mangrove_door,keypad_tf_mangrove_door,moreprotectables-1.20.1-1.2.3.10.jar,False
moreprotectables,moreprotectables:keypad_tf_mining_chest,keypad_tf_mining_chest,moreprotectables-1.20.1-1.2.3.10.jar,True
moreprotectables,moreprotectables:keypad_tf_mining_door,keypad_tf_mining_door,moreprotectables-1.20.1-1.2.3.10.jar,False
moreprotectables,moreprotectables:keypad_tf_sorting_chest,keypad_tf_sorting_chest,moreprotectables-1.20.1-1.2.3.10.jar,True
moreprotectables,moreprotectables:keypad_tf_sorting_door,keypad_tf_sorting_door,moreprotectables-1.20.1-1.2.3.10.jar,False
moreprotectables,moreprotectables:keypad_tf_time_chest,keypad_tf_time_chest,moreprotectables-1.20.1-1.2.3.10.jar,True
moreprotectables,moreprotectables:keypad_tf_time_door,keypad_tf_time_door,moreprotectables-1.20.1-1.2.3.10.jar,False
moreprotectables,moreprotectables:keypad_tf_transformation_chest,keypad_tf_transformation_chest,moreprotectables-1.20.1-1.2.3.10.jar,True
moreprotectables,moreprotectables:keypad_tf_transformation_door,keypad_tf_transformation_door,moreprotectables-1.20.1-1.2.3.10.jar,False
moreprotectables,moreprotectables:keypad_tf_twilight_oak_chest,keypad_tf_twilight_oak_chest,moreprotectables-1.20.1-1.2.3.10.jar,True
moreprotectables,moreprotectables:keypad_tf_twilight_oak_door,keypad_tf_twilight_oak_door,moreprotectables-1.20.1-1.2.3.10.jar,False
moreprotectables,moreprotectables:keypad_tropical_bamboo_chest,keypad_tropical_bamboo_chest,moreprotectables-1.20.1-1.2.3.10.jar,True
moreprotectables,moreprotectables:keypad_tropical_bamboo_door,keypad_tropical_bamboo_door,moreprotectables-1.20.1-1.2.3.10.jar,False
moreprotectables,moreprotectables:keypad_warped_door,keypad_warped_door,moreprotectables-1.20.1-1.2.3.10.jar,False
mts,mts:beacon,beacon,Immersive Vehicles-1.20.1-24.0.0.jar,False
mts,mts:charger,charger,Immersive Vehicles-1.20.1-24.0.0.jar,False
mts,mts:chest,chest,Immersive Vehicles-1.20.1-24.0.0.jar,True
mts,mts:collision0,collision0,Immersive Vehicles-1.20.1-24.0.0.jar,False
mts,mts:collision1,collision1,Immersive Vehicles-1.20.1-24.0.0.jar,False
mts,mts:collision10,collision10,Immersive Vehicles-1.20.1-24.0.0.jar,False
mts,mts:collision11,collision11,Immersive Vehicles-1.20.1-24.0.0.jar,False
mts,mts:collision12,collision12,Immersive Vehicles-1.20.1-24.0.0.jar,False
mts,mts:collision13,collision13,Immersive Vehicles-1.20.1-24.0.0.jar,False
mts,mts:collision14,collision14,Immersive Vehicles-1.20.1-24.0.0.jar,False
mts,mts:collision15,collision15,Immersive Vehicles-1.20.1-24.0.0.jar,False
mts,mts:collision2,collision2,Immersive Vehicles-1.20.1-24.0.0.jar,False
mts,mts:collision3,collision3,Immersive Vehicles-1.20.1-24.0.0.jar,False
mts,mts:collision4,collision4,Immersive Vehicles-1.20.1-24.0.0.jar,False
mts,mts:collision5,collision5,Immersive Vehicles-1.20.1-24.0.0.jar,False
mts,mts:collision6,collision6,Immersive Vehicles-1.20.1-24.0.0.jar,False
mts,mts:collision7,collision7,Immersive Vehicles-1.20.1-24.0.0.jar,False
mts,mts:collision8,collision8,Immersive Vehicles-1.20.1-24.0.0.jar,False
mts,mts:collision9,collision9,Immersive Vehicles-1.20.1-24.0.0.jar,False
mts,mts:decor,decor,Immersive Vehicles-1.20.1-24.0.0.jar,False
mts,mts:fake_light,fake_light,Immersive Vehicles-1.20.1-24.0.0.jar,False
mts,mts:fluidloader,fluidloader,Immersive Vehicles-1.20.1-24.0.0.jar,False
mts,mts:fuelpump,fuelpump,Immersive Vehicles-1.20.1-24.0.0.jar,False
mts,mts:itemloader,itemloader,Immersive Vehicles-1.20.1-24.0.0.jar,False
mts,mts:mtsofficialpack.fancydirt_block,mtsofficialpack.fancydirt_block,MTS Official Pack-1.20.1-V29.jar,False
mts,mts:pole,pole,Immersive Vehicles-1.20.1-24.0.0.jar,False
mts,mts:radio,radio,Immersive Vehicles-1.20.1-24.0.0.jar,False
mts,mts:road,road,Immersive Vehicles-1.20.1-24.0.0.jar,False
mts,mts:signalcontroller,signalcontroller,Immersive Vehicles-1.20.1-24.0.0.jar,False
natures_spirit,natures_spirit:alluaudia,alluaudia,natures_spirit-2.2.5-1.20.1.jar,False
natures_spirit,natures_spirit:alluaudia_bundle,alluaudia_bundle,natures_spirit-2.2.5-1.20.1.jar,False
natures_spirit,natures_spirit:anemone,anemone,natures_spirit-2.2.5-1.20.1.jar,False
natures_spirit,natures_spirit:aspen_button,aspen_button,natures_spirit-2.2.5-1.20.1.jar,False
natures_spirit,natures_spirit:aspen_door,aspen_door,natures_spirit-2.2.5-1.20.1.jar,False
natures_spirit,natures_spirit:aspen_fence,aspen_fence,natures_spirit-2.2.5-1.20.1.jar,False
natures_spirit,natures_spirit:aspen_fence_gate,aspen_fence_gate,natures_spirit-2.2.5-1.20.1.jar,False
natures_spirit,natures_spirit:aspen_hanging_sign,aspen_hanging_sign,natures_spirit-2.2.5-1.20.1.jar,False
natures_spirit,natures_spirit:aspen_leaves,aspen_leaves,natures_spirit-2.2.5-1.20.1.jar,False
natures_spirit,natures_spirit:aspen_log,aspen_log,natures_spirit-2.2.5-1.20.1.jar,False
natures_spirit,natures_spirit:aspen_planks,aspen_planks,natures_spirit-2.2.5-1.20.1.jar,False
natures_spirit,natures_spirit:aspen_pressure_plate,aspen_pressure_plate,natures_spirit-2.2.5-1.20.1.jar,False
natures_spirit,natures_spirit:aspen_sapling,aspen_sapling,natures_spirit-2.2.5-1.20.1.jar,False
natures_spirit,natures_spirit:aspen_sign,aspen_sign,natures_spirit-2.2.5-1.20.1.jar,False
natures_spirit,natures_spirit:aspen_slab,aspen_slab,natures_spirit-2.2.5-1.20.1.jar,False
natures_spirit,natures_spirit:aspen_stairs,aspen_stairs,natures_spirit-2.2.5-1.20.1.jar,False
natures_spirit,natures_spirit:aspen_trapdoor,aspen_trapdoor,natures_spirit-2.2.5-1.20.1.jar,False
natures_spirit,natures_spirit:aspen_wall_hanging_sign,aspen_wall_hanging_sign,natures_spirit-2.2.5-1.20.1.jar,False
natures_spirit,natures_spirit:aspen_wall_sign,aspen_wall_sign,natures_spirit-2.2.5-1.20.1.jar,False
natures_spirit,natures_spirit:aspen_wood,aspen_wood,natures_spirit-2.2.5-1.20.1.jar,False
natures_spirit,natures_spirit:aureate_succulent,aureate_succulent,natures_spirit-2.2.5-1.20.1.jar,False
natures_spirit,natures_spirit:aureate_wall_succulent,aureate_wall_succulent,natures_spirit-2.2.5-1.20.1.jar,False
natures_spirit,natures_spirit:azolla,azolla,natures_spirit-2.2.5-1.20.1.jar,False
natures_spirit,natures_spirit:beach_grass,beach_grass,natures_spirit-2.2.5-1.20.1.jar,False
natures_spirit,natures_spirit:begonia,begonia,natures_spirit-2.2.5-1.20.1.jar,False
natures_spirit,natures_spirit:black_chalk,black_chalk,natures_spirit-2.2.5-1.20.1.jar,False
natures_spirit,natures_spirit:black_chalk_slab,black_chalk_slab,natures_spirit-2.2.5-1.20.1.jar,False
natures_spirit,natures_spirit:black_chalk_stairs,black_chalk_stairs,natures_spirit-2.2.5-1.20.1.jar,False
natures_spirit,natures_spirit:black_iris,black_iris,natures_spirit-2.2.5-1.20.1.jar,False
natures_spirit,natures_spirit:black_kaolin,black_kaolin,natures_spirit-2.2.5-1.20.1.jar,False
natures_spirit,natures_spirit:black_kaolin_brick_slab,black_kaolin_brick_slab,natures_spirit-2.2.5-1.20.1.jar,False
natures_spirit,natures_spirit:black_kaolin_brick_stairs,black_kaolin_brick_stairs,natures_spirit-2.2.5-1.20.1.jar,False
natures_spirit,natures_spirit:black_kaolin_bricks,black_kaolin_bricks,natures_spirit-2.2.5-1.20.1.jar,False
natures_spirit,natures_spirit:black_kaolin_slab,black_kaolin_slab,natures_spirit-2.2.5-1.20.1.jar,False
natures_spirit,natures_spirit:black_kaolin_stairs,black_kaolin_stairs,natures_spirit-2.2.5-1.20.1.jar,False
natures_spirit,natures_spirit:black_paper_lantern,black_paper_lantern,natures_spirit-2.2.5-1.20.1.jar,False
natures_spirit,natures_spirit:bleeding_heart,bleeding_heart,natures_spirit-2.2.5-1.20.1.jar,False
natures_spirit,natures_spirit:blooming_paper_block,blooming_paper_block,natures_spirit-2.2.5-1.20.1.jar,False
natures_spirit,natures_spirit:blooming_paper_door,blooming_paper_door,natures_spirit-2.2.5-1.20.1.jar,False
natures_spirit,natures_spirit:blooming_paper_panel,blooming_paper_panel,natures_spirit-2.2.5-1.20.1.jar,False
natures_spirit,natures_spirit:blooming_paper_trapdoor,blooming_paper_trapdoor,natures_spirit-2.2.5-1.20.1.jar,False
natures_spirit,natures_spirit:blue_bulbs,blue_bulbs,natures_spirit-2.2.5-1.20.1.jar,False
natures_spirit,natures_spirit:blue_chalk,blue_chalk,natures_spirit-2.2.5-1.20.1.jar,False
natures_spirit,natures_spirit:blue_chalk_slab,blue_chalk_slab,natures_spirit-2.2.5-1.20.1.jar,False
natures_spirit,natures_spirit:blue_chalk_stairs,blue_chalk_stairs,natures_spirit-2.2.5-1.20.1.jar,False
natures_spirit,natures_spirit:blue_iris,blue_iris,natures_spirit-2.2.5-1.20.1.jar,False
natures_spirit,natures_spirit:blue_kaolin,blue_kaolin,natures_spirit-2.2.5-1.20.1.jar,False
natures_spirit,natures_spirit:blue_kaolin_brick_slab,blue_kaolin_brick_slab,natures_spirit-2.2.5-1.20.1.jar,False
natures_spirit,natures_spirit:blue_kaolin_brick_stairs,blue_kaolin_brick_stairs,natures_spirit-2.2.5-1.20.1.jar,False
natures_spirit,natures_spirit:blue_kaolin_bricks,blue_kaolin_bricks,natures_spirit-2.2.5-1.20.1.jar,False
natures_spirit,natures_spirit:blue_kaolin_slab,blue_kaolin_slab,natures_spirit-2.2.5-1.20.1.jar,False
natures_spirit,natures_spirit:blue_kaolin_stairs,blue_kaolin_stairs,natures_spirit-2.2.5-1.20.1.jar,False
natures_spirit,natures_spirit:blue_paper_lantern,blue_paper_lantern,natures_spirit-2.2.5-1.20.1.jar,False
natures_spirit,natures_spirit:blue_wisteria_leaves,blue_wisteria_leaves,natures_spirit-2.2.5-1.20.1.jar,False
natures_spirit,natures_spirit:blue_wisteria_sapling,blue_wisteria_sapling,natures_spirit-2.2.5-1.20.1.jar,False
natures_spirit,natures_spirit:blue_wisteria_vines,blue_wisteria_vines,natures_spirit-2.2.5-1.20.1.jar,False
natures_spirit,natures_spirit:blue_wisteria_vines_plant,blue_wisteria_vines_plant,natures_spirit-2.2.5-1.20.1.jar,False
natures_spirit,natures_spirit:bluebell,bluebell,natures_spirit-2.2.5-1.20.1.jar,False
natures_spirit,natures_spirit:brown_chalk,brown_chalk,natures_spirit-2.2.5-1.20.1.jar,False
natures_spirit,natures_spirit:brown_chalk_slab,brown_chalk_slab,natures_spirit-2.2.5-1.20.1.jar,False
natures_spirit,natures_spirit:brown_chalk_stairs,brown_chalk_stairs,natures_spirit-2.2.5-1.20.1.jar,False
natures_spirit,natures_spirit:brown_kaolin,brown_kaolin,natures_spirit-2.2.5-1.20.1.jar,False
natures_spirit,natures_spirit:brown_kaolin_brick_slab,brown_kaolin_brick_slab,natures_spirit-2.2.5-1.20.1.jar,False
natures_spirit,natures_spirit:brown_kaolin_brick_stairs,brown_kaolin_brick_stairs,natures_spirit-2.2.5-1.20.1.jar,False
natures_spirit,natures_spirit:brown_kaolin_bricks,brown_kaolin_bricks,natures_spirit-2.2.5-1.20.1.jar,False
natures_spirit,natures_spirit:brown_kaolin_slab,brown_kaolin_slab,natures_spirit-2.2.5-1.20.1.jar,False
natures_spirit,natures_spirit:brown_kaolin_stairs,brown_kaolin_stairs,natures_spirit-2.2.5-1.20.1.jar,False
natures_spirit,natures_spirit:brown_paper_lantern,brown_paper_lantern,natures_spirit-2.2.5-1.20.1.jar,False
natures_spirit,natures_spirit:calcite_cluster,calcite_cluster,natures_spirit-2.2.5-1.20.1.jar,False
natures_spirit,natures_spirit:carnation,carnation,natures_spirit-2.2.5-1.20.1.jar,False
natures_spirit,natures_spirit:cattail,cattail,natures_spirit-2.2.5-1.20.1.jar,False
natures_spirit,natures_spirit:cedar_button,cedar_button,natures_spirit-2.2.5-1.20.1.jar,False
natures_spirit,natures_spirit:cedar_door,cedar_door,natures_spirit-2.2.5-1.20.1.jar,False
natures_spirit,natures_spirit:cedar_fence,cedar_fence,natures_spirit-2.2.5-1.20.1.jar,False
natures_spirit,natures_spirit:cedar_fence_gate,cedar_fence_gate,natures_spirit-2.2.5-1.20.1.jar,False
natures_spirit,natures_spirit:cedar_hanging_sign,cedar_hanging_sign,natures_spirit-2.2.5-1.20.1.jar,False
natures_spirit,natures_spirit:cedar_leaves,cedar_leaves,natures_spirit-2.2.5-1.20.1.jar,False
natures_spirit,natures_spirit:cedar_log,cedar_log,natures_spirit-2.2.5-1.20.1.jar,False
natures_spirit,natures_spirit:cedar_planks,cedar_planks,natures_spirit-2.2.5-1.20.1.jar,False
natures_spirit,natures_spirit:cedar_pressure_plate,cedar_pressure_plate,natures_spirit-2.2.5-1.20.1.jar,False
natures_spirit,natures_spirit:cedar_sapling,cedar_sapling,natures_spirit-2.2.5-1.20.1.jar,False
natures_spirit,natures_spirit:cedar_sign,cedar_sign,natures_spirit-2.2.5-1.20.1.jar,False
natures_spirit,natures_spirit:cedar_slab,cedar_slab,natures_spirit-2.2.5-1.20.1.jar,False
natures_spirit,natures_spirit:cedar_stairs,cedar_stairs,natures_spirit-2.2.5-1.20.1.jar,False
natures_spirit,natures_spirit:cedar_trapdoor,cedar_trapdoor,natures_spirit-2.2.5-1.20.1.jar,False
natures_spirit,natures_spirit:cedar_wall_hanging_sign,cedar_wall_hanging_sign,natures_spirit-2.2.5-1.20.1.jar,False
natures_spirit,natures_spirit:cedar_wall_sign,cedar_wall_sign,natures_spirit-2.2.5-1.20.1.jar,False
natures_spirit,natures_spirit:cedar_wood,cedar_wood,natures_spirit-2.2.5-1.20.1.jar,False
natures_spirit,natures_spirit:cheese_block,cheese_block,natures_spirit-2.2.5-1.20.1.jar,False
natures_spirit,natures_spirit:cheese_cauldron,cheese_cauldron,natures_spirit-2.2.5-1.20.1.jar,False
natures_spirit,natures_spirit:chert,chert,natures_spirit-2.2.5-1.20.1.jar,False
natures_spirit,natures_spirit:chert_brick_slab,chert_brick_slab,natures_spirit-2.2.5-1.20.1.jar,False
natures_spirit,natures_spirit:chert_brick_stairs,chert_brick_stairs,natures_spirit-2.2.5-1.20.1.jar,False
natures_spirit,natures_spirit:chert_brick_wall,chert_brick_wall,natures_spirit-2.2.5-1.20.1.jar,False
natures_spirit,natures_spirit:chert_bricks,chert_bricks,natures_spirit-2.2.5-1.20.1.jar,False
natures_spirit,natures_spirit:chert_coal_ore,chert_coal_ore,natures_spirit-2.2.5-1.20.1.jar,False
natures_spirit,natures_spirit:chert_copper_ore,chert_copper_ore,natures_spirit-2.2.5-1.20.1.jar,False
natures_spirit,natures_spirit:chert_diamond_ore,chert_diamond_ore,natures_spirit-2.2.5-1.20.1.jar,False
natures_spirit,natures_spirit:chert_emerald_ore,chert_emerald_ore,natures_spirit-2.2.5-1.20.1.jar,False
natures_spirit,natures_spirit:chert_gold_ore,chert_gold_ore,natures_spirit-2.2.5-1.20.1.jar,False
natures_spirit,natures_spirit:chert_iron_ore,chert_iron_ore,natures_spirit-2.2.5-1.20.1.jar,False
natures_spirit,natures_spirit:chert_lapis_ore,chert_lapis_ore,natures_spirit-2.2.5-1.20.1.jar,False
natures_spirit,natures_spirit:chert_redstone_ore,chert_redstone_ore,natures_spirit-2.2.5-1.20.1.jar,False
natures_spirit,natures_spirit:chert_slab,chert_slab,natures_spirit-2.2.5-1.20.1.jar,False
natures_spirit,natures_spirit:chert_stairs,chert_stairs,natures_spirit-2.2.5-1.20.1.jar,False
natures_spirit,natures_spirit:chert_tile_slab,chert_tile_slab,natures_spirit-2.2.5-1.20.1.jar,False
natures_spirit,natures_spirit:chert_tile_stairs,chert_tile_stairs,natures_spirit-2.2.5-1.20.1.jar,False
natures_spirit,natures_spirit:chert_tile_wall,chert_tile_wall,natures_spirit-2.2.5-1.20.1.jar,False
natures_spirit,natures_spirit:chert_tiles,chert_tiles,natures_spirit-2.2.5-1.20.1.jar,False
natures_spirit,natures_spirit:chiseled_chert,chiseled_chert,natures_spirit-2.2.5-1.20.1.jar,False
natures_spirit,natures_spirit:chiseled_pink_sandstone,chiseled_pink_sandstone,natures_spirit-2.2.5-1.20.1.jar,False
natures_spirit,natures_spirit:chiseled_travertine,chiseled_travertine,natures_spirit-2.2.5-1.20.1.jar,False
natures_spirit,natures_spirit:cobbled_travertine,cobbled_travertine,natures_spirit-2.2.5-1.20.1.jar,False
natures_spirit,natures_spirit:cobbled_travertine_slab,cobbled_travertine_slab,natures_spirit-2.2.5-1.20.1.jar,False
natures_spirit,natures_spirit:cobbled_travertine_stairs,cobbled_travertine_stairs,natures_spirit-2.2.5-1.20.1.jar,False
natures_spirit,natures_spirit:cobbled_travertine_wall,cobbled_travertine_wall,natures_spirit-2.2.5-1.20.1.jar,False
natures_spirit,natures_spirit:coconut,coconut,natures_spirit-2.2.5-1.20.1.jar,False
natures_spirit,natures_spirit:coconut_button,coconut_button,natures_spirit-2.2.5-1.20.1.jar,False
natures_spirit,natures_spirit:coconut_door,coconut_door,natures_spirit-2.2.5-1.20.1.jar,False
natures_spirit,natures_spirit:coconut_fence,coconut_fence,natures_spirit-2.2.5-1.20.1.jar,False
natures_spirit,natures_spirit:coconut_fence_gate,coconut_fence_gate,natures_spirit-2.2.5-1.20.1.jar,False
natures_spirit,natures_spirit:coconut_hanging_sign,coconut_hanging_sign,natures_spirit-2.2.5-1.20.1.jar,False
natures_spirit,natures_spirit:coconut_leaves,coconut_leaves,natures_spirit-2.2.5-1.20.1.jar,False
natures_spirit,natures_spirit:coconut_log,coconut_log,natures_spirit-2.2.5-1.20.1.jar,False
natures_spirit,natures_spirit:coconut_mosaic,coconut_mosaic,natures_spirit-2.2.5-1.20.1.jar,False
natures_spirit,natures_spirit:coconut_mosaic_slab,coconut_mosaic_slab,natures_spirit-2.2.5-1.20.1.jar,False
natures_spirit,natures_spirit:coconut_mosaic_stairs,coconut_mosaic_stairs,natures_spirit-2.2.5-1.20.1.jar,False
natures_spirit,natures_spirit:coconut_planks,coconut_planks,natures_spirit-2.2.5-1.20.1.jar,False
natures_spirit,natures_spirit:coconut_pressure_plate,coconut_pressure_plate,natures_spirit-2.2.5-1.20.1.jar,False
natures_spirit,natures_spirit:coconut_sign,coconut_sign,natures_spirit-2.2.5-1.20.1.jar,False
natures_spirit,natures_spirit:coconut_slab,coconut_slab,natures_spirit-2.2.5-1.20.1.jar,False
natures_spirit,natures_spirit:coconut_sprout,coconut_sprout,natures_spirit-2.2.5-1.20.1.jar,False
natures_spirit,natures_spirit:coconut_stairs,coconut_stairs,natures_spirit-2.2.5-1.20.1.jar,False
natures_spirit,natures_spirit:coconut_thatch,coconut_thatch,natures_spirit-2.2.5-1.20.1.jar,False
natures_spirit,natures_spirit:coconut_thatch_carpet,coconut_thatch_carpet,natures_spirit-2.2.5-1.20.1.jar,False
natures_spirit,natures_spirit:coconut_thatch_slab,coconut_thatch_slab,natures_spirit-2.2.5-1.20.1.jar,False
natures_spirit,natures_spirit:coconut_thatch_stairs,coconut_thatch_stairs,natures_spirit-2.2.5-1.20.1.jar,False
natures_spirit,natures_spirit:coconut_trapdoor,coconut_trapdoor,natures_spirit-2.2.5-1.20.1.jar,False
natures_spirit,natures_spirit:coconut_wall_hanging_sign,coconut_wall_hanging_sign,natures_spirit-2.2.5-1.20.1.jar,False
natures_spirit,natures_spirit:coconut_wall_sign,coconut_wall_sign,natures_spirit-2.2.5-1.20.1.jar,False
natures_spirit,natures_spirit:coconut_wood,coconut_wood,natures_spirit-2.2.5-1.20.1.jar,False
natures_spirit,natures_spirit:cracked_chert_bricks,cracked_chert_bricks,natures_spirit-2.2.5-1.20.1.jar,False
natures_spirit,natures_spirit:cracked_chert_tiles,cracked_chert_tiles,natures_spirit-2.2.5-1.20.1.jar,False
natures_spirit,natures_spirit:cracked_travertine_bricks,cracked_travertine_bricks,natures_spirit-2.2.5-1.20.1.jar,False
natures_spirit,natures_spirit:cracked_travertine_tiles,cracked_travertine_tiles,natures_spirit-2.2.5-1.20.1.jar,False
natures_spirit,natures_spirit:cut_pink_sandstone,cut_pink_sandstone,natures_spirit-2.2.5-1.20.1.jar,False
natures_spirit,natures_spirit:cut_pink_sandstone_slab,cut_pink_sandstone_slab,natures_spirit-2.2.5-1.20.1.jar,False
natures_spirit,natures_spirit:cyan_chalk,cyan_chalk,natures_spirit-2.2.5-1.20.1.jar,False
natures_spirit,natures_spirit:cyan_chalk_slab,cyan_chalk_slab,natures_spirit-2.2.5-1.20.1.jar,False
natures_spirit,natures_spirit:cyan_chalk_stairs,cyan_chalk_stairs,natures_spirit-2.2.5-1.20.1.jar,False
natures_spirit,natures_spirit:cyan_kaolin,cyan_kaolin,natures_spirit-2.2.5-1.20.1.jar,False
natures_spirit,natures_spirit:cyan_kaolin_brick_slab,cyan_kaolin_brick_slab,natures_spirit-2.2.5-1.20.1.jar,False
natures_spirit,natures_spirit:cyan_kaolin_brick_stairs,cyan_kaolin_brick_stairs,natures_spirit-2.2.5-1.20.1.jar,False
natures_spirit,natures_spirit:cyan_kaolin_bricks,cyan_kaolin_bricks,natures_spirit-2.2.5-1.20.1.jar,False
natures_spirit,natures_spirit:cyan_kaolin_slab,cyan_kaolin_slab,natures_spirit-2.2.5-1.20.1.jar,False
natures_spirit,natures_spirit:cyan_kaolin_stairs,cyan_kaolin_stairs,natures_spirit-2.2.5-1.20.1.jar,False
natures_spirit,natures_spirit:cyan_paper_lantern,cyan_paper_lantern,natures_spirit-2.2.5-1.20.1.jar,False
natures_spirit,natures_spirit:cypress_button,cypress_button,natures_spirit-2.2.5-1.20.1.jar,False
natures_spirit,natures_spirit:cypress_door,cypress_door,natures_spirit-2.2.5-1.20.1.jar,False
natures_spirit,natures_spirit:cypress_fence,cypress_fence,natures_spirit-2.2.5-1.20.1.jar,False
natures_spirit,natures_spirit:cypress_fence_gate,cypress_fence_gate,natures_spirit-2.2.5-1.20.1.jar,False
natures_spirit,natures_spirit:cypress_hanging_sign,cypress_hanging_sign,natures_spirit-2.2.5-1.20.1.jar,False
natures_spirit,natures_spirit:cypress_leaves,cypress_leaves,natures_spirit-2.2.5-1.20.1.jar,False
natures_spirit,natures_spirit:cypress_log,cypress_log,natures_spirit-2.2.5-1.20.1.jar,False
natures_spirit,natures_spirit:cypress_planks,cypress_planks,natures_spirit-2.2.5-1.20.1.jar,False
natures_spirit,natures_spirit:cypress_pressure_plate,cypress_pressure_plate,natures_spirit-2.2.5-1.20.1.jar,False
natures_spirit,natures_spirit:cypress_sapling,cypress_sapling,natures_spirit-2.2.5-1.20.1.jar,False
natures_spirit,natures_spirit:cypress_sign,cypress_sign,natures_spirit-2.2.5-1.20.1.jar,False
natures_spirit,natures_spirit:cypress_slab,cypress_slab,natures_spirit-2.2.5-1.20.1.jar,False
natures_spirit,natures_spirit:cypress_stairs,cypress_stairs,natures_spirit-2.2.5-1.20.1.jar,False
natures_spirit,natures_spirit:cypress_trapdoor,cypress_trapdoor,natures_spirit-2.2.5-1.20.1.jar,False
natures_spirit,natures_spirit:cypress_wall_hanging_sign,cypress_wall_hanging_sign,natures_spirit-2.2.5-1.20.1.jar,False
natures_spirit,natures_spirit:cypress_wall_sign,cypress_wall_sign,natures_spirit-2.2.5-1.20.1.jar,False
natures_spirit,natures_spirit:cypress_wood,cypress_wood,natures_spirit-2.2.5-1.20.1.jar,False
natures_spirit,natures_spirit:desert_turnip_block,desert_turnip_block,natures_spirit-2.2.5-1.20.1.jar,False
natures_spirit,natures_spirit:desert_turnip_root_block,desert_turnip_root_block,natures_spirit-2.2.5-1.20.1.jar,False
natures_spirit,natures_spirit:desert_turnip_stem,desert_turnip_stem,natures_spirit-2.2.5-1.20.1.jar,False
natures_spirit,natures_spirit:drowsy_succulent,drowsy_succulent,natures_spirit-2.2.5-1.20.1.jar,False
natures_spirit,natures_spirit:drowsy_wall_succulent,drowsy_wall_succulent,natures_spirit-2.2.5-1.20.1.jar,False
natures_spirit,natures_spirit:dwarf_blossoms,dwarf_blossoms,natures_spirit-2.2.5-1.20.1.jar,False
natures_spirit,natures_spirit:evergreen_thatch,evergreen_thatch,natures_spirit-2.2.5-1.20.1.jar,False
natures_spirit,natures_spirit:evergreen_thatch_carpet,evergreen_thatch_carpet,natures_spirit-2.2.5-1.20.1.jar,False
natures_spirit,natures_spirit:evergreen_thatch_slab,evergreen_thatch_slab,natures_spirit-2.2.5-1.20.1.jar,False
natures_spirit,natures_spirit:evergreen_thatch_stairs,evergreen_thatch_stairs,natures_spirit-2.2.5-1.20.1.jar,False
natures_spirit,natures_spirit:fir_button,fir_button,natures_spirit-2.2.5-1.20.1.jar,False
natures_spirit,natures_spirit:fir_door,fir_door,natures_spirit-2.2.5-1.20.1.jar,False
natures_spirit,natures_spirit:fir_fence,fir_fence,natures_spirit-2.2.5-1.20.1.jar,False
natures_spirit,natures_spirit:fir_fence_gate,fir_fence_gate,natures_spirit-2.2.5-1.20.1.jar,False
natures_spirit,natures_spirit:fir_hanging_sign,fir_hanging_sign,natures_spirit-2.2.5-1.20.1.jar,False
natures_spirit,natures_spirit:fir_leaves,fir_leaves,natures_spirit-2.2.5-1.20.1.jar,False
natures_spirit,natures_spirit:fir_log,fir_log,natures_spirit-2.2.5-1.20.1.jar,False
natures_spirit,natures_spirit:fir_planks,fir_planks,natures_spirit-2.2.5-1.20.1.jar,False
natures_spirit,natures_spirit:fir_pressure_plate,fir_pressure_plate,natures_spirit-2.2.5-1.20.1.jar,False
natures_spirit,natures_spirit:fir_sapling,fir_sapling,natures_spirit-2.2.5-1.20.1.jar,False
natures_spirit,natures_spirit:fir_sign,fir_sign,natures_spirit-2.2.5-1.20.1.jar,False
natures_spirit,natures_spirit:fir_slab,fir_slab,natures_spirit-2.2.5-1.20.1.jar,False
natures_spirit,natures_spirit:fir_stairs,fir_stairs,natures_spirit-2.2.5-1.20.1.jar,False
natures_spirit,natures_spirit:fir_trapdoor,fir_trapdoor,natures_spirit-2.2.5-1.20.1.jar,False
natures_spirit,natures_spirit:fir_wall_hanging_sign,fir_wall_hanging_sign,natures_spirit-2.2.5-1.20.1.jar,False
natures_spirit,natures_spirit:fir_wall_sign,fir_wall_sign,natures_spirit-2.2.5-1.20.1.jar,False
natures_spirit,natures_spirit:fir_wood,fir_wood,natures_spirit-2.2.5-1.20.1.jar,False
natures_spirit,natures_spirit:flaxen_fern,flaxen_fern,natures_spirit-2.2.5-1.20.1.jar,False
natures_spirit,natures_spirit:foamy_succulent,foamy_succulent,natures_spirit-2.2.5-1.20.1.jar,False
natures_spirit,natures_spirit:foamy_wall_succulent,foamy_wall_succulent,natures_spirit-2.2.5-1.20.1.jar,False
natures_spirit,natures_spirit:foxglove,foxglove,natures_spirit-2.2.5-1.20.1.jar,False
natures_spirit,natures_spirit:framed_paper_block,framed_paper_block,natures_spirit-2.2.5-1.20.1.jar,False
natures_spirit,natures_spirit:framed_paper_door,framed_paper_door,natures_spirit-2.2.5-1.20.1.jar,False
natures_spirit,natures_spirit:framed_paper_panel,framed_paper_panel,natures_spirit-2.2.5-1.20.1.jar,False
natures_spirit,natures_spirit:framed_paper_trapdoor,framed_paper_trapdoor,natures_spirit-2.2.5-1.20.1.jar,False
natures_spirit,natures_spirit:framed_sugi_door,framed_sugi_door,natures_spirit-2.2.5-1.20.1.jar,False
natures_spirit,natures_spirit:framed_sugi_trapdoor,framed_sugi_trapdoor,natures_spirit-2.2.5-1.20.1.jar,False
natures_spirit,natures_spirit:frigid_grass,frigid_grass,natures_spirit-2.2.5-1.20.1.jar,False
natures_spirit,natures_spirit:frosty_fir_leaves,frosty_fir_leaves,natures_spirit-2.2.5-1.20.1.jar,False
natures_spirit,natures_spirit:frosty_redwood_leaves,frosty_redwood_leaves,natures_spirit-2.2.5-1.20.1.jar,False
natures_spirit,natures_spirit:gardenia,gardenia,natures_spirit-2.2.5-1.20.1.jar,False
natures_spirit,natures_spirit:ghaf_button,ghaf_button,natures_spirit-2.2.5-1.20.1.jar,False
natures_spirit,natures_spirit:ghaf_door,ghaf_door,natures_spirit-2.2.5-1.20.1.jar,False
natures_spirit,natures_spirit:ghaf_fence,ghaf_fence,natures_spirit-2.2.5-1.20.1.jar,False
natures_spirit,natures_spirit:ghaf_fence_gate,ghaf_fence_gate,natures_spirit-2.2.5-1.20.1.jar,False
natures_spirit,natures_spirit:ghaf_hanging_sign,ghaf_hanging_sign,natures_spirit-2.2.5-1.20.1.jar,False
natures_spirit,natures_spirit:ghaf_leaves,ghaf_leaves,natures_spirit-2.2.5-1.20.1.jar,False
natures_spirit,natures_spirit:ghaf_log,ghaf_log,natures_spirit-2.2.5-1.20.1.jar,False
natures_spirit,natures_spirit:ghaf_planks,ghaf_planks,natures_spirit-2.2.5-1.20.1.jar,False
natures_spirit,natures_spirit:ghaf_pressure_plate,ghaf_pressure_plate,natures_spirit-2.2.5-1.20.1.jar,False
natures_spirit,natures_spirit:ghaf_sapling,ghaf_sapling,natures_spirit-2.2.5-1.20.1.jar,False
natures_spirit,natures_spirit:ghaf_sign,ghaf_sign,natures_spirit-2.2.5-1.20.1.jar,False
natures_spirit,natures_spirit:ghaf_slab,ghaf_slab,natures_spirit-2.2.5-1.20.1.jar,False
natures_spirit,natures_spirit:ghaf_stairs,ghaf_stairs,natures_spirit-2.2.5-1.20.1.jar,False
natures_spirit,natures_spirit:ghaf_trapdoor,ghaf_trapdoor,natures_spirit-2.2.5-1.20.1.jar,False
natures_spirit,natures_spirit:ghaf_wall_hanging_sign,ghaf_wall_hanging_sign,natures_spirit-2.2.5-1.20.1.jar,False
natures_spirit,natures_spirit:ghaf_wall_sign,ghaf_wall_sign,natures_spirit-2.2.5-1.20.1.jar,False
natures_spirit,natures_spirit:ghaf_wood,ghaf_wood,natures_spirit-2.2.5-1.20.1.jar,False
natures_spirit,natures_spirit:gray_chalk,gray_chalk,natures_spirit-2.2.5-1.20.1.jar,False
natures_spirit,natures_spirit:gray_chalk_slab,gray_chalk_slab,natures_spirit-2.2.5-1.20.1.jar,False
natures_spirit,natures_spirit:gray_chalk_stairs,gray_chalk_stairs,natures_spirit-2.2.5-1.20.1.jar,False
natures_spirit,natures_spirit:gray_kaolin,gray_kaolin,natures_spirit-2.2.5-1.20.1.jar,False
natures_spirit,natures_spirit:gray_kaolin_brick_slab,gray_kaolin_brick_slab,natures_spirit-2.2.5-1.20.1.jar,False
natures_spirit,natures_spirit:gray_kaolin_brick_stairs,gray_kaolin_brick_stairs,natures_spirit-2.2.5-1.20.1.jar,False
natures_spirit,natures_spirit:gray_kaolin_bricks,gray_kaolin_bricks,natures_spirit-2.2.5-1.20.1.jar,False
natures_spirit,natures_spirit:gray_kaolin_slab,gray_kaolin_slab,natures_spirit-2.2.5-1.20.1.jar,False
natures_spirit,natures_spirit:gray_kaolin_stairs,gray_kaolin_stairs,natures_spirit-2.2.5-1.20.1.jar,False
natures_spirit,natures_spirit:gray_paper_lantern,gray_paper_lantern,natures_spirit-2.2.5-1.20.1.jar,False
natures_spirit,natures_spirit:gray_polypore,gray_polypore,natures_spirit-2.2.5-1.20.1.jar,False
natures_spirit,natures_spirit:gray_polypore_block,gray_polypore_block,natures_spirit-2.2.5-1.20.1.jar,False
natures_spirit,natures_spirit:green_bearberries,green_bearberries,natures_spirit-2.2.5-1.20.1.jar,False
natures_spirit,natures_spirit:green_bitter_sprouts,green_bitter_sprouts,natures_spirit-2.2.5-1.20.1.jar,False
natures_spirit,natures_spirit:green_chalk,green_chalk,natures_spirit-2.2.5-1.20.1.jar,False
natures_spirit,natures_spirit:green_chalk_slab,green_chalk_slab,natures_spirit-2.2.5-1.20.1.jar,False
natures_spirit,natures_spirit:green_chalk_stairs,green_chalk_stairs,natures_spirit-2.2.5-1.20.1.jar,False
natures_spirit,natures_spirit:green_kaolin,green_kaolin,natures_spirit-2.2.5-1.20.1.jar,False
natures_spirit,natures_spirit:green_kaolin_brick_slab,green_kaolin_brick_slab,natures_spirit-2.2.5-1.20.1.jar,False
natures_spirit,natures_spirit:green_kaolin_brick_stairs,green_kaolin_brick_stairs,natures_spirit-2.2.5-1.20.1.jar,False
natures_spirit,natures_spirit:green_kaolin_bricks,green_kaolin_bricks,natures_spirit-2.2.5-1.20.1.jar,False
natures_spirit,natures_spirit:green_kaolin_slab,green_kaolin_slab,natures_spirit-2.2.5-1.20.1.jar,False
natures_spirit,natures_spirit:green_kaolin_stairs,green_kaolin_stairs,natures_spirit-2.2.5-1.20.1.jar,False
natures_spirit,natures_spirit:green_paper_lantern,green_paper_lantern,natures_spirit-2.2.5-1.20.1.jar,False
natures_spirit,natures_spirit:helvola,helvola,natures_spirit-2.2.5-1.20.1.jar,False
natures_spirit,natures_spirit:hibiscus,hibiscus,natures_spirit-2.2.5-1.20.1.jar,False
natures_spirit,natures_spirit:imperial_succulent,imperial_succulent,natures_spirit-2.2.5-1.20.1.jar,False
natures_spirit,natures_spirit:imperial_wall_succulent,imperial_wall_succulent,natures_spirit-2.2.5-1.20.1.jar,False
natures_spirit,natures_spirit:joshua_bundle,joshua_bundle,natures_spirit-2.2.5-1.20.1.jar,False
natures_spirit,natures_spirit:joshua_button,joshua_button,natures_spirit-2.2.5-1.20.1.jar,False
natures_spirit,natures_spirit:joshua_door,joshua_door,natures_spirit-2.2.5-1.20.1.jar,False
natures_spirit,natures_spirit:joshua_fence,joshua_fence,natures_spirit-2.2.5-1.20.1.jar,False
natures_spirit,natures_spirit:joshua_fence_gate,joshua_fence_gate,natures_spirit-2.2.5-1.20.1.jar,False
natures_spirit,natures_spirit:joshua_hanging_sign,joshua_hanging_sign,natures_spirit-2.2.5-1.20.1.jar,False
natures_spirit,natures_spirit:joshua_leaves,joshua_leaves,natures_spirit-2.2.5-1.20.1.jar,False
natures_spirit,natures_spirit:joshua_log,joshua_log,natures_spirit-2.2.5-1.20.1.jar,False
natures_spirit,natures_spirit:joshua_mosaic,joshua_mosaic,natures_spirit-2.2.5-1.20.1.jar,False
natures_spirit,natures_spirit:joshua_mosaic_slab,joshua_mosaic_slab,natures_spirit-2.2.5-1.20.1.jar,False
natures_spirit,natures_spirit:joshua_mosaic_stairs,joshua_mosaic_stairs,natures_spirit-2.2.5-1.20.1.jar,False
natures_spirit,natures_spirit:joshua_planks,joshua_planks,natures_spirit-2.2.5-1.20.1.jar,False
natures_spirit,natures_spirit:joshua_pressure_plate,joshua_pressure_plate,natures_spirit-2.2.5-1.20.1.jar,False
natures_spirit,natures_spirit:joshua_sapling,joshua_sapling,natures_spirit-2.2.5-1.20.1.jar,False
natures_spirit,natures_spirit:joshua_sign,joshua_sign,natures_spirit-2.2.5-1.20.1.jar,False
natures_spirit,natures_spirit:joshua_slab,joshua_slab,natures_spirit-2.2.5-1.20.1.jar,False
natures_spirit,natures_spirit:joshua_stairs,joshua_stairs,natures_spirit-2.2.5-1.20.1.jar,False
natures_spirit,natures_spirit:joshua_trapdoor,joshua_trapdoor,natures_spirit-2.2.5-1.20.1.jar,False
natures_spirit,natures_spirit:joshua_wall_hanging_sign,joshua_wall_hanging_sign,natures_spirit-2.2.5-1.20.1.jar,False
natures_spirit,natures_spirit:joshua_wall_sign,joshua_wall_sign,natures_spirit-2.2.5-1.20.1.jar,False
natures_spirit,natures_spirit:kaolin,kaolin,natures_spirit-2.2.5-1.20.1.jar,False
natures_spirit,natures_spirit:kaolin_brick_slab,kaolin_brick_slab,natures_spirit-2.2.5-1.20.1.jar,False
natures_spirit,natures_spirit:kaolin_brick_stairs,kaolin_brick_stairs,natures_spirit-2.2.5-1.20.1.jar,False
natures_spirit,natures_spirit:kaolin_bricks,kaolin_bricks,natures_spirit-2.2.5-1.20.1.jar,False
natures_spirit,natures_spirit:kaolin_slab,kaolin_slab,natures_spirit-2.2.5-1.20.1.jar,False
natures_spirit,natures_spirit:kaolin_stairs,kaolin_stairs,natures_spirit-2.2.5-1.20.1.jar,False
natures_spirit,natures_spirit:larch_button,larch_button,natures_spirit-2.2.5-1.20.1.jar,False
natures_spirit,natures_spirit:larch_door,larch_door,natures_spirit-2.2.5-1.20.1.jar,False
natures_spirit,natures_spirit:larch_fence,larch_fence,natures_spirit-2.2.5-1.20.1.jar,False
natures_spirit,natures_spirit:larch_fence_gate,larch_fence_gate,natures_spirit-2.2.5-1.20.1.jar,False
natures_spirit,natures_spirit:larch_hanging_sign,larch_hanging_sign,natures_spirit-2.2.5-1.20.1.jar,False
natures_spirit,natures_spirit:larch_leaves,larch_leaves,natures_spirit-2.2.5-1.20.1.jar,False
natures_spirit,natures_spirit:larch_log,larch_log,natures_spirit-2.2.5-1.20.1.jar,False
natures_spirit,natures_spirit:larch_planks,larch_planks,natures_spirit-2.2.5-1.20.1.jar,False
natures_spirit,natures_spirit:larch_pressure_plate,larch_pressure_plate,natures_spirit-2.2.5-1.20.1.jar,False
natures_spirit,natures_spirit:larch_sapling,larch_sapling,natures_spirit-2.2.5-1.20.1.jar,False
natures_spirit,natures_spirit:larch_sign,larch_sign,natures_spirit-2.2.5-1.20.1.jar,False
natures_spirit,natures_spirit:larch_slab,larch_slab,natures_spirit-2.2.5-1.20.1.jar,False
natures_spirit,natures_spirit:larch_stairs,larch_stairs,natures_spirit-2.2.5-1.20.1.jar,False
natures_spirit,natures_spirit:larch_trapdoor,larch_trapdoor,natures_spirit-2.2.5-1.20.1.jar,False
natures_spirit,natures_spirit:larch_wall_hanging_sign,larch_wall_hanging_sign,natures_spirit-2.2.5-1.20.1.jar,False
natures_spirit,natures_spirit:larch_wall_sign,larch_wall_sign,natures_spirit-2.2.5-1.20.1.jar,False
natures_spirit,natures_spirit:larch_wood,larch_wood,natures_spirit-2.2.5-1.20.1.jar,False
natures_spirit,natures_spirit:large_calcite_bud,large_calcite_bud,natures_spirit-2.2.5-1.20.1.jar,False
natures_spirit,natures_spirit:large_flaxen_fern,large_flaxen_fern,natures_spirit-2.2.5-1.20.1.jar,False
natures_spirit,natures_spirit:large_lush_fern,large_lush_fern,natures_spirit-2.2.5-1.20.1.jar,False
natures_spirit,natures_spirit:lavender,lavender,natures_spirit-2.2.5-1.20.1.jar,False
natures_spirit,natures_spirit:light_blue_chalk,light_blue_chalk,natures_spirit-2.2.5-1.20.1.jar,False
natures_spirit,natures_spirit:light_blue_chalk_slab,light_blue_chalk_slab,natures_spirit-2.2.5-1.20.1.jar,False
natures_spirit,natures_spirit:light_blue_chalk_stairs,light_blue_chalk_stairs,natures_spirit-2.2.5-1.20.1.jar,False
natures_spirit,natures_spirit:light_blue_kaolin,light_blue_kaolin,natures_spirit-2.2.5-1.20.1.jar,False
natures_spirit,natures_spirit:light_blue_kaolin_brick_slab,light_blue_kaolin_brick_slab,natures_spirit-2.2.5-1.20.1.jar,False
natures_spirit,natures_spirit:light_blue_kaolin_brick_stairs,light_blue_kaolin_brick_stairs,natures_spirit-2.2.5-1.20.1.jar,False
natures_spirit,natures_spirit:light_blue_kaolin_bricks,light_blue_kaolin_bricks,natures_spirit-2.2.5-1.20.1.jar,False
natures_spirit,natures_spirit:light_blue_kaolin_slab,light_blue_kaolin_slab,natures_spirit-2.2.5-1.20.1.jar,False
natures_spirit,natures_spirit:light_blue_kaolin_stairs,light_blue_kaolin_stairs,natures_spirit-2.2.5-1.20.1.jar,False
natures_spirit,natures_spirit:light_blue_paper_lantern,light_blue_paper_lantern,natures_spirit-2.2.5-1.20.1.jar,False
natures_spirit,natures_spirit:light_gray_chalk,light_gray_chalk,natures_spirit-2.2.5-1.20.1.jar,False
natures_spirit,natures_spirit:light_gray_chalk_slab,light_gray_chalk_slab,natures_spirit-2.2.5-1.20.1.jar,False
natures_spirit,natures_spirit:light_gray_chalk_stairs,light_gray_chalk_stairs,natures_spirit-2.2.5-1.20.1.jar,False
natures_spirit,natures_spirit:light_gray_kaolin,light_gray_kaolin,natures_spirit-2.2.5-1.20.1.jar,False
natures_spirit,natures_spirit:light_gray_kaolin_brick_slab,light_gray_kaolin_brick_slab,natures_spirit-2.2.5-1.20.1.jar,False
natures_spirit,natures_spirit:light_gray_kaolin_brick_stairs,light_gray_kaolin_brick_stairs,natures_spirit-2.2.5-1.20.1.jar,False
natures_spirit,natures_spirit:light_gray_kaolin_bricks,light_gray_kaolin_bricks,natures_spirit-2.2.5-1.20.1.jar,False
natures_spirit,natures_spirit:light_gray_kaolin_slab,light_gray_kaolin_slab,natures_spirit-2.2.5-1.20.1.jar,False
natures_spirit,natures_spirit:light_gray_kaolin_stairs,light_gray_kaolin_stairs,natures_spirit-2.2.5-1.20.1.jar,False
natures_spirit,natures_spirit:light_gray_paper_lantern,light_gray_paper_lantern,natures_spirit-2.2.5-1.20.1.jar,False
natures_spirit,natures_spirit:lime_chalk,lime_chalk,natures_spirit-2.2.5-1.20.1.jar,False
natures_spirit,natures_spirit:lime_chalk_slab,lime_chalk_slab,natures_spirit-2.2.5-1.20.1.jar,False
natures_spirit,natures_spirit:lime_chalk_stairs,lime_chalk_stairs,natures_spirit-2.2.5-1.20.1.jar,False
natures_spirit,natures_spirit:lime_kaolin,lime_kaolin,natures_spirit-2.2.5-1.20.1.jar,False
natures_spirit,natures_spirit:lime_kaolin_brick_slab,lime_kaolin_brick_slab,natures_spirit-2.2.5-1.20.1.jar,False
natures_spirit,natures_spirit:lime_kaolin_brick_stairs,lime_kaolin_brick_stairs,natures_spirit-2.2.5-1.20.1.jar,False
natures_spirit,natures_spirit:lime_kaolin_bricks,lime_kaolin_bricks,natures_spirit-2.2.5-1.20.1.jar,False
natures_spirit,natures_spirit:lime_kaolin_slab,lime_kaolin_slab,natures_spirit-2.2.5-1.20.1.jar,False
natures_spirit,natures_spirit:lime_kaolin_stairs,lime_kaolin_stairs,natures_spirit-2.2.5-1.20.1.jar,False
natures_spirit,natures_spirit:lime_paper_lantern,lime_paper_lantern,natures_spirit-2.2.5-1.20.1.jar,False
natures_spirit,natures_spirit:lotus_flower,lotus_flower,natures_spirit-2.2.5-1.20.1.jar,False
natures_spirit,natures_spirit:lotus_stem,lotus_stem,natures_spirit-2.2.5-1.20.1.jar,False
natures_spirit,natures_spirit:lush_fern,lush_fern,natures_spirit-2.2.5-1.20.1.jar,False
natures_spirit,natures_spirit:magenta_chalk,magenta_chalk,natures_spirit-2.2.5-1.20.1.jar,False
natures_spirit,natures_spirit:magenta_chalk_slab,magenta_chalk_slab,natures_spirit-2.2.5-1.20.1.jar,False
natures_spirit,natures_spirit:magenta_chalk_stairs,magenta_chalk_stairs,natures_spirit-2.2.5-1.20.1.jar,False
natures_spirit,natures_spirit:magenta_kaolin,magenta_kaolin,natures_spirit-2.2.5-1.20.1.jar,False
natures_spirit,natures_spirit:magenta_kaolin_brick_slab,magenta_kaolin_brick_slab,natures_spirit-2.2.5-1.20.1.jar,False
natures_spirit,natures_spirit:magenta_kaolin_brick_stairs,magenta_kaolin_brick_stairs,natures_spirit-2.2.5-1.20.1.jar,False
natures_spirit,natures_spirit:magenta_kaolin_bricks,magenta_kaolin_bricks,natures_spirit-2.2.5-1.20.1.jar,False
natures_spirit,natures_spirit:magenta_kaolin_slab,magenta_kaolin_slab,natures_spirit-2.2.5-1.20.1.jar,False
natures_spirit,natures_spirit:magenta_kaolin_stairs,magenta_kaolin_stairs,natures_spirit-2.2.5-1.20.1.jar,False
natures_spirit,natures_spirit:magenta_paper_lantern,magenta_paper_lantern,natures_spirit-2.2.5-1.20.1.jar,False
natures_spirit,natures_spirit:mahogany_button,mahogany_button,natures_spirit-2.2.5-1.20.1.jar,False
natures_spirit,natures_spirit:mahogany_door,mahogany_door,natures_spirit-2.2.5-1.20.1.jar,False
natures_spirit,natures_spirit:mahogany_fence,mahogany_fence,natures_spirit-2.2.5-1.20.1.jar,False
natures_spirit,natures_spirit:mahogany_fence_gate,mahogany_fence_gate,natures_spirit-2.2.5-1.20.1.jar,False
natures_spirit,natures_spirit:mahogany_hanging_sign,mahogany_hanging_sign,natures_spirit-2.2.5-1.20.1.jar,False
natures_spirit,natures_spirit:mahogany_leaves,mahogany_leaves,natures_spirit-2.2.5-1.20.1.jar,False
natures_spirit,natures_spirit:mahogany_log,mahogany_log,natures_spirit-2.2.5-1.20.1.jar,False
natures_spirit,natures_spirit:mahogany_mosaic,mahogany_mosaic,natures_spirit-2.2.5-1.20.1.jar,False
natures_spirit,natures_spirit:mahogany_mosaic_slab,mahogany_mosaic_slab,natures_spirit-2.2.5-1.20.1.jar,False
natures_spirit,natures_spirit:mahogany_mosaic_stairs,mahogany_mosaic_stairs,natures_spirit-2.2.5-1.20.1.jar,False
natures_spirit,natures_spirit:mahogany_planks,mahogany_planks,natures_spirit-2.2.5-1.20.1.jar,False
natures_spirit,natures_spirit:mahogany_pressure_plate,mahogany_pressure_plate,natures_spirit-2.2.5-1.20.1.jar,False
natures_spirit,natures_spirit:mahogany_sapling,mahogany_sapling,natures_spirit-2.2.5-1.20.1.jar,False
natures_spirit,natures_spirit:mahogany_sign,mahogany_sign,natures_spirit-2.2.5-1.20.1.jar,False
natures_spirit,natures_spirit:mahogany_slab,mahogany_slab,natures_spirit-2.2.5-1.20.1.jar,False
natures_spirit,natures_spirit:mahogany_stairs,mahogany_stairs,natures_spirit-2.2.5-1.20.1.jar,False
natures_spirit,natures_spirit:mahogany_trapdoor,mahogany_trapdoor,natures_spirit-2.2.5-1.20.1.jar,False
natures_spirit,natures_spirit:mahogany_wall_hanging_sign,mahogany_wall_hanging_sign,natures_spirit-2.2.5-1.20.1.jar,False
natures_spirit,natures_spirit:mahogany_wall_sign,mahogany_wall_sign,natures_spirit-2.2.5-1.20.1.jar,False
natures_spirit,natures_spirit:mahogany_wood,mahogany_wood,natures_spirit-2.2.5-1.20.1.jar,False
natures_spirit,natures_spirit:maple_button,maple_button,natures_spirit-2.2.5-1.20.1.jar,False
natures_spirit,natures_spirit:maple_door,maple_door,natures_spirit-2.2.5-1.20.1.jar,False
natures_spirit,natures_spirit:maple_fence,maple_fence,natures_spirit-2.2.5-1.20.1.jar,False
natures_spirit,natures_spirit:maple_fence_gate,maple_fence_gate,natures_spirit-2.2.5-1.20.1.jar,False
natures_spirit,natures_spirit:maple_hanging_sign,maple_hanging_sign,natures_spirit-2.2.5-1.20.1.jar,False
natures_spirit,natures_spirit:maple_log,maple_log,natures_spirit-2.2.5-1.20.1.jar,False
natures_spirit,natures_spirit:maple_planks,maple_planks,natures_spirit-2.2.5-1.20.1.jar,False
natures_spirit,natures_spirit:maple_pressure_plate,maple_pressure_plate,natures_spirit-2.2.5-1.20.1.jar,False
natures_spirit,natures_spirit:maple_sign,maple_sign,natures_spirit-2.2.5-1.20.1.jar,False
natures_spirit,natures_spirit:maple_slab,maple_slab,natures_spirit-2.2.5-1.20.1.jar,False
natures_spirit,natures_spirit:maple_stairs,maple_stairs,natures_spirit-2.2.5-1.20.1.jar,False
natures_spirit,natures_spirit:maple_trapdoor,maple_trapdoor,natures_spirit-2.2.5-1.20.1.jar,False
natures_spirit,natures_spirit:maple_wall_hanging_sign,maple_wall_hanging_sign,natures_spirit-2.2.5-1.20.1.jar,False
natures_spirit,natures_spirit:maple_wall_sign,maple_wall_sign,natures_spirit-2.2.5-1.20.1.jar,False
natures_spirit,natures_spirit:maple_wood,maple_wood,natures_spirit-2.2.5-1.20.1.jar,False
natures_spirit,natures_spirit:marigold,marigold,natures_spirit-2.2.5-1.20.1.jar,False
natures_spirit,natures_spirit:melic_grass,melic_grass,natures_spirit-2.2.5-1.20.1.jar,False
natures_spirit,natures_spirit:milk_cauldron,milk_cauldron,natures_spirit-2.2.5-1.20.1.jar,False
natures_spirit,natures_spirit:mossy_cobbled_travertine,mossy_cobbled_travertine,natures_spirit-2.2.5-1.20.1.jar,False
natures_spirit,natures_spirit:mossy_cobbled_travertine_slab,mossy_cobbled_travertine_slab,natures_spirit-2.2.5-1.20.1.jar,False
natures_spirit,natures_spirit:mossy_cobbled_travertine_stairs,mossy_cobbled_travertine_stairs,natures_spirit-2.2.5-1.20.1.jar,False
natures_spirit,natures_spirit:mossy_cobbled_travertine_wall,mossy_cobbled_travertine_wall,natures_spirit-2.2.5-1.20.1.jar,False
natures_spirit,natures_spirit:mossy_travertine_brick_slab,mossy_travertine_brick_slab,natures_spirit-2.2.5-1.20.1.jar,False
natures_spirit,natures_spirit:mossy_travertine_brick_stairs,mossy_travertine_brick_stairs,natures_spirit-2.2.5-1.20.1.jar,False
natures_spirit,natures_spirit:mossy_travertine_brick_wall,mossy_travertine_brick_wall,natures_spirit-2.2.5-1.20.1.jar,False
natures_spirit,natures_spirit:mossy_travertine_bricks,mossy_travertine_bricks,natures_spirit-2.2.5-1.20.1.jar,False
natures_spirit,natures_spirit:oat_grass,oat_grass,natures_spirit-2.2.5-1.20.1.jar,False
natures_spirit,natures_spirit:olive_branch,olive_branch,natures_spirit-2.2.5-1.20.1.jar,False
natures_spirit,natures_spirit:olive_button,olive_button,natures_spirit-2.2.5-1.20.1.jar,False
natures_spirit,natures_spirit:olive_door,olive_door,natures_spirit-2.2.5-1.20.1.jar,False
natures_spirit,natures_spirit:olive_fence,olive_fence,natures_spirit-2.2.5-1.20.1.jar,False
natures_spirit,natures_spirit:olive_fence_gate,olive_fence_gate,natures_spirit-2.2.5-1.20.1.jar,False
natures_spirit,natures_spirit:olive_hanging_sign,olive_hanging_sign,natures_spirit-2.2.5-1.20.1.jar,False
natures_spirit,natures_spirit:olive_leaves,olive_leaves,natures_spirit-2.2.5-1.20.1.jar,False
natures_spirit,natures_spirit:olive_log,olive_log,natures_spirit-2.2.5-1.20.1.jar,False
natures_spirit,natures_spirit:olive_planks,olive_planks,natures_spirit-2.2.5-1.20.1.jar,False
natures_spirit,natures_spirit:olive_pressure_plate,olive_pressure_plate,natures_spirit-2.2.5-1.20.1.jar,False
natures_spirit,natures_spirit:olive_sapling,olive_sapling,natures_spirit-2.2.5-1.20.1.jar,False
natures_spirit,natures_spirit:olive_sign,olive_sign,natures_spirit-2.2.5-1.20.1.jar,False
natures_spirit,natures_spirit:olive_slab,olive_slab,natures_spirit-2.2.5-1.20.1.jar,False
natures_spirit,natures_spirit:olive_stairs,olive_stairs,natures_spirit-2.2.5-1.20.1.jar,False
natures_spirit,natures_spirit:olive_trapdoor,olive_trapdoor,natures_spirit-2.2.5-1.20.1.jar,False
natures_spirit,natures_spirit:olive_wall_hanging_sign,olive_wall_hanging_sign,natures_spirit-2.2.5-1.20.1.jar,False
natures_spirit,natures_spirit:olive_wall_sign,olive_wall_sign,natures_spirit-2.2.5-1.20.1.jar,False
natures_spirit,natures_spirit:olive_wood,olive_wood,natures_spirit-2.2.5-1.20.1.jar,False
natures_spirit,natures_spirit:orange_chalk,orange_chalk,natures_spirit-2.2.5-1.20.1.jar,False
natures_spirit,natures_spirit:orange_chalk_slab,orange_chalk_slab,natures_spirit-2.2.5-1.20.1.jar,False
natures_spirit,natures_spirit:orange_chalk_stairs,orange_chalk_stairs,natures_spirit-2.2.5-1.20.1.jar,False
natures_spirit,natures_spirit:orange_kaolin,orange_kaolin,natures_spirit-2.2.5-1.20.1.jar,False
natures_spirit,natures_spirit:orange_kaolin_brick_slab,orange_kaolin_brick_slab,natures_spirit-2.2.5-1.20.1.jar,False
natures_spirit,natures_spirit:orange_kaolin_brick_stairs,orange_kaolin_brick_stairs,natures_spirit-2.2.5-1.20.1.jar,False
natures_spirit,natures_spirit:orange_kaolin_bricks,orange_kaolin_bricks,natures_spirit-2.2.5-1.20.1.jar,False
natures_spirit,natures_spirit:orange_kaolin_slab,orange_kaolin_slab,natures_spirit-2.2.5-1.20.1.jar,False
natures_spirit,natures_spirit:orange_kaolin_stairs,orange_kaolin_stairs,natures_spirit-2.2.5-1.20.1.jar,False
natures_spirit,natures_spirit:orange_maple_leaves,orange_maple_leaves,natures_spirit-2.2.5-1.20.1.jar,False
natures_spirit,natures_spirit:orange_maple_sapling,orange_maple_sapling,natures_spirit-2.2.5-1.20.1.jar,False
natures_spirit,natures_spirit:orange_paper_lantern,orange_paper_lantern,natures_spirit-2.2.5-1.20.1.jar,False
natures_spirit,natures_spirit:ornate_succulent,ornate_succulent,natures_spirit-2.2.5-1.20.1.jar,False
natures_spirit,natures_spirit:ornate_wall_succulent,ornate_wall_succulent,natures_spirit-2.2.5-1.20.1.jar,False
natures_spirit,natures_spirit:palo_verde_button,palo_verde_button,natures_spirit-2.2.5-1.20.1.jar,False
natures_spirit,natures_spirit:palo_verde_door,palo_verde_door,natures_spirit-2.2.5-1.20.1.jar,False
natures_spirit,natures_spirit:palo_verde_fence,palo_verde_fence,natures_spirit-2.2.5-1.20.1.jar,False
natures_spirit,natures_spirit:palo_verde_fence_gate,palo_verde_fence_gate,natures_spirit-2.2.5-1.20.1.jar,False
natures_spirit,natures_spirit:palo_verde_hanging_sign,palo_verde_hanging_sign,natures_spirit-2.2.5-1.20.1.jar,False
natures_spirit,natures_spirit:palo_verde_leaves,palo_verde_leaves,natures_spirit-2.2.5-1.20.1.jar,False
natures_spirit,natures_spirit:palo_verde_log,palo_verde_log,natures_spirit-2.2.5-1.20.1.jar,False
natures_spirit,natures_spirit:palo_verde_planks,palo_verde_planks,natures_spirit-2.2.5-1.20.1.jar,False
natures_spirit,natures_spirit:palo_verde_pressure_plate,palo_verde_pressure_plate,natures_spirit-2.2.5-1.20.1.jar,False
natures_spirit,natures_spirit:palo_verde_sapling,palo_verde_sapling,natures_spirit-2.2.5-1.20.1.jar,False
natures_spirit,natures_spirit:palo_verde_sign,palo_verde_sign,natures_spirit-2.2.5-1.20.1.jar,False
natures_spirit,natures_spirit:palo_verde_slab,palo_verde_slab,natures_spirit-2.2.5-1.20.1.jar,False
natures_spirit,natures_spirit:palo_verde_stairs,palo_verde_stairs,natures_spirit-2.2.5-1.20.1.jar,False
natures_spirit,natures_spirit:palo_verde_trapdoor,palo_verde_trapdoor,natures_spirit-2.2.5-1.20.1.jar,False
natures_spirit,natures_spirit:palo_verde_wall_hanging_sign,palo_verde_wall_hanging_sign,natures_spirit-2.2.5-1.20.1.jar,False
natures_spirit,natures_spirit:palo_verde_wall_sign,palo_verde_wall_sign,natures_spirit-2.2.5-1.20.1.jar,False
natures_spirit,natures_spirit:palo_verde_wood,palo_verde_wood,natures_spirit-2.2.5-1.20.1.jar,False
natures_spirit,natures_spirit:paper_block,paper_block,natures_spirit-2.2.5-1.20.1.jar,False
natures_spirit,natures_spirit:paper_door,paper_door,natures_spirit-2.2.5-1.20.1.jar,False
natures_spirit,natures_spirit:paper_hanging_sign,paper_hanging_sign,natures_spirit-2.2.5-1.20.1.jar,False
natures_spirit,natures_spirit:paper_lantern,paper_lantern,natures_spirit-2.2.5-1.20.1.jar,False
natures_spirit,natures_spirit:paper_panel,paper_panel,natures_spirit-2.2.5-1.20.1.jar,False
natures_spirit,natures_spirit:paper_sign,paper_sign,natures_spirit-2.2.5-1.20.1.jar,False
natures_spirit,natures_spirit:paper_trapdoor,paper_trapdoor,natures_spirit-2.2.5-1.20.1.jar,False
natures_spirit,natures_spirit:paper_wall_hanging_sign,paper_wall_hanging_sign,natures_spirit-2.2.5-1.20.1.jar,False
natures_spirit,natures_spirit:paper_wall_sign,paper_wall_sign,natures_spirit-2.2.5-1.20.1.jar,False
natures_spirit,natures_spirit:part_blue_wisteria_leaves,part_blue_wisteria_leaves,natures_spirit-2.2.5-1.20.1.jar,False
natures_spirit,natures_spirit:part_pink_wisteria_leaves,part_pink_wisteria_leaves,natures_spirit-2.2.5-1.20.1.jar,False
natures_spirit,natures_spirit:part_purple_wisteria_leaves,part_purple_wisteria_leaves,natures_spirit-2.2.5-1.20.1.jar,False
natures_spirit,natures_spirit:part_white_wisteria_leaves,part_white_wisteria_leaves,natures_spirit-2.2.5-1.20.1.jar,False
natures_spirit,natures_spirit:pink_chalk,pink_chalk,natures_spirit-2.2.5-1.20.1.jar,False
natures_spirit,natures_spirit:pink_chalk_slab,pink_chalk_slab,natures_spirit-2.2.5-1.20.1.jar,False
natures_spirit,natures_spirit:pink_chalk_stairs,pink_chalk_stairs,natures_spirit-2.2.5-1.20.1.jar,False
natures_spirit,natures_spirit:pink_kaolin,pink_kaolin,natures_spirit-2.2.5-1.20.1.jar,False
natures_spirit,natures_spirit:pink_kaolin_brick_slab,pink_kaolin_brick_slab,natures_spirit-2.2.5-1.20.1.jar,False
natures_spirit,natures_spirit:pink_kaolin_brick_stairs,pink_kaolin_brick_stairs,natures_spirit-2.2.5-1.20.1.jar,False
natures_spirit,natures_spirit:pink_kaolin_bricks,pink_kaolin_bricks,natures_spirit-2.2.5-1.20.1.jar,False
natures_spirit,natures_spirit:pink_kaolin_slab,pink_kaolin_slab,natures_spirit-2.2.5-1.20.1.jar,False
natures_spirit,natures_spirit:pink_kaolin_stairs,pink_kaolin_stairs,natures_spirit-2.2.5-1.20.1.jar,False
natures_spirit,natures_spirit:pink_paper_lantern,pink_paper_lantern,natures_spirit-2.2.5-1.20.1.jar,False
natures_spirit,natures_spirit:pink_sand,pink_sand,natures_spirit-2.2.5-1.20.1.jar,False
natures_spirit,natures_spirit:pink_sandstone,pink_sandstone,natures_spirit-2.2.5-1.20.1.jar,False
natures_spirit,natures_spirit:pink_sandstone_slab,pink_sandstone_slab,natures_spirit-2.2.5-1.20.1.jar,False
natures_spirit,natures_spirit:pink_sandstone_stairs,pink_sandstone_stairs,natures_spirit-2.2.5-1.20.1.jar,False
natures_spirit,natures_spirit:pink_sandstone_wall,pink_sandstone_wall,natures_spirit-2.2.5-1.20.1.jar,False
natures_spirit,natures_spirit:pink_wisteria_leaves,pink_wisteria_leaves,natures_spirit-2.2.5-1.20.1.jar,False
natures_spirit,natures_spirit:pink_wisteria_sapling,pink_wisteria_sapling,natures_spirit-2.2.5-1.20.1.jar,False
natures_spirit,natures_spirit:pink_wisteria_vines,pink_wisteria_vines,natures_spirit-2.2.5-1.20.1.jar,False
natures_spirit,natures_spirit:pink_wisteria_vines_plant,pink_wisteria_vines_plant,natures_spirit-2.2.5-1.20.1.jar,False
natures_spirit,natures_spirit:pizza_block,pizza_block,natures_spirit-2.2.5-1.20.1.jar,False
natures_spirit,natures_spirit:polished_chert,polished_chert,natures_spirit-2.2.5-1.20.1.jar,False
natures_spirit,natures_spirit:polished_chert_slab,polished_chert_slab,natures_spirit-2.2.5-1.20.1.jar,False
natures_spirit,natures_spirit:polished_chert_stairs,polished_chert_stairs,natures_spirit-2.2.5-1.20.1.jar,False
natures_spirit,natures_spirit:polished_chert_wall,polished_chert_wall,natures_spirit-2.2.5-1.20.1.jar,False
natures_spirit,natures_spirit:polished_travertine,polished_travertine,natures_spirit-2.2.5-1.20.1.jar,False
natures_spirit,natures_spirit:polished_travertine_slab,polished_travertine_slab,natures_spirit-2.2.5-1.20.1.jar,False
natures_spirit,natures_spirit:polished_travertine_stairs,polished_travertine_stairs,natures_spirit-2.2.5-1.20.1.jar,False
natures_spirit,natures_spirit:polished_travertine_wall,polished_travertine_wall,natures_spirit-2.2.5-1.20.1.jar,False
natures_spirit,natures_spirit:potted_anemone,potted_anemone,natures_spirit-2.2.5-1.20.1.jar,False
natures_spirit,natures_spirit:potted_aspen_sapling,potted_aspen_sapling,natures_spirit-2.2.5-1.20.1.jar,False
natures_spirit,natures_spirit:potted_aureate_succulent,potted_aureate_succulent,natures_spirit-2.2.5-1.20.1.jar,False
natures_spirit,natures_spirit:potted_beach_grass,potted_beach_grass,natures_spirit-2.2.5-1.20.1.jar,False
natures_spirit,natures_spirit:potted_black_iris,potted_black_iris,natures_spirit-2.2.5-1.20.1.jar,False
natures_spirit,natures_spirit:potted_blue_iris,potted_blue_iris,natures_spirit-2.2.5-1.20.1.jar,False
natures_spirit,natures_spirit:potted_blue_wisteria_sapling,potted_blue_wisteria_sapling,natures_spirit-2.2.5-1.20.1.jar,False
natures_spirit,natures_spirit:potted_bluebell,potted_bluebell,natures_spirit-2.2.5-1.20.1.jar,False
natures_spirit,natures_spirit:potted_cedar_sapling,potted_cedar_sapling,natures_spirit-2.2.5-1.20.1.jar,False
natures_spirit,natures_spirit:potted_cypress_sapling,potted_cypress_sapling,natures_spirit-2.2.5-1.20.1.jar,False
natures_spirit,natures_spirit:potted_drowsy_succulent,potted_drowsy_succulent,natures_spirit-2.2.5-1.20.1.jar,False
natures_spirit,natures_spirit:potted_dwarf_blossoms,potted_dwarf_blossoms,natures_spirit-2.2.5-1.20.1.jar,False
natures_spirit,natures_spirit:potted_fir_sapling,potted_fir_sapling,natures_spirit-2.2.5-1.20.1.jar,False
natures_spirit,natures_spirit:potted_flaxen_fern,potted_flaxen_fern,natures_spirit-2.2.5-1.20.1.jar,False
natures_spirit,natures_spirit:potted_foamy_succulent,potted_foamy_succulent,natures_spirit-2.2.5-1.20.1.jar,False
natures_spirit,natures_spirit:potted_frigid_grass,potted_frigid_grass,natures_spirit-2.2.5-1.20.1.jar,False
natures_spirit,natures_spirit:potted_ghaf_sapling,potted_ghaf_sapling,natures_spirit-2.2.5-1.20.1.jar,False
natures_spirit,natures_spirit:potted_green_bearberries,potted_green_bearberries,natures_spirit-2.2.5-1.20.1.jar,False
natures_spirit,natures_spirit:potted_hibiscus,potted_hibiscus,natures_spirit-2.2.5-1.20.1.jar,False
natures_spirit,natures_spirit:potted_imperial_succulent,potted_imperial_succulent,natures_spirit-2.2.5-1.20.1.jar,False
natures_spirit,natures_spirit:potted_joshua_sapling,potted_joshua_sapling,natures_spirit-2.2.5-1.20.1.jar,False
natures_spirit,natures_spirit:potted_larch_sapling,potted_larch_sapling,natures_spirit-2.2.5-1.20.1.jar,False
natures_spirit,natures_spirit:potted_lush_fern,potted_lush_fern,natures_spirit-2.2.5-1.20.1.jar,False
natures_spirit,natures_spirit:potted_mahogany_sapling,potted_mahogany_sapling,natures_spirit-2.2.5-1.20.1.jar,False
natures_spirit,natures_spirit:potted_marigold,potted_marigold,natures_spirit-2.2.5-1.20.1.jar,False
natures_spirit,natures_spirit:potted_melic_grass,potted_melic_grass,natures_spirit-2.2.5-1.20.1.jar,False
natures_spirit,natures_spirit:potted_oat_grass,potted_oat_grass,natures_spirit-2.2.5-1.20.1.jar,False
natures_spirit,natures_spirit:potted_olive_sapling,potted_olive_sapling,natures_spirit-2.2.5-1.20.1.jar,False
natures_spirit,natures_spirit:potted_orange_maple_sapling,potted_orange_maple_sapling,natures_spirit-2.2.5-1.20.1.jar,False
natures_spirit,natures_spirit:potted_ornate_succulent,potted_ornate_succulent,natures_spirit-2.2.5-1.20.1.jar,False
natures_spirit,natures_spirit:potted_palo_verde_sapling,potted_palo_verde_sapling,natures_spirit-2.2.5-1.20.1.jar,False
natures_spirit,natures_spirit:potted_pink_wisteria_sapling,potted_pink_wisteria_sapling,natures_spirit-2.2.5-1.20.1.jar,False
natures_spirit,natures_spirit:potted_protea,potted_protea,natures_spirit-2.2.5-1.20.1.jar,False
natures_spirit,natures_spirit:potted_purple_bearberries,potted_purple_bearberries,natures_spirit-2.2.5-1.20.1.jar,False
natures_spirit,natures_spirit:potted_purple_heather,potted_purple_heather,natures_spirit-2.2.5-1.20.1.jar,False
natures_spirit,natures_spirit:potted_purple_wildflower,potted_purple_wildflower,natures_spirit-2.2.5-1.20.1.jar,False
natures_spirit,natures_spirit:potted_purple_wisteria_sapling,potted_purple_wisteria_sapling,natures_spirit-2.2.5-1.20.1.jar,False
natures_spirit,natures_spirit:potted_red_bearberries,potted_red_bearberries,natures_spirit-2.2.5-1.20.1.jar,False
natures_spirit,natures_spirit:potted_red_heather,potted_red_heather,natures_spirit-2.2.5-1.20.1.jar,False
natures_spirit,natures_spirit:potted_red_maple_sapling,potted_red_maple_sapling,natures_spirit-2.2.5-1.20.1.jar,False
natures_spirit,natures_spirit:potted_redwood_sapling,potted_redwood_sapling,natures_spirit-2.2.5-1.20.1.jar,False
natures_spirit,natures_spirit:potted_regal_succulent,potted_regal_succulent,natures_spirit-2.2.5-1.20.1.jar,False
natures_spirit,natures_spirit:potted_ruby_blossoms,potted_ruby_blossoms,natures_spirit-2.2.5-1.20.1.jar,False
natures_spirit,natures_spirit:potted_sage_succulent,potted_sage_succulent,natures_spirit-2.2.5-1.20.1.jar,False
natures_spirit,natures_spirit:potted_saxaul_sapling,potted_saxaul_sapling,natures_spirit-2.2.5-1.20.1.jar,False
natures_spirit,natures_spirit:potted_scorched_grass,potted_scorched_grass,natures_spirit-2.2.5-1.20.1.jar,False
natures_spirit,natures_spirit:potted_sedge_grass,potted_sedge_grass,natures_spirit-2.2.5-1.20.1.jar,False
natures_spirit,natures_spirit:potted_shiitake_mushroom,potted_shiitake_mushroom,natures_spirit-2.2.5-1.20.1.jar,False
natures_spirit,natures_spirit:potted_sugi_sapling,potted_sugi_sapling,natures_spirit-2.2.5-1.20.1.jar,False
natures_spirit,natures_spirit:potted_tiger_lily,potted_tiger_lily,natures_spirit-2.2.5-1.20.1.jar,False
natures_spirit,natures_spirit:potted_white_heather,potted_white_heather,natures_spirit-2.2.5-1.20.1.jar,False
natures_spirit,natures_spirit:potted_white_wisteria_sapling,potted_white_wisteria_sapling,natures_spirit-2.2.5-1.20.1.jar,False
natures_spirit,natures_spirit:potted_willow_sapling,potted_willow_sapling,natures_spirit-2.2.5-1.20.1.jar,False
natures_spirit,natures_spirit:potted_yellow_maple_sapling,potted_yellow_maple_sapling,natures_spirit-2.2.5-1.20.1.jar,False
natures_spirit,natures_spirit:potted_yellow_wildflower,potted_yellow_wildflower,natures_spirit-2.2.5-1.20.1.jar,False
natures_spirit,natures_spirit:protea,protea,natures_spirit-2.2.5-1.20.1.jar,False
natures_spirit,natures_spirit:purple_bearberries,purple_bearberries,natures_spirit-2.2.5-1.20.1.jar,False
natures_spirit,natures_spirit:purple_bitter_sprouts,purple_bitter_sprouts,natures_spirit-2.2.5-1.20.1.jar,False
natures_spirit,natures_spirit:purple_chalk,purple_chalk,natures_spirit-2.2.5-1.20.1.jar,False
natures_spirit,natures_spirit:purple_chalk_slab,purple_chalk_slab,natures_spirit-2.2.5-1.20.1.jar,False
natures_spirit,natures_spirit:purple_chalk_stairs,purple_chalk_stairs,natures_spirit-2.2.5-1.20.1.jar,False
natures_spirit,natures_spirit:purple_heather,purple_heather,natures_spirit-2.2.5-1.20.1.jar,False
natures_spirit,natures_spirit:purple_kaolin,purple_kaolin,natures_spirit-2.2.5-1.20.1.jar,False
natures_spirit,natures_spirit:purple_kaolin_brick_slab,purple_kaolin_brick_slab,natures_spirit-2.2.5-1.20.1.jar,False
natures_spirit,natures_spirit:purple_kaolin_brick_stairs,purple_kaolin_brick_stairs,natures_spirit-2.2.5-1.20.1.jar,False
natures_spirit,natures_spirit:purple_kaolin_bricks,purple_kaolin_bricks,natures_spirit-2.2.5-1.20.1.jar,False
natures_spirit,natures_spirit:purple_kaolin_slab,purple_kaolin_slab,natures_spirit-2.2.5-1.20.1.jar,False
natures_spirit,natures_spirit:purple_kaolin_stairs,purple_kaolin_stairs,natures_spirit-2.2.5-1.20.1.jar,False
natures_spirit,natures_spirit:purple_paper_lantern,purple_paper_lantern,natures_spirit-2.2.5-1.20.1.jar,False
natures_spirit,natures_spirit:purple_wildflower,purple_wildflower,natures_spirit-2.2.5-1.20.1.jar,False
natures_spirit,natures_spirit:purple_wisteria_leaves,purple_wisteria_leaves,natures_spirit-2.2.5-1.20.1.jar,False
natures_spirit,natures_spirit:purple_wisteria_sapling,purple_wisteria_sapling,natures_spirit-2.2.5-1.20.1.jar,False
natures_spirit,natures_spirit:purple_wisteria_vines,purple_wisteria_vines,natures_spirit-2.2.5-1.20.1.jar,False
natures_spirit,natures_spirit:purple_wisteria_vines_plant,purple_wisteria_vines_plant,natures_spirit-2.2.5-1.20.1.jar,False
natures_spirit,natures_spirit:red_bearberries,red_bearberries,natures_spirit-2.2.5-1.20.1.jar,False
natures_spirit,natures_spirit:red_bitter_sprouts,red_bitter_sprouts,natures_spirit-2.2.5-1.20.1.jar,False
natures_spirit,natures_spirit:red_chalk,red_chalk,natures_spirit-2.2.5-1.20.1.jar,False
natures_spirit,natures_spirit:red_chalk_slab,red_chalk_slab,natures_spirit-2.2.5-1.20.1.jar,False
natures_spirit,natures_spirit:red_chalk_stairs,red_chalk_stairs,natures_spirit-2.2.5-1.20.1.jar,False
natures_spirit,natures_spirit:red_heather,red_heather,natures_spirit-2.2.5-1.20.1.jar,False
natures_spirit,natures_spirit:red_kaolin,red_kaolin,natures_spirit-2.2.5-1.20.1.jar,False
natures_spirit,natures_spirit:red_kaolin_brick_slab,red_kaolin_brick_slab,natures_spirit-2.2.5-1.20.1.jar,False
natures_spirit,natures_spirit:red_kaolin_brick_stairs,red_kaolin_brick_stairs,natures_spirit-2.2.5-1.20.1.jar,False
natures_spirit,natures_spirit:red_kaolin_bricks,red_kaolin_bricks,natures_spirit-2.2.5-1.20.1.jar,False
natures_spirit,natures_spirit:red_kaolin_slab,red_kaolin_slab,natures_spirit-2.2.5-1.20.1.jar,False
natures_spirit,natures_spirit:red_kaolin_stairs,red_kaolin_stairs,natures_spirit-2.2.5-1.20.1.jar,False
natures_spirit,natures_spirit:red_maple_leaves,red_maple_leaves,natures_spirit-2.2.5-1.20.1.jar,False
natures_spirit,natures_spirit:red_maple_sapling,red_maple_sapling,natures_spirit-2.2.5-1.20.1.jar,False
natures_spirit,natures_spirit:red_moss_block,red_moss_block,natures_spirit-2.2.5-1.20.1.jar,False
natures_spirit,natures_spirit:red_moss_carpet,red_moss_carpet,natures_spirit-2.2.5-1.20.1.jar,False
natures_spirit,natures_spirit:red_paper_lantern,red_paper_lantern,natures_spirit-2.2.5-1.20.1.jar,False
natures_spirit,natures_spirit:redwood_button,redwood_button,natures_spirit-2.2.5-1.20.1.jar,False
natures_spirit,natures_spirit:redwood_door,redwood_door,natures_spirit-2.2.5-1.20.1.jar,False
natures_spirit,natures_spirit:redwood_fence,redwood_fence,natures_spirit-2.2.5-1.20.1.jar,False
natures_spirit,natures_spirit:redwood_fence_gate,redwood_fence_gate,natures_spirit-2.2.5-1.20.1.jar,False
natures_spirit,natures_spirit:redwood_hanging_sign,redwood_hanging_sign,natures_spirit-2.2.5-1.20.1.jar,False
natures_spirit,natures_spirit:redwood_leaves,redwood_leaves,natures_spirit-2.2.5-1.20.1.jar,False
natures_spirit,natures_spirit:redwood_log,redwood_log,natures_spirit-2.2.5-1.20.1.jar,False
natures_spirit,natures_spirit:redwood_planks,redwood_planks,natures_spirit-2.2.5-1.20.1.jar,False
natures_spirit,natures_spirit:redwood_pressure_plate,redwood_pressure_plate,natures_spirit-2.2.5-1.20.1.jar,False
natures_spirit,natures_spirit:redwood_sapling,redwood_sapling,natures_spirit-2.2.5-1.20.1.jar,False
natures_spirit,natures_spirit:redwood_sign,redwood_sign,natures_spirit-2.2.5-1.20.1.jar,False
natures_spirit,natures_spirit:redwood_slab,redwood_slab,natures_spirit-2.2.5-1.20.1.jar,False
natures_spirit,natures_spirit:redwood_stairs,redwood_stairs,natures_spirit-2.2.5-1.20.1.jar,False
natures_spirit,natures_spirit:redwood_trapdoor,redwood_trapdoor,natures_spirit-2.2.5-1.20.1.jar,False
natures_spirit,natures_spirit:redwood_wall_hanging_sign,redwood_wall_hanging_sign,natures_spirit-2.2.5-1.20.1.jar,False
natures_spirit,natures_spirit:redwood_wall_sign,redwood_wall_sign,natures_spirit-2.2.5-1.20.1.jar,False
natures_spirit,natures_spirit:redwood_wood,redwood_wood,natures_spirit-2.2.5-1.20.1.jar,False
natures_spirit,natures_spirit:regal_succulent,regal_succulent,natures_spirit-2.2.5-1.20.1.jar,False
natures_spirit,natures_spirit:regal_wall_succulent,regal_wall_succulent,natures_spirit-2.2.5-1.20.1.jar,False
natures_spirit,natures_spirit:ruby_blossoms,ruby_blossoms,natures_spirit-2.2.5-1.20.1.jar,False
natures_spirit,natures_spirit:sage_succulent,sage_succulent,natures_spirit-2.2.5-1.20.1.jar,False
natures_spirit,natures_spirit:sage_wall_succulent,sage_wall_succulent,natures_spirit-2.2.5-1.20.1.jar,False
natures_spirit,natures_spirit:sandy_soil,sandy_soil,natures_spirit-2.2.5-1.20.1.jar,False
natures_spirit,natures_spirit:saxaul_button,saxaul_button,natures_spirit-2.2.5-1.20.1.jar,False
natures_spirit,natures_spirit:saxaul_door,saxaul_door,natures_spirit-2.2.5-1.20.1.jar,False
natures_spirit,natures_spirit:saxaul_fence,saxaul_fence,natures_spirit-2.2.5-1.20.1.jar,False
natures_spirit,natures_spirit:saxaul_fence_gate,saxaul_fence_gate,natures_spirit-2.2.5-1.20.1.jar,False
natures_spirit,natures_spirit:saxaul_hanging_sign,saxaul_hanging_sign,natures_spirit-2.2.5-1.20.1.jar,False
natures_spirit,natures_spirit:saxaul_leaves,saxaul_leaves,natures_spirit-2.2.5-1.20.1.jar,False
natures_spirit,natures_spirit:saxaul_log,saxaul_log,natures_spirit-2.2.5-1.20.1.jar,False
natures_spirit,natures_spirit:saxaul_planks,saxaul_planks,natures_spirit-2.2.5-1.20.1.jar,False
natures_spirit,natures_spirit:saxaul_pressure_plate,saxaul_pressure_plate,natures_spirit-2.2.5-1.20.1.jar,False
natures_spirit,natures_spirit:saxaul_sapling,saxaul_sapling,natures_spirit-2.2.5-1.20.1.jar,False
natures_spirit,natures_spirit:saxaul_sign,saxaul_sign,natures_spirit-2.2.5-1.20.1.jar,False
natures_spirit,natures_spirit:saxaul_slab,saxaul_slab,natures_spirit-2.2.5-1.20.1.jar,False
natures_spirit,natures_spirit:saxaul_stairs,saxaul_stairs,natures_spirit-2.2.5-1.20.1.jar,False
natures_spirit,natures_spirit:saxaul_trapdoor,saxaul_trapdoor,natures_spirit-2.2.5-1.20.1.jar,False
natures_spirit,natures_spirit:saxaul_wall_hanging_sign,saxaul_wall_hanging_sign,natures_spirit-2.2.5-1.20.1.jar,False
natures_spirit,natures_spirit:saxaul_wall_sign,saxaul_wall_sign,natures_spirit-2.2.5-1.20.1.jar,False
natures_spirit,natures_spirit:saxaul_wood,saxaul_wood,natures_spirit-2.2.5-1.20.1.jar,False
natures_spirit,natures_spirit:scorched_grass,scorched_grass,natures_spirit-2.2.5-1.20.1.jar,False
natures_spirit,natures_spirit:sedge_grass,sedge_grass,natures_spirit-2.2.5-1.20.1.jar,False
natures_spirit,natures_spirit:shiitake_mushroom,shiitake_mushroom,natures_spirit-2.2.5-1.20.1.jar,False
natures_spirit,natures_spirit:shiitake_mushroom_block,shiitake_mushroom_block,natures_spirit-2.2.5-1.20.1.jar,False
natures_spirit,natures_spirit:silverbush,silverbush,natures_spirit-2.2.5-1.20.1.jar,False
natures_spirit,natures_spirit:small_calcite_bud,small_calcite_bud,natures_spirit-2.2.5-1.20.1.jar,False
natures_spirit,natures_spirit:smooth_pink_sandstone,smooth_pink_sandstone,natures_spirit-2.2.5-1.20.1.jar,False
natures_spirit,natures_spirit:smooth_pink_sandstone_slab,smooth_pink_sandstone_slab,natures_spirit-2.2.5-1.20.1.jar,False
natures_spirit,natures_spirit:smooth_pink_sandstone_stairs,smooth_pink_sandstone_stairs,natures_spirit-2.2.5-1.20.1.jar,False
natures_spirit,natures_spirit:snapdragon,snapdragon,natures_spirit-2.2.5-1.20.1.jar,False
natures_spirit,natures_spirit:stripped_alluaudia,stripped_alluaudia,natures_spirit-2.2.5-1.20.1.jar,False
natures_spirit,natures_spirit:stripped_alluaudia_bundle,stripped_alluaudia_bundle,natures_spirit-2.2.5-1.20.1.jar,False
natures_spirit,natures_spirit:stripped_aspen_log,stripped_aspen_log,natures_spirit-2.2.5-1.20.1.jar,False
natures_spirit,natures_spirit:stripped_aspen_wood,stripped_aspen_wood,natures_spirit-2.2.5-1.20.1.jar,False
natures_spirit,natures_spirit:stripped_cedar_log,stripped_cedar_log,natures_spirit-2.2.5-1.20.1.jar,False
natures_spirit,natures_spirit:stripped_cedar_wood,stripped_cedar_wood,natures_spirit-2.2.5-1.20.1.jar,False
natures_spirit,natures_spirit:stripped_coconut_log,stripped_coconut_log,natures_spirit-2.2.5-1.20.1.jar,False
natures_spirit,natures_spirit:stripped_coconut_wood,stripped_coconut_wood,natures_spirit-2.2.5-1.20.1.jar,False
natures_spirit,natures_spirit:stripped_cypress_log,stripped_cypress_log,natures_spirit-2.2.5-1.20.1.jar,False
natures_spirit,natures_spirit:stripped_cypress_wood,stripped_cypress_wood,natures_spirit-2.2.5-1.20.1.jar,False
natures_spirit,natures_spirit:stripped_fir_log,stripped_fir_log,natures_spirit-2.2.5-1.20.1.jar,False
natures_spirit,natures_spirit:stripped_fir_wood,stripped_fir_wood,natures_spirit-2.2.5-1.20.1.jar,False
natures_spirit,natures_spirit:stripped_ghaf_log,stripped_ghaf_log,natures_spirit-2.2.5-1.20.1.jar,False
natures_spirit,natures_spirit:stripped_ghaf_wood,stripped_ghaf_wood,natures_spirit-2.2.5-1.20.1.jar,False
natures_spirit,natures_spirit:stripped_joshua_bundle,stripped_joshua_bundle,natures_spirit-2.2.5-1.20.1.jar,False
natures_spirit,natures_spirit:stripped_joshua_log,stripped_joshua_log,natures_spirit-2.2.5-1.20.1.jar,False
natures_spirit,natures_spirit:stripped_larch_log,stripped_larch_log,natures_spirit-2.2.5-1.20.1.jar,False
natures_spirit,natures_spirit:stripped_larch_wood,stripped_larch_wood,natures_spirit-2.2.5-1.20.1.jar,False
natures_spirit,natures_spirit:stripped_mahogany_log,stripped_mahogany_log,natures_spirit-2.2.5-1.20.1.jar,False
natures_spirit,natures_spirit:stripped_mahogany_wood,stripped_mahogany_wood,natures_spirit-2.2.5-1.20.1.jar,False
natures_spirit,natures_spirit:stripped_maple_log,stripped_maple_log,natures_spirit-2.2.5-1.20.1.jar,False
natures_spirit,natures_spirit:stripped_maple_wood,stripped_maple_wood,natures_spirit-2.2.5-1.20.1.jar,False
natures_spirit,natures_spirit:stripped_olive_log,stripped_olive_log,natures_spirit-2.2.5-1.20.1.jar,False
natures_spirit,natures_spirit:stripped_olive_wood,stripped_olive_wood,natures_spirit-2.2.5-1.20.1.jar,False
natures_spirit,natures_spirit:stripped_palo_verde_log,stripped_palo_verde_log,natures_spirit-2.2.5-1.20.1.jar,False
natures_spirit,natures_spirit:stripped_palo_verde_wood,stripped_palo_verde_wood,natures_spirit-2.2.5-1.20.1.jar,False
natures_spirit,natures_spirit:stripped_redwood_log,stripped_redwood_log,natures_spirit-2.2.5-1.20.1.jar,False
natures_spirit,natures_spirit:stripped_redwood_wood,stripped_redwood_wood,natures_spirit-2.2.5-1.20.1.jar,False
natures_spirit,natures_spirit:stripped_saxaul_log,stripped_saxaul_log,natures_spirit-2.2.5-1.20.1.jar,False
natures_spirit,natures_spirit:stripped_saxaul_wood,stripped_saxaul_wood,natures_spirit-2.2.5-1.20.1.jar,False
natures_spirit,natures_spirit:stripped_sugi_log,stripped_sugi_log,natures_spirit-2.2.5-1.20.1.jar,False
natures_spirit,natures_spirit:stripped_sugi_wood,stripped_sugi_wood,natures_spirit-2.2.5-1.20.1.jar,False
natures_spirit,natures_spirit:stripped_willow_log,stripped_willow_log,natures_spirit-2.2.5-1.20.1.jar,False
natures_spirit,natures_spirit:stripped_willow_wood,stripped_willow_wood,natures_spirit-2.2.5-1.20.1.jar,False
natures_spirit,natures_spirit:stripped_wisteria_log,stripped_wisteria_log,natures_spirit-2.2.5-1.20.1.jar,False
natures_spirit,natures_spirit:stripped_wisteria_wood,stripped_wisteria_wood,natures_spirit-2.2.5-1.20.1.jar,False
natures_spirit,natures_spirit:sugi_button,sugi_button,natures_spirit-2.2.5-1.20.1.jar,False
natures_spirit,natures_spirit:sugi_door,sugi_door,natures_spirit-2.2.5-1.20.1.jar,False
natures_spirit,natures_spirit:sugi_fence,sugi_fence,natures_spirit-2.2.5-1.20.1.jar,False
natures_spirit,natures_spirit:sugi_fence_gate,sugi_fence_gate,natures_spirit-2.2.5-1.20.1.jar,False
natures_spirit,natures_spirit:sugi_hanging_sign,sugi_hanging_sign,natures_spirit-2.2.5-1.20.1.jar,False
natures_spirit,natures_spirit:sugi_leaves,sugi_leaves,natures_spirit-2.2.5-1.20.1.jar,False
natures_spirit,natures_spirit:sugi_log,sugi_log,natures_spirit-2.2.5-1.20.1.jar,False
natures_spirit,natures_spirit:sugi_mosaic,sugi_mosaic,natures_spirit-2.2.5-1.20.1.jar,False
natures_spirit,natures_spirit:sugi_mosaic_slab,sugi_mosaic_slab,natures_spirit-2.2.5-1.20.1.jar,False
natures_spirit,natures_spirit:sugi_mosaic_stairs,sugi_mosaic_stairs,natures_spirit-2.2.5-1.20.1.jar,False
natures_spirit,natures_spirit:sugi_planks,sugi_planks,natures_spirit-2.2.5-1.20.1.jar,False
natures_spirit,natures_spirit:sugi_pressure_plate,sugi_pressure_plate,natures_spirit-2.2.5-1.20.1.jar,False
natures_spirit,natures_spirit:sugi_sapling,sugi_sapling,natures_spirit-2.2.5-1.20.1.jar,False
natures_spirit,natures_spirit:sugi_sign,sugi_sign,natures_spirit-2.2.5-1.20.1.jar,False
natures_spirit,natures_spirit:sugi_slab,sugi_slab,natures_spirit-2.2.5-1.20.1.jar,False
natures_spirit,natures_spirit:sugi_stairs,sugi_stairs,natures_spirit-2.2.5-1.20.1.jar,False
natures_spirit,natures_spirit:sugi_trapdoor,sugi_trapdoor,natures_spirit-2.2.5-1.20.1.jar,False
natures_spirit,natures_spirit:sugi_wall_hanging_sign,sugi_wall_hanging_sign,natures_spirit-2.2.5-1.20.1.jar,False
natures_spirit,natures_spirit:sugi_wall_sign,sugi_wall_sign,natures_spirit-2.2.5-1.20.1.jar,False
natures_spirit,natures_spirit:sugi_wood,sugi_wood,natures_spirit-2.2.5-1.20.1.jar,False
natures_spirit,natures_spirit:tall_beach_grass,tall_beach_grass,natures_spirit-2.2.5-1.20.1.jar,False
natures_spirit,natures_spirit:tall_frigid_grass,tall_frigid_grass,natures_spirit-2.2.5-1.20.1.jar,False
natures_spirit,natures_spirit:tall_melic_grass,tall_melic_grass,natures_spirit-2.2.5-1.20.1.jar,False
natures_spirit,natures_spirit:tall_oat_grass,tall_oat_grass,natures_spirit-2.2.5-1.20.1.jar,False
natures_spirit,natures_spirit:tall_scorched_grass,tall_scorched_grass,natures_spirit-2.2.5-1.20.1.jar,False
natures_spirit,natures_spirit:tall_sedge_grass,tall_sedge_grass,natures_spirit-2.2.5-1.20.1.jar,False
natures_spirit,natures_spirit:tiger_lily,tiger_lily,natures_spirit-2.2.5-1.20.1.jar,False
natures_spirit,natures_spirit:travertine,travertine,natures_spirit-2.2.5-1.20.1.jar,False
natures_spirit,natures_spirit:travertine_brick_slab,travertine_brick_slab,natures_spirit-2.2.5-1.20.1.jar,False
natures_spirit,natures_spirit:travertine_brick_stairs,travertine_brick_stairs,natures_spirit-2.2.5-1.20.1.jar,False
natures_spirit,natures_spirit:travertine_brick_wall,travertine_brick_wall,natures_spirit-2.2.5-1.20.1.jar,False
natures_spirit,natures_spirit:travertine_bricks,travertine_bricks,natures_spirit-2.2.5-1.20.1.jar,False
natures_spirit,natures_spirit:travertine_slab,travertine_slab,natures_spirit-2.2.5-1.20.1.jar,False
natures_spirit,natures_spirit:travertine_stairs,travertine_stairs,natures_spirit-2.2.5-1.20.1.jar,False
natures_spirit,natures_spirit:travertine_tile_slab,travertine_tile_slab,natures_spirit-2.2.5-1.20.1.jar,False
natures_spirit,natures_spirit:travertine_tile_stairs,travertine_tile_stairs,natures_spirit-2.2.5-1.20.1.jar,False
natures_spirit,natures_spirit:travertine_tile_wall,travertine_tile_wall,natures_spirit-2.2.5-1.20.1.jar,False
natures_spirit,natures_spirit:travertine_tiles,travertine_tiles,natures_spirit-2.2.5-1.20.1.jar,False
natures_spirit,natures_spirit:white_chalk,white_chalk,natures_spirit-2.2.5-1.20.1.jar,False
natures_spirit,natures_spirit:white_chalk_slab,white_chalk_slab,natures_spirit-2.2.5-1.20.1.jar,False
natures_spirit,natures_spirit:white_chalk_stairs,white_chalk_stairs,natures_spirit-2.2.5-1.20.1.jar,False
natures_spirit,natures_spirit:white_heather,white_heather,natures_spirit-2.2.5-1.20.1.jar,False
natures_spirit,natures_spirit:white_kaolin,white_kaolin,natures_spirit-2.2.5-1.20.1.jar,False
natures_spirit,natures_spirit:white_kaolin_brick_slab,white_kaolin_brick_slab,natures_spirit-2.2.5-1.20.1.jar,False
natures_spirit,natures_spirit:white_kaolin_brick_stairs,white_kaolin_brick_stairs,natures_spirit-2.2.5-1.20.1.jar,False
natures_spirit,natures_spirit:white_kaolin_bricks,white_kaolin_bricks,natures_spirit-2.2.5-1.20.1.jar,False
natures_spirit,natures_spirit:white_kaolin_slab,white_kaolin_slab,natures_spirit-2.2.5-1.20.1.jar,False
natures_spirit,natures_spirit:white_kaolin_stairs,white_kaolin_stairs,natures_spirit-2.2.5-1.20.1.jar,False
natures_spirit,natures_spirit:white_paper_lantern,white_paper_lantern,natures_spirit-2.2.5-1.20.1.jar,False
natures_spirit,natures_spirit:white_wisteria_leaves,white_wisteria_leaves,natures_spirit-2.2.5-1.20.1.jar,False
natures_spirit,natures_spirit:white_wisteria_sapling,white_wisteria_sapling,natures_spirit-2.2.5-1.20.1.jar,False
natures_spirit,natures_spirit:white_wisteria_vines,white_wisteria_vines,natures_spirit-2.2.5-1.20.1.jar,False
natures_spirit,natures_spirit:white_wisteria_vines_plant,white_wisteria_vines_plant,natures_spirit-2.2.5-1.20.1.jar,False
natures_spirit,natures_spirit:willow_button,willow_button,natures_spirit-2.2.5-1.20.1.jar,False
natures_spirit,natures_spirit:willow_door,willow_door,natures_spirit-2.2.5-1.20.1.jar,False
natures_spirit,natures_spirit:willow_fence,willow_fence,natures_spirit-2.2.5-1.20.1.jar,False
natures_spirit,natures_spirit:willow_fence_gate,willow_fence_gate,natures_spirit-2.2.5-1.20.1.jar,False
natures_spirit,natures_spirit:willow_hanging_sign,willow_hanging_sign,natures_spirit-2.2.5-1.20.1.jar,False
natures_spirit,natures_spirit:willow_leaves,willow_leaves,natures_spirit-2.2.5-1.20.1.jar,False
natures_spirit,natures_spirit:willow_log,willow_log,natures_spirit-2.2.5-1.20.1.jar,False
natures_spirit,natures_spirit:willow_planks,willow_planks,natures_spirit-2.2.5-1.20.1.jar,False
natures_spirit,natures_spirit:willow_pressure_plate,willow_pressure_plate,natures_spirit-2.2.5-1.20.1.jar,False
natures_spirit,natures_spirit:willow_sapling,willow_sapling,natures_spirit-2.2.5-1.20.1.jar,False
natures_spirit,natures_spirit:willow_sign,willow_sign,natures_spirit-2.2.5-1.20.1.jar,False
natures_spirit,natures_spirit:willow_slab,willow_slab,natures_spirit-2.2.5-1.20.1.jar,False
natures_spirit,natures_spirit:willow_stairs,willow_stairs,natures_spirit-2.2.5-1.20.1.jar,False
natures_spirit,natures_spirit:willow_trapdoor,willow_trapdoor,natures_spirit-2.2.5-1.20.1.jar,False
natures_spirit,natures_spirit:willow_vines,willow_vines,natures_spirit-2.2.5-1.20.1.jar,False
natures_spirit,natures_spirit:willow_vines_plant,willow_vines_plant,natures_spirit-2.2.5-1.20.1.jar,False
natures_spirit,natures_spirit:willow_wall_hanging_sign,willow_wall_hanging_sign,natures_spirit-2.2.5-1.20.1.jar,False
natures_spirit,natures_spirit:willow_wall_sign,willow_wall_sign,natures_spirit-2.2.5-1.20.1.jar,False
natures_spirit,natures_spirit:willow_wood,willow_wood,natures_spirit-2.2.5-1.20.1.jar,False
natures_spirit,natures_spirit:wisteria_button,wisteria_button,natures_spirit-2.2.5-1.20.1.jar,False
natures_spirit,natures_spirit:wisteria_door,wisteria_door,natures_spirit-2.2.5-1.20.1.jar,False
natures_spirit,natures_spirit:wisteria_fence,wisteria_fence,natures_spirit-2.2.5-1.20.1.jar,False
natures_spirit,natures_spirit:wisteria_fence_gate,wisteria_fence_gate,natures_spirit-2.2.5-1.20.1.jar,False
natures_spirit,natures_spirit:wisteria_hanging_sign,wisteria_hanging_sign,natures_spirit-2.2.5-1.20.1.jar,False
natures_spirit,natures_spirit:wisteria_leaves,wisteria_leaves,natures_spirit-2.2.5-1.20.1.jar,False
natures_spirit,natures_spirit:wisteria_log,wisteria_log,natures_spirit-2.2.5-1.20.1.jar,False
natures_spirit,natures_spirit:wisteria_mosaic,wisteria_mosaic,natures_spirit-2.2.5-1.20.1.jar,False
natures_spirit,natures_spirit:wisteria_mosaic_slab,wisteria_mosaic_slab,natures_spirit-2.2.5-1.20.1.jar,False
natures_spirit,natures_spirit:wisteria_mosaic_stairs,wisteria_mosaic_stairs,natures_spirit-2.2.5-1.20.1.jar,False
natures_spirit,natures_spirit:wisteria_planks,wisteria_planks,natures_spirit-2.2.5-1.20.1.jar,False
natures_spirit,natures_spirit:wisteria_pressure_plate,wisteria_pressure_plate,natures_spirit-2.2.5-1.20.1.jar,False
natures_spirit,natures_spirit:wisteria_sign,wisteria_sign,natures_spirit-2.2.5-1.20.1.jar,False
natures_spirit,natures_spirit:wisteria_slab,wisteria_slab,natures_spirit-2.2.5-1.20.1.jar,False
natures_spirit,natures_spirit:wisteria_stairs,wisteria_stairs,natures_spirit-2.2.5-1.20.1.jar,False
natures_spirit,natures_spirit:wisteria_trapdoor,wisteria_trapdoor,natures_spirit-2.2.5-1.20.1.jar,False
natures_spirit,natures_spirit:wisteria_wall_hanging_sign,wisteria_wall_hanging_sign,natures_spirit-2.2.5-1.20.1.jar,False
natures_spirit,natures_spirit:wisteria_wall_sign,wisteria_wall_sign,natures_spirit-2.2.5-1.20.1.jar,False
natures_spirit,natures_spirit:wisteria_wood,wisteria_wood,natures_spirit-2.2.5-1.20.1.jar,False
natures_spirit,natures_spirit:xeric_thatch,xeric_thatch,natures_spirit-2.2.5-1.20.1.jar,False
natures_spirit,natures_spirit:xeric_thatch_carpet,xeric_thatch_carpet,natures_spirit-2.2.5-1.20.1.jar,False
natures_spirit,natures_spirit:xeric_thatch_slab,xeric_thatch_slab,natures_spirit-2.2.5-1.20.1.jar,False
natures_spirit,natures_spirit:xeric_thatch_stairs,xeric_thatch_stairs,natures_spirit-2.2.5-1.20.1.jar,False
natures_spirit,natures_spirit:yellow_aspen_leaves,yellow_aspen_leaves,natures_spirit-2.2.5-1.20.1.jar,False
natures_spirit,natures_spirit:yellow_chalk,yellow_chalk,natures_spirit-2.2.5-1.20.1.jar,False
natures_spirit,natures_spirit:yellow_chalk_slab,yellow_chalk_slab,natures_spirit-2.2.5-1.20.1.jar,False
natures_spirit,natures_spirit:yellow_chalk_stairs,yellow_chalk_stairs,natures_spirit-2.2.5-1.20.1.jar,False
natures_spirit,natures_spirit:yellow_kaolin,yellow_kaolin,natures_spirit-2.2.5-1.20.1.jar,False
natures_spirit,natures_spirit:yellow_kaolin_brick_slab,yellow_kaolin_brick_slab,natures_spirit-2.2.5-1.20.1.jar,False
natures_spirit,natures_spirit:yellow_kaolin_brick_stairs,yellow_kaolin_brick_stairs,natures_spirit-2.2.5-1.20.1.jar,False
natures_spirit,natures_spirit:yellow_kaolin_bricks,yellow_kaolin_bricks,natures_spirit-2.2.5-1.20.1.jar,False
natures_spirit,natures_spirit:yellow_kaolin_slab,yellow_kaolin_slab,natures_spirit-2.2.5-1.20.1.jar,False
natures_spirit,natures_spirit:yellow_kaolin_stairs,yellow_kaolin_stairs,natures_spirit-2.2.5-1.20.1.jar,False
natures_spirit,natures_spirit:yellow_maple_leaves,yellow_maple_leaves,natures_spirit-2.2.5-1.20.1.jar,False
natures_spirit,natures_spirit:yellow_maple_sapling,yellow_maple_sapling,natures_spirit-2.2.5-1.20.1.jar,False
natures_spirit,natures_spirit:yellow_paper_lantern,yellow_paper_lantern,natures_spirit-2.2.5-1.20.1.jar,False
natures_spirit,natures_spirit:yellow_wildflower,yellow_wildflower,natures_spirit-2.2.5-1.20.1.jar,False
nfm,nfm:acacia_chopping_board,acacia_chopping_board,nfm-2026.01.30-1.20.1.jar,False
nfm,nfm:acacia_door_bell,acacia_door_bell,nfm-2026.01.30-1.20.1.jar,False
nfm,nfm:acacia_water_tank,acacia_water_tank,nfm-2026.01.30-1.20.1.jar,False
nfm,nfm:andesite_bedside_cabinet,andesite_bedside_cabinet,nfm-2026.01.30-1.20.1.jar,True
nfm,nfm:andesite_bird_bath,andesite_bird_bath,nfm-2026.01.30-1.20.1.jar,False
nfm,nfm:andesite_cabinet,andesite_cabinet,nfm-2026.01.30-1.20.1.jar,True
nfm,nfm:andesite_chair,andesite_chair,nfm-2026.01.30-1.20.1.jar,False
nfm,nfm:andesite_coffee_table,andesite_coffee_table,nfm-2026.01.30-1.20.1.jar,True
nfm,nfm:andesite_desk,andesite_desk,nfm-2026.01.30-1.20.1.jar,True
nfm,nfm:andesite_desk_cabinet,andesite_desk_cabinet,nfm-2026.01.30-1.20.1.jar,True
nfm,nfm:andesite_table,andesite_table,nfm-2026.01.30-1.20.1.jar,True
nfm,nfm:bath_dark,bath_dark,nfm-2026.01.30-1.20.1.jar,False
nfm,nfm:bath_light,bath_light,nfm-2026.01.30-1.20.1.jar,False
nfm,nfm:beige_bar_stool,beige_bar_stool,nfm-2026.01.30-1.20.1.jar,False
nfm,nfm:beige_cup,beige_cup,nfm-2026.01.30-1.20.1.jar,False
nfm,nfm:beige_curtain,beige_curtain,nfm-2026.01.30-1.20.1.jar,False
nfm,nfm:beige_digital_clock,beige_digital_clock,nfm-2026.01.30-1.20.1.jar,False
nfm,nfm:beige_inflatable_castle,beige_inflatable_castle,nfm-2026.01.30-1.20.1.jar,True
nfm,nfm:beige_lamp,beige_lamp,nfm-2026.01.30-1.20.1.jar,False
nfm,nfm:beige_modern_bed,beige_modern_bed,nfm-2026.01.30-1.20.1.jar,False
nfm,nfm:beige_modern_bedside_cabinet,beige_modern_bedside_cabinet,nfm-2026.01.30-1.20.1.jar,True
nfm,nfm:beige_modern_cabinet,beige_modern_cabinet,nfm-2026.01.30-1.20.1.jar,True
nfm,nfm:beige_modern_chair,beige_modern_chair,nfm-2026.01.30-1.20.1.jar,False
nfm,nfm:beige_modern_coffee_table,beige_modern_coffee_table,nfm-2026.01.30-1.20.1.jar,True
nfm,nfm:beige_modern_desk,beige_modern_desk,nfm-2026.01.30-1.20.1.jar,True
nfm,nfm:beige_modern_desk_cabinet,beige_modern_desk_cabinet,nfm-2026.01.30-1.20.1.jar,True
nfm,nfm:beige_modern_kitchen_counter,beige_modern_kitchen_counter,nfm-2026.01.30-1.20.1.jar,True
nfm,nfm:beige_modern_kitchen_drawer,beige_modern_kitchen_drawer,nfm-2026.01.30-1.20.1.jar,True
nfm,nfm:beige_modern_kitchen_sink,beige_modern_kitchen_sink,nfm-2026.01.30-1.20.1.jar,False
nfm,nfm:beige_modern_sofa,beige_modern_sofa,nfm-2026.01.30-1.20.1.jar,False
nfm,nfm:beige_modern_table,beige_modern_table,nfm-2026.01.30-1.20.1.jar,True
nfm,nfm:beige_television_stand,beige_television_stand,nfm-2026.01.30-1.20.1.jar,False
nfm,nfm:beige_wall_cabinet,beige_wall_cabinet,nfm-2026.01.30-1.20.1.jar,True
nfm,nfm:bin_dark,bin_dark,nfm-2026.01.30-1.20.1.jar,False
nfm,nfm:bin_light,bin_light,nfm-2026.01.30-1.20.1.jar,False
nfm,nfm:birch_chopping_board,birch_chopping_board,nfm-2026.01.30-1.20.1.jar,False
nfm,nfm:birch_door_bell,birch_door_bell,nfm-2026.01.30-1.20.1.jar,False
nfm,nfm:birch_water_tank,birch_water_tank,nfm-2026.01.30-1.20.1.jar,False
nfm,nfm:black_bar_stool,black_bar_stool,nfm-2026.01.30-1.20.1.jar,False
nfm,nfm:black_cup,black_cup,nfm-2026.01.30-1.20.1.jar,False
nfm,nfm:black_curtain,black_curtain,nfm-2026.01.30-1.20.1.jar,False
nfm,nfm:black_digital_clock,black_digital_clock,nfm-2026.01.30-1.20.1.jar,False
nfm,nfm:black_inflatable_castle,black_inflatable_castle,nfm-2026.01.30-1.20.1.jar,True
nfm,nfm:black_lamp,black_lamp,nfm-2026.01.30-1.20.1.jar,False
nfm,nfm:black_modern_bed,black_modern_bed,nfm-2026.01.30-1.20.1.jar,False
nfm,nfm:black_modern_bedside_cabinet,black_modern_bedside_cabinet,nfm-2026.01.30-1.20.1.jar,True
nfm,nfm:black_modern_cabinet,black_modern_cabinet,nfm-2026.01.30-1.20.1.jar,True
nfm,nfm:black_modern_chair,black_modern_chair,nfm-2026.01.30-1.20.1.jar,False
nfm,nfm:black_modern_coffee_table,black_modern_coffee_table,nfm-2026.01.30-1.20.1.jar,True
nfm,nfm:black_modern_desk,black_modern_desk,nfm-2026.01.30-1.20.1.jar,True
nfm,nfm:black_modern_desk_cabinet,black_modern_desk_cabinet,nfm-2026.01.30-1.20.1.jar,True
nfm,nfm:black_modern_kitchen_counter,black_modern_kitchen_counter,nfm-2026.01.30-1.20.1.jar,True
nfm,nfm:black_modern_kitchen_drawer,black_modern_kitchen_drawer,nfm-2026.01.30-1.20.1.jar,True
nfm,nfm:black_modern_kitchen_sink,black_modern_kitchen_sink,nfm-2026.01.30-1.20.1.jar,False
nfm,nfm:black_modern_sofa,black_modern_sofa,nfm-2026.01.30-1.20.1.jar,False
nfm,nfm:black_modern_table,black_modern_table,nfm-2026.01.30-1.20.1.jar,True
nfm,nfm:black_television_stand,black_television_stand,nfm-2026.01.30-1.20.1.jar,False
nfm,nfm:black_wall_cabinet,black_wall_cabinet,nfm-2026.01.30-1.20.1.jar,True
nfm,nfm:blackstone_bedside_cabinet,blackstone_bedside_cabinet,nfm-2026.01.30-1.20.1.jar,True
nfm,nfm:blackstone_bird_bath,blackstone_bird_bath,nfm-2026.01.30-1.20.1.jar,False
nfm,nfm:blackstone_cabinet,blackstone_cabinet,nfm-2026.01.30-1.20.1.jar,True
nfm,nfm:blackstone_chair,blackstone_chair,nfm-2026.01.30-1.20.1.jar,False
nfm,nfm:blackstone_coffee_table,blackstone_coffee_table,nfm-2026.01.30-1.20.1.jar,True
nfm,nfm:blackstone_desk,blackstone_desk,nfm-2026.01.30-1.20.1.jar,True
nfm,nfm:blackstone_desk_cabinet,blackstone_desk_cabinet,nfm-2026.01.30-1.20.1.jar,True
nfm,nfm:blackstone_table,blackstone_table,nfm-2026.01.30-1.20.1.jar,True
nfm,nfm:blender_dark,blender_dark,nfm-2026.01.30-1.20.1.jar,False
nfm,nfm:blender_light,blender_light,nfm-2026.01.30-1.20.1.jar,False
nfm,nfm:blue_bar_stool,blue_bar_stool,nfm-2026.01.30-1.20.1.jar,False
nfm,nfm:blue_cup,blue_cup,nfm-2026.01.30-1.20.1.jar,False
nfm,nfm:blue_curtain,blue_curtain,nfm-2026.01.30-1.20.1.jar,False
nfm,nfm:blue_digital_clock,blue_digital_clock,nfm-2026.01.30-1.20.1.jar,False
nfm,nfm:blue_inflatable_castle,blue_inflatable_castle,nfm-2026.01.30-1.20.1.jar,True
nfm,nfm:blue_lamp,blue_lamp,nfm-2026.01.30-1.20.1.jar,False
nfm,nfm:blue_modern_bed,blue_modern_bed,nfm-2026.01.30-1.20.1.jar,False
nfm,nfm:blue_modern_bedside_cabinet,blue_modern_bedside_cabinet,nfm-2026.01.30-1.20.1.jar,True
nfm,nfm:blue_modern_cabinet,blue_modern_cabinet,nfm-2026.01.30-1.20.1.jar,True
nfm,nfm:blue_modern_chair,blue_modern_chair,nfm-2026.01.30-1.20.1.jar,False
nfm,nfm:blue_modern_coffee_table,blue_modern_coffee_table,nfm-2026.01.30-1.20.1.jar,True
nfm,nfm:blue_modern_desk,blue_modern_desk,nfm-2026.01.30-1.20.1.jar,True
nfm,nfm:blue_modern_desk_cabinet,blue_modern_desk_cabinet,nfm-2026.01.30-1.20.1.jar,True
nfm,nfm:blue_modern_kitchen_counter,blue_modern_kitchen_counter,nfm-2026.01.30-1.20.1.jar,True
nfm,nfm:blue_modern_kitchen_drawer,blue_modern_kitchen_drawer,nfm-2026.01.30-1.20.1.jar,True
nfm,nfm:blue_modern_kitchen_sink,blue_modern_kitchen_sink,nfm-2026.01.30-1.20.1.jar,False
nfm,nfm:blue_modern_sofa,blue_modern_sofa,nfm-2026.01.30-1.20.1.jar,False
nfm,nfm:blue_modern_table,blue_modern_table,nfm-2026.01.30-1.20.1.jar,True
nfm,nfm:blue_television_stand,blue_television_stand,nfm-2026.01.30-1.20.1.jar,False
nfm,nfm:blue_wall_cabinet,blue_wall_cabinet,nfm-2026.01.30-1.20.1.jar,True
nfm,nfm:brown_bar_stool,brown_bar_stool,nfm-2026.01.30-1.20.1.jar,False
nfm,nfm:brown_cup,brown_cup,nfm-2026.01.30-1.20.1.jar,False
nfm,nfm:brown_curtain,brown_curtain,nfm-2026.01.30-1.20.1.jar,False
nfm,nfm:brown_digital_clock,brown_digital_clock,nfm-2026.01.30-1.20.1.jar,False
nfm,nfm:brown_inflatable_castle,brown_inflatable_castle,nfm-2026.01.30-1.20.1.jar,True
nfm,nfm:brown_lamp,brown_lamp,nfm-2026.01.30-1.20.1.jar,False
nfm,nfm:brown_modern_bed,brown_modern_bed,nfm-2026.01.30-1.20.1.jar,False
nfm,nfm:brown_modern_bedside_cabinet,brown_modern_bedside_cabinet,nfm-2026.01.30-1.20.1.jar,True
nfm,nfm:brown_modern_cabinet,brown_modern_cabinet,nfm-2026.01.30-1.20.1.jar,True
nfm,nfm:brown_modern_chair,brown_modern_chair,nfm-2026.01.30-1.20.1.jar,False
nfm,nfm:brown_modern_coffee_table,brown_modern_coffee_table,nfm-2026.01.30-1.20.1.jar,True
nfm,nfm:brown_modern_desk,brown_modern_desk,nfm-2026.01.30-1.20.1.jar,True
nfm,nfm:brown_modern_desk_cabinet,brown_modern_desk_cabinet,nfm-2026.01.30-1.20.1.jar,True
nfm,nfm:brown_modern_kitchen_counter,brown_modern_kitchen_counter,nfm-2026.01.30-1.20.1.jar,True
nfm,nfm:brown_modern_kitchen_drawer,brown_modern_kitchen_drawer,nfm-2026.01.30-1.20.1.jar,True
nfm,nfm:brown_modern_kitchen_sink,brown_modern_kitchen_sink,nfm-2026.01.30-1.20.1.jar,False
nfm,nfm:brown_modern_sofa,brown_modern_sofa,nfm-2026.01.30-1.20.1.jar,False
nfm,nfm:brown_modern_table,brown_modern_table,nfm-2026.01.30-1.20.1.jar,True
nfm,nfm:brown_television_stand,brown_television_stand,nfm-2026.01.30-1.20.1.jar,False
nfm,nfm:brown_wall_cabinet,brown_wall_cabinet,nfm-2026.01.30-1.20.1.jar,True
nfm,nfm:candle,candle,nfm-2026.01.30-1.20.1.jar,False
nfm,nfm:castle_netting,castle_netting,nfm-2026.01.30-1.20.1.jar,False
nfm,nfm:cathode_ray_tube_television,cathode_ray_tube_television,nfm-2026.01.30-1.20.1.jar,False
nfm,nfm:cherry_chopping_board,cherry_chopping_board,nfm-2026.01.30-1.20.1.jar,False
nfm,nfm:cherry_door_bell,cherry_door_bell,nfm-2026.01.30-1.20.1.jar,False
nfm,nfm:cherry_water_tank,cherry_water_tank,nfm-2026.01.30-1.20.1.jar,False
nfm,nfm:christmas_tree,christmas_tree,nfm-2026.01.30-1.20.1.jar,False
nfm,nfm:computer_dark,computer_dark,nfm-2026.01.30-1.20.1.jar,False
nfm,nfm:computer_light,computer_light,nfm-2026.01.30-1.20.1.jar,False
nfm,nfm:cookie_jar,cookie_jar,nfm-2026.01.30-1.20.1.jar,False
nfm,nfm:crimson_chopping_board,crimson_chopping_board,nfm-2026.01.30-1.20.1.jar,False
nfm,nfm:crimson_door_bell,crimson_door_bell,nfm-2026.01.30-1.20.1.jar,False
nfm,nfm:crimson_water_tank,crimson_water_tank,nfm-2026.01.30-1.20.1.jar,False
nfm,nfm:cyan_bar_stool,cyan_bar_stool,nfm-2026.01.30-1.20.1.jar,False
nfm,nfm:cyan_cup,cyan_cup,nfm-2026.01.30-1.20.1.jar,False
nfm,nfm:cyan_curtain,cyan_curtain,nfm-2026.01.30-1.20.1.jar,False
nfm,nfm:cyan_digital_clock,cyan_digital_clock,nfm-2026.01.30-1.20.1.jar,False
nfm,nfm:cyan_inflatable_castle,cyan_inflatable_castle,nfm-2026.01.30-1.20.1.jar,True
nfm,nfm:cyan_lamp,cyan_lamp,nfm-2026.01.30-1.20.1.jar,False
nfm,nfm:cyan_modern_bed,cyan_modern_bed,nfm-2026.01.30-1.20.1.jar,False
nfm,nfm:cyan_modern_bedside_cabinet,cyan_modern_bedside_cabinet,nfm-2026.01.30-1.20.1.jar,True
nfm,nfm:cyan_modern_cabinet,cyan_modern_cabinet,nfm-2026.01.30-1.20.1.jar,True
nfm,nfm:cyan_modern_chair,cyan_modern_chair,nfm-2026.01.30-1.20.1.jar,False
nfm,nfm:cyan_modern_coffee_table,cyan_modern_coffee_table,nfm-2026.01.30-1.20.1.jar,True
nfm,nfm:cyan_modern_desk,cyan_modern_desk,nfm-2026.01.30-1.20.1.jar,True
nfm,nfm:cyan_modern_desk_cabinet,cyan_modern_desk_cabinet,nfm-2026.01.30-1.20.1.jar,True
nfm,nfm:cyan_modern_kitchen_counter,cyan_modern_kitchen_counter,nfm-2026.01.30-1.20.1.jar,True
nfm,nfm:cyan_modern_kitchen_drawer,cyan_modern_kitchen_drawer,nfm-2026.01.30-1.20.1.jar,True
nfm,nfm:cyan_modern_kitchen_sink,cyan_modern_kitchen_sink,nfm-2026.01.30-1.20.1.jar,False
nfm,nfm:cyan_modern_sofa,cyan_modern_sofa,nfm-2026.01.30-1.20.1.jar,False
nfm,nfm:cyan_modern_table,cyan_modern_table,nfm-2026.01.30-1.20.1.jar,True
nfm,nfm:cyan_television_stand,cyan_television_stand,nfm-2026.01.30-1.20.1.jar,False
nfm,nfm:cyan_wall_cabinet,cyan_wall_cabinet,nfm-2026.01.30-1.20.1.jar,True
nfm,nfm:dark_oak_chopping_board,dark_oak_chopping_board,nfm-2026.01.30-1.20.1.jar,False
nfm,nfm:dark_oak_door_bell,dark_oak_door_bell,nfm-2026.01.30-1.20.1.jar,False
nfm,nfm:dark_oak_water_tank,dark_oak_water_tank,nfm-2026.01.30-1.20.1.jar,False
nfm,nfm:deepslate_bedside_cabinet,deepslate_bedside_cabinet,nfm-2026.01.30-1.20.1.jar,True
nfm,nfm:deepslate_bird_bath,deepslate_bird_bath,nfm-2026.01.30-1.20.1.jar,False
nfm,nfm:deepslate_cabinet,deepslate_cabinet,nfm-2026.01.30-1.20.1.jar,True
nfm,nfm:deepslate_chair,deepslate_chair,nfm-2026.01.30-1.20.1.jar,False
nfm,nfm:deepslate_coffee_table,deepslate_coffee_table,nfm-2026.01.30-1.20.1.jar,True
nfm,nfm:deepslate_desk,deepslate_desk,nfm-2026.01.30-1.20.1.jar,True
nfm,nfm:deepslate_desk_cabinet,deepslate_desk_cabinet,nfm-2026.01.30-1.20.1.jar,True
nfm,nfm:deepslate_table,deepslate_table,nfm-2026.01.30-1.20.1.jar,True
nfm,nfm:diorite_bedside_cabinet,diorite_bedside_cabinet,nfm-2026.01.30-1.20.1.jar,True
nfm,nfm:diorite_bird_bath,diorite_bird_bath,nfm-2026.01.30-1.20.1.jar,False
nfm,nfm:diorite_cabinet,diorite_cabinet,nfm-2026.01.30-1.20.1.jar,True
nfm,nfm:diorite_chair,diorite_chair,nfm-2026.01.30-1.20.1.jar,False
nfm,nfm:diorite_coffee_table,diorite_coffee_table,nfm-2026.01.30-1.20.1.jar,True
nfm,nfm:diorite_desk,diorite_desk,nfm-2026.01.30-1.20.1.jar,True
nfm,nfm:diorite_desk_cabinet,diorite_desk_cabinet,nfm-2026.01.30-1.20.1.jar,True
nfm,nfm:diorite_table,diorite_table,nfm-2026.01.30-1.20.1.jar,True
nfm,nfm:dishwasher_dark,dishwasher_dark,nfm-2026.01.30-1.20.1.jar,False
nfm,nfm:dishwasher_light,dishwasher_light,nfm-2026.01.30-1.20.1.jar,False
nfm,nfm:electric_fence,electric_fence,nfm-2026.01.30-1.20.1.jar,False
nfm,nfm:fire_alarm,fire_alarm,nfm-2026.01.30-1.20.1.jar,False
nfm,nfm:granite_bedside_cabinet,granite_bedside_cabinet,nfm-2026.01.30-1.20.1.jar,True
nfm,nfm:granite_bird_bath,granite_bird_bath,nfm-2026.01.30-1.20.1.jar,False
nfm,nfm:granite_cabinet,granite_cabinet,nfm-2026.01.30-1.20.1.jar,True
nfm,nfm:granite_chair,granite_chair,nfm-2026.01.30-1.20.1.jar,False
nfm,nfm:granite_coffee_table,granite_coffee_table,nfm-2026.01.30-1.20.1.jar,True
nfm,nfm:granite_desk,granite_desk,nfm-2026.01.30-1.20.1.jar,True
nfm,nfm:granite_desk_cabinet,granite_desk_cabinet,nfm-2026.01.30-1.20.1.jar,True
nfm,nfm:granite_table,granite_table,nfm-2026.01.30-1.20.1.jar,True
nfm,nfm:gray_bar_stool,gray_bar_stool,nfm-2026.01.30-1.20.1.jar,False
nfm,nfm:gray_cup,gray_cup,nfm-2026.01.30-1.20.1.jar,False
nfm,nfm:gray_curtain,gray_curtain,nfm-2026.01.30-1.20.1.jar,False
nfm,nfm:gray_digital_clock,gray_digital_clock,nfm-2026.01.30-1.20.1.jar,False
nfm,nfm:gray_inflatable_castle,gray_inflatable_castle,nfm-2026.01.30-1.20.1.jar,True
nfm,nfm:gray_lamp,gray_lamp,nfm-2026.01.30-1.20.1.jar,False
nfm,nfm:gray_modern_bed,gray_modern_bed,nfm-2026.01.30-1.20.1.jar,False
nfm,nfm:gray_modern_bedside_cabinet,gray_modern_bedside_cabinet,nfm-2026.01.30-1.20.1.jar,True
nfm,nfm:gray_modern_cabinet,gray_modern_cabinet,nfm-2026.01.30-1.20.1.jar,True
nfm,nfm:gray_modern_chair,gray_modern_chair,nfm-2026.01.30-1.20.1.jar,False
nfm,nfm:gray_modern_coffee_table,gray_modern_coffee_table,nfm-2026.01.30-1.20.1.jar,True
nfm,nfm:gray_modern_desk,gray_modern_desk,nfm-2026.01.30-1.20.1.jar,True
nfm,nfm:gray_modern_desk_cabinet,gray_modern_desk_cabinet,nfm-2026.01.30-1.20.1.jar,True
nfm,nfm:gray_modern_kitchen_counter,gray_modern_kitchen_counter,nfm-2026.01.30-1.20.1.jar,True
nfm,nfm:gray_modern_kitchen_drawer,gray_modern_kitchen_drawer,nfm-2026.01.30-1.20.1.jar,True
nfm,nfm:gray_modern_kitchen_sink,gray_modern_kitchen_sink,nfm-2026.01.30-1.20.1.jar,False
nfm,nfm:gray_modern_sofa,gray_modern_sofa,nfm-2026.01.30-1.20.1.jar,False
nfm,nfm:gray_modern_table,gray_modern_table,nfm-2026.01.30-1.20.1.jar,True
nfm,nfm:gray_television_stand,gray_television_stand,nfm-2026.01.30-1.20.1.jar,False
nfm,nfm:gray_wall_cabinet,gray_wall_cabinet,nfm-2026.01.30-1.20.1.jar,True
nfm,nfm:green_bar_stool,green_bar_stool,nfm-2026.01.30-1.20.1.jar,False
nfm,nfm:green_cup,green_cup,nfm-2026.01.30-1.20.1.jar,False
nfm,nfm:green_curtain,green_curtain,nfm-2026.01.30-1.20.1.jar,False
nfm,nfm:green_digital_clock,green_digital_clock,nfm-2026.01.30-1.20.1.jar,False
nfm,nfm:green_inflatable_castle,green_inflatable_castle,nfm-2026.01.30-1.20.1.jar,True
nfm,nfm:green_lamp,green_lamp,nfm-2026.01.30-1.20.1.jar,False
nfm,nfm:green_modern_bed,green_modern_bed,nfm-2026.01.30-1.20.1.jar,False
nfm,nfm:green_modern_bedside_cabinet,green_modern_bedside_cabinet,nfm-2026.01.30-1.20.1.jar,True
nfm,nfm:green_modern_cabinet,green_modern_cabinet,nfm-2026.01.30-1.20.1.jar,True
nfm,nfm:green_modern_chair,green_modern_chair,nfm-2026.01.30-1.20.1.jar,False
nfm,nfm:green_modern_coffee_table,green_modern_coffee_table,nfm-2026.01.30-1.20.1.jar,True
nfm,nfm:green_modern_desk,green_modern_desk,nfm-2026.01.30-1.20.1.jar,True
nfm,nfm:green_modern_desk_cabinet,green_modern_desk_cabinet,nfm-2026.01.30-1.20.1.jar,True
nfm,nfm:green_modern_kitchen_counter,green_modern_kitchen_counter,nfm-2026.01.30-1.20.1.jar,True
nfm,nfm:green_modern_kitchen_drawer,green_modern_kitchen_drawer,nfm-2026.01.30-1.20.1.jar,True
nfm,nfm:green_modern_kitchen_sink,green_modern_kitchen_sink,nfm-2026.01.30-1.20.1.jar,False
nfm,nfm:green_modern_sofa,green_modern_sofa,nfm-2026.01.30-1.20.1.jar,False
nfm,nfm:green_modern_table,green_modern_table,nfm-2026.01.30-1.20.1.jar,True
nfm,nfm:green_television_stand,green_television_stand,nfm-2026.01.30-1.20.1.jar,False
nfm,nfm:green_wall_cabinet,green_wall_cabinet,nfm-2026.01.30-1.20.1.jar,True
nfm,nfm:jungle_chopping_board,jungle_chopping_board,nfm-2026.01.30-1.20.1.jar,False
nfm,nfm:jungle_door_bell,jungle_door_bell,nfm-2026.01.30-1.20.1.jar,False
nfm,nfm:jungle_water_tank,jungle_water_tank,nfm-2026.01.30-1.20.1.jar,False
nfm,nfm:light_blue_bar_stool,light_blue_bar_stool,nfm-2026.01.30-1.20.1.jar,False
nfm,nfm:light_blue_cup,light_blue_cup,nfm-2026.01.30-1.20.1.jar,False
nfm,nfm:light_blue_curtain,light_blue_curtain,nfm-2026.01.30-1.20.1.jar,False
nfm,nfm:light_blue_digital_clock,light_blue_digital_clock,nfm-2026.01.30-1.20.1.jar,False
nfm,nfm:light_blue_inflatable_castle,light_blue_inflatable_castle,nfm-2026.01.30-1.20.1.jar,True
nfm,nfm:light_blue_lamp,light_blue_lamp,nfm-2026.01.30-1.20.1.jar,False
nfm,nfm:light_blue_modern_bed,light_blue_modern_bed,nfm-2026.01.30-1.20.1.jar,False
nfm,nfm:light_blue_modern_bedside_cabinet,light_blue_modern_bedside_cabinet,nfm-2026.01.30-1.20.1.jar,True
nfm,nfm:light_blue_modern_cabinet,light_blue_modern_cabinet,nfm-2026.01.30-1.20.1.jar,True
nfm,nfm:light_blue_modern_chair,light_blue_modern_chair,nfm-2026.01.30-1.20.1.jar,False
nfm,nfm:light_blue_modern_coffee_table,light_blue_modern_coffee_table,nfm-2026.01.30-1.20.1.jar,True
nfm,nfm:light_blue_modern_desk,light_blue_modern_desk,nfm-2026.01.30-1.20.1.jar,True
nfm,nfm:light_blue_modern_desk_cabinet,light_blue_modern_desk_cabinet,nfm-2026.01.30-1.20.1.jar,True
nfm,nfm:light_blue_modern_kitchen_counter,light_blue_modern_kitchen_counter,nfm-2026.01.30-1.20.1.jar,True
nfm,nfm:light_blue_modern_kitchen_drawer,light_blue_modern_kitchen_drawer,nfm-2026.01.30-1.20.1.jar,True
nfm,nfm:light_blue_modern_kitchen_sink,light_blue_modern_kitchen_sink,nfm-2026.01.30-1.20.1.jar,False
nfm,nfm:light_blue_modern_sofa,light_blue_modern_sofa,nfm-2026.01.30-1.20.1.jar,False
nfm,nfm:light_blue_modern_table,light_blue_modern_table,nfm-2026.01.30-1.20.1.jar,True
nfm,nfm:light_blue_television_stand,light_blue_television_stand,nfm-2026.01.30-1.20.1.jar,False
nfm,nfm:light_blue_wall_cabinet,light_blue_wall_cabinet,nfm-2026.01.30-1.20.1.jar,True
nfm,nfm:light_gray_bar_stool,light_gray_bar_stool,nfm-2026.01.30-1.20.1.jar,False
nfm,nfm:light_gray_cup,light_gray_cup,nfm-2026.01.30-1.20.1.jar,False
nfm,nfm:light_gray_curtain,light_gray_curtain,nfm-2026.01.30-1.20.1.jar,False
nfm,nfm:light_gray_digital_clock,light_gray_digital_clock,nfm-2026.01.30-1.20.1.jar,False
nfm,nfm:light_gray_inflatable_castle,light_gray_inflatable_castle,nfm-2026.01.30-1.20.1.jar,True
nfm,nfm:light_gray_lamp,light_gray_lamp,nfm-2026.01.30-1.20.1.jar,False
nfm,nfm:light_gray_modern_bed,light_gray_modern_bed,nfm-2026.01.30-1.20.1.jar,False
nfm,nfm:light_gray_modern_bedside_cabinet,light_gray_modern_bedside_cabinet,nfm-2026.01.30-1.20.1.jar,True
nfm,nfm:light_gray_modern_cabinet,light_gray_modern_cabinet,nfm-2026.01.30-1.20.1.jar,True
nfm,nfm:light_gray_modern_chair,light_gray_modern_chair,nfm-2026.01.30-1.20.1.jar,False
nfm,nfm:light_gray_modern_coffee_table,light_gray_modern_coffee_table,nfm-2026.01.30-1.20.1.jar,True
nfm,nfm:light_gray_modern_desk,light_gray_modern_desk,nfm-2026.01.30-1.20.1.jar,True
nfm,nfm:light_gray_modern_desk_cabinet,light_gray_modern_desk_cabinet,nfm-2026.01.30-1.20.1.jar,True
nfm,nfm:light_gray_modern_kitchen_counter,light_gray_modern_kitchen_counter,nfm-2026.01.30-1.20.1.jar,True
nfm,nfm:light_gray_modern_kitchen_drawer,light_gray_modern_kitchen_drawer,nfm-2026.01.30-1.20.1.jar,True
nfm,nfm:light_gray_modern_kitchen_sink,light_gray_modern_kitchen_sink,nfm-2026.01.30-1.20.1.jar,False
nfm,nfm:light_gray_modern_sofa,light_gray_modern_sofa,nfm-2026.01.30-1.20.1.jar,False
nfm,nfm:light_gray_modern_table,light_gray_modern_table,nfm-2026.01.30-1.20.1.jar,True
nfm,nfm:light_gray_television_stand,light_gray_television_stand,nfm-2026.01.30-1.20.1.jar,False
nfm,nfm:light_gray_wall_cabinet,light_gray_wall_cabinet,nfm-2026.01.30-1.20.1.jar,True
nfm,nfm:lime_bar_stool,lime_bar_stool,nfm-2026.01.30-1.20.1.jar,False
nfm,nfm:lime_cup,lime_cup,nfm-2026.01.30-1.20.1.jar,False
nfm,nfm:lime_curtain,lime_curtain,nfm-2026.01.30-1.20.1.jar,False
nfm,nfm:lime_digital_clock,lime_digital_clock,nfm-2026.01.30-1.20.1.jar,False
nfm,nfm:lime_inflatable_castle,lime_inflatable_castle,nfm-2026.01.30-1.20.1.jar,True
nfm,nfm:lime_lamp,lime_lamp,nfm-2026.01.30-1.20.1.jar,False
nfm,nfm:lime_modern_bed,lime_modern_bed,nfm-2026.01.30-1.20.1.jar,False
nfm,nfm:lime_modern_bedside_cabinet,lime_modern_bedside_cabinet,nfm-2026.01.30-1.20.1.jar,True
nfm,nfm:lime_modern_cabinet,lime_modern_cabinet,nfm-2026.01.30-1.20.1.jar,True
nfm,nfm:lime_modern_chair,lime_modern_chair,nfm-2026.01.30-1.20.1.jar,False
nfm,nfm:lime_modern_coffee_table,lime_modern_coffee_table,nfm-2026.01.30-1.20.1.jar,True
nfm,nfm:lime_modern_desk,lime_modern_desk,nfm-2026.01.30-1.20.1.jar,True
nfm,nfm:lime_modern_desk_cabinet,lime_modern_desk_cabinet,nfm-2026.01.30-1.20.1.jar,True
nfm,nfm:lime_modern_kitchen_counter,lime_modern_kitchen_counter,nfm-2026.01.30-1.20.1.jar,True
nfm,nfm:lime_modern_kitchen_drawer,lime_modern_kitchen_drawer,nfm-2026.01.30-1.20.1.jar,True
nfm,nfm:lime_modern_kitchen_sink,lime_modern_kitchen_sink,nfm-2026.01.30-1.20.1.jar,False
nfm,nfm:lime_modern_sofa,lime_modern_sofa,nfm-2026.01.30-1.20.1.jar,False
nfm,nfm:lime_modern_table,lime_modern_table,nfm-2026.01.30-1.20.1.jar,True
nfm,nfm:lime_television_stand,lime_television_stand,nfm-2026.01.30-1.20.1.jar,False
nfm,nfm:lime_wall_cabinet,lime_wall_cabinet,nfm-2026.01.30-1.20.1.jar,True
nfm,nfm:liquid_crystal_display_television,liquid_crystal_display_television,nfm-2026.01.30-1.20.1.jar,True
nfm,nfm:magenta_bar_stool,magenta_bar_stool,nfm-2026.01.30-1.20.1.jar,False
nfm,nfm:magenta_cup,magenta_cup,nfm-2026.01.30-1.20.1.jar,False
nfm,nfm:magenta_curtain,magenta_curtain,nfm-2026.01.30-1.20.1.jar,False
nfm,nfm:magenta_digital_clock,magenta_digital_clock,nfm-2026.01.30-1.20.1.jar,False
nfm,nfm:magenta_inflatable_castle,magenta_inflatable_castle,nfm-2026.01.30-1.20.1.jar,True
nfm,nfm:magenta_lamp,magenta_lamp,nfm-2026.01.30-1.20.1.jar,False
nfm,nfm:magenta_modern_bed,magenta_modern_bed,nfm-2026.01.30-1.20.1.jar,False
nfm,nfm:magenta_modern_bedside_cabinet,magenta_modern_bedside_cabinet,nfm-2026.01.30-1.20.1.jar,True
nfm,nfm:magenta_modern_cabinet,magenta_modern_cabinet,nfm-2026.01.30-1.20.1.jar,True
nfm,nfm:magenta_modern_chair,magenta_modern_chair,nfm-2026.01.30-1.20.1.jar,False
nfm,nfm:magenta_modern_coffee_table,magenta_modern_coffee_table,nfm-2026.01.30-1.20.1.jar,True
nfm,nfm:magenta_modern_desk,magenta_modern_desk,nfm-2026.01.30-1.20.1.jar,True
nfm,nfm:magenta_modern_desk_cabinet,magenta_modern_desk_cabinet,nfm-2026.01.30-1.20.1.jar,True
nfm,nfm:magenta_modern_kitchen_counter,magenta_modern_kitchen_counter,nfm-2026.01.30-1.20.1.jar,True
nfm,nfm:magenta_modern_kitchen_drawer,magenta_modern_kitchen_drawer,nfm-2026.01.30-1.20.1.jar,True
nfm,nfm:magenta_modern_kitchen_sink,magenta_modern_kitchen_sink,nfm-2026.01.30-1.20.1.jar,False
nfm,nfm:magenta_modern_sofa,magenta_modern_sofa,nfm-2026.01.30-1.20.1.jar,False
nfm,nfm:magenta_modern_table,magenta_modern_table,nfm-2026.01.30-1.20.1.jar,True
nfm,nfm:magenta_television_stand,magenta_television_stand,nfm-2026.01.30-1.20.1.jar,False
nfm,nfm:magenta_wall_cabinet,magenta_wall_cabinet,nfm-2026.01.30-1.20.1.jar,True
nfm,nfm:mangrove_chopping_board,mangrove_chopping_board,nfm-2026.01.30-1.20.1.jar,False
nfm,nfm:mangrove_door_bell,mangrove_door_bell,nfm-2026.01.30-1.20.1.jar,False
nfm,nfm:mangrove_water_tank,mangrove_water_tank,nfm-2026.01.30-1.20.1.jar,False
nfm,nfm:microwave_dark,microwave_dark,nfm-2026.01.30-1.20.1.jar,False
nfm,nfm:microwave_light,microwave_light,nfm-2026.01.30-1.20.1.jar,False
nfm,nfm:oak_chopping_board,oak_chopping_board,nfm-2026.01.30-1.20.1.jar,False
nfm,nfm:oak_door_bell,oak_door_bell,nfm-2026.01.30-1.20.1.jar,False
nfm,nfm:oak_water_tank,oak_water_tank,nfm-2026.01.30-1.20.1.jar,False
nfm,nfm:orange_bar_stool,orange_bar_stool,nfm-2026.01.30-1.20.1.jar,False
nfm,nfm:orange_cup,orange_cup,nfm-2026.01.30-1.20.1.jar,False
nfm,nfm:orange_curtain,orange_curtain,nfm-2026.01.30-1.20.1.jar,False
nfm,nfm:orange_digital_clock,orange_digital_clock,nfm-2026.01.30-1.20.1.jar,False
nfm,nfm:orange_inflatable_castle,orange_inflatable_castle,nfm-2026.01.30-1.20.1.jar,True
nfm,nfm:orange_lamp,orange_lamp,nfm-2026.01.30-1.20.1.jar,False
nfm,nfm:orange_modern_bed,orange_modern_bed,nfm-2026.01.30-1.20.1.jar,False
nfm,nfm:orange_modern_bedside_cabinet,orange_modern_bedside_cabinet,nfm-2026.01.30-1.20.1.jar,True
nfm,nfm:orange_modern_cabinet,orange_modern_cabinet,nfm-2026.01.30-1.20.1.jar,True
nfm,nfm:orange_modern_chair,orange_modern_chair,nfm-2026.01.30-1.20.1.jar,False
nfm,nfm:orange_modern_coffee_table,orange_modern_coffee_table,nfm-2026.01.30-1.20.1.jar,True
nfm,nfm:orange_modern_desk,orange_modern_desk,nfm-2026.01.30-1.20.1.jar,True
nfm,nfm:orange_modern_desk_cabinet,orange_modern_desk_cabinet,nfm-2026.01.30-1.20.1.jar,True
nfm,nfm:orange_modern_kitchen_counter,orange_modern_kitchen_counter,nfm-2026.01.30-1.20.1.jar,True
nfm,nfm:orange_modern_kitchen_drawer,orange_modern_kitchen_drawer,nfm-2026.01.30-1.20.1.jar,True
nfm,nfm:orange_modern_kitchen_sink,orange_modern_kitchen_sink,nfm-2026.01.30-1.20.1.jar,False
nfm,nfm:orange_modern_sofa,orange_modern_sofa,nfm-2026.01.30-1.20.1.jar,False
nfm,nfm:orange_modern_table,orange_modern_table,nfm-2026.01.30-1.20.1.jar,True
nfm,nfm:orange_television_stand,orange_television_stand,nfm-2026.01.30-1.20.1.jar,False
nfm,nfm:orange_wall_cabinet,orange_wall_cabinet,nfm-2026.01.30-1.20.1.jar,True
nfm,nfm:oven_dark,oven_dark,nfm-2026.01.30-1.20.1.jar,False
nfm,nfm:oven_light,oven_light,nfm-2026.01.30-1.20.1.jar,False
nfm,nfm:oven_range_hood_dark,oven_range_hood_dark,nfm-2026.01.30-1.20.1.jar,False
nfm,nfm:oven_range_hood_light,oven_range_hood_light,nfm-2026.01.30-1.20.1.jar,False
nfm,nfm:pink_bar_stool,pink_bar_stool,nfm-2026.01.30-1.20.1.jar,False
nfm,nfm:pink_cup,pink_cup,nfm-2026.01.30-1.20.1.jar,False
nfm,nfm:pink_curtain,pink_curtain,nfm-2026.01.30-1.20.1.jar,False
nfm,nfm:pink_digital_clock,pink_digital_clock,nfm-2026.01.30-1.20.1.jar,False
nfm,nfm:pink_inflatable_castle,pink_inflatable_castle,nfm-2026.01.30-1.20.1.jar,True
nfm,nfm:pink_lamp,pink_lamp,nfm-2026.01.30-1.20.1.jar,False
nfm,nfm:pink_modern_bed,pink_modern_bed,nfm-2026.01.30-1.20.1.jar,False
nfm,nfm:pink_modern_bedside_cabinet,pink_modern_bedside_cabinet,nfm-2026.01.30-1.20.1.jar,True
nfm,nfm:pink_modern_cabinet,pink_modern_cabinet,nfm-2026.01.30-1.20.1.jar,True
nfm,nfm:pink_modern_chair,pink_modern_chair,nfm-2026.01.30-1.20.1.jar,False
nfm,nfm:pink_modern_coffee_table,pink_modern_coffee_table,nfm-2026.01.30-1.20.1.jar,True
nfm,nfm:pink_modern_desk,pink_modern_desk,nfm-2026.01.30-1.20.1.jar,True
nfm,nfm:pink_modern_desk_cabinet,pink_modern_desk_cabinet,nfm-2026.01.30-1.20.1.jar,True
nfm,nfm:pink_modern_kitchen_counter,pink_modern_kitchen_counter,nfm-2026.01.30-1.20.1.jar,True
nfm,nfm:pink_modern_kitchen_drawer,pink_modern_kitchen_drawer,nfm-2026.01.30-1.20.1.jar,True
nfm,nfm:pink_modern_kitchen_sink,pink_modern_kitchen_sink,nfm-2026.01.30-1.20.1.jar,False
nfm,nfm:pink_modern_sofa,pink_modern_sofa,nfm-2026.01.30-1.20.1.jar,False
nfm,nfm:pink_modern_table,pink_modern_table,nfm-2026.01.30-1.20.1.jar,True
nfm,nfm:pink_television_stand,pink_television_stand,nfm-2026.01.30-1.20.1.jar,False
nfm,nfm:pink_wall_cabinet,pink_wall_cabinet,nfm-2026.01.30-1.20.1.jar,True
nfm,nfm:plate,plate,nfm-2026.01.30-1.20.1.jar,False
nfm,nfm:printer,printer,nfm-2026.01.30-1.20.1.jar,False
nfm,nfm:purple_bar_stool,purple_bar_stool,nfm-2026.01.30-1.20.1.jar,False
nfm,nfm:purple_cup,purple_cup,nfm-2026.01.30-1.20.1.jar,False
nfm,nfm:purple_curtain,purple_curtain,nfm-2026.01.30-1.20.1.jar,False
nfm,nfm:purple_digital_clock,purple_digital_clock,nfm-2026.01.30-1.20.1.jar,False
nfm,nfm:purple_inflatable_castle,purple_inflatable_castle,nfm-2026.01.30-1.20.1.jar,True
nfm,nfm:purple_lamp,purple_lamp,nfm-2026.01.30-1.20.1.jar,False
nfm,nfm:purple_modern_bed,purple_modern_bed,nfm-2026.01.30-1.20.1.jar,False
nfm,nfm:purple_modern_bedside_cabinet,purple_modern_bedside_cabinet,nfm-2026.01.30-1.20.1.jar,True
nfm,nfm:purple_modern_cabinet,purple_modern_cabinet,nfm-2026.01.30-1.20.1.jar,True
nfm,nfm:purple_modern_chair,purple_modern_chair,nfm-2026.01.30-1.20.1.jar,False
nfm,nfm:purple_modern_coffee_table,purple_modern_coffee_table,nfm-2026.01.30-1.20.1.jar,True
nfm,nfm:purple_modern_desk,purple_modern_desk,nfm-2026.01.30-1.20.1.jar,True
nfm,nfm:purple_modern_desk_cabinet,purple_modern_desk_cabinet,nfm-2026.01.30-1.20.1.jar,True
nfm,nfm:purple_modern_kitchen_counter,purple_modern_kitchen_counter,nfm-2026.01.30-1.20.1.jar,True
nfm,nfm:purple_modern_kitchen_drawer,purple_modern_kitchen_drawer,nfm-2026.01.30-1.20.1.jar,True
nfm,nfm:purple_modern_kitchen_sink,purple_modern_kitchen_sink,nfm-2026.01.30-1.20.1.jar,False
nfm,nfm:purple_modern_sofa,purple_modern_sofa,nfm-2026.01.30-1.20.1.jar,False
nfm,nfm:purple_modern_table,purple_modern_table,nfm-2026.01.30-1.20.1.jar,True
nfm,nfm:purple_television_stand,purple_television_stand,nfm-2026.01.30-1.20.1.jar,False
nfm,nfm:purple_wall_cabinet,purple_wall_cabinet,nfm-2026.01.30-1.20.1.jar,True
nfm,nfm:red_bar_stool,red_bar_stool,nfm-2026.01.30-1.20.1.jar,False
nfm,nfm:red_cup,red_cup,nfm-2026.01.30-1.20.1.jar,False
nfm,nfm:red_curtain,red_curtain,nfm-2026.01.30-1.20.1.jar,False
nfm,nfm:red_digital_clock,red_digital_clock,nfm-2026.01.30-1.20.1.jar,False
nfm,nfm:red_inflatable_castle,red_inflatable_castle,nfm-2026.01.30-1.20.1.jar,True
nfm,nfm:red_lamp,red_lamp,nfm-2026.01.30-1.20.1.jar,False
nfm,nfm:red_modern_bed,red_modern_bed,nfm-2026.01.30-1.20.1.jar,False
nfm,nfm:red_modern_bedside_cabinet,red_modern_bedside_cabinet,nfm-2026.01.30-1.20.1.jar,True
nfm,nfm:red_modern_cabinet,red_modern_cabinet,nfm-2026.01.30-1.20.1.jar,True
nfm,nfm:red_modern_chair,red_modern_chair,nfm-2026.01.30-1.20.1.jar,False
nfm,nfm:red_modern_coffee_table,red_modern_coffee_table,nfm-2026.01.30-1.20.1.jar,True
nfm,nfm:red_modern_desk,red_modern_desk,nfm-2026.01.30-1.20.1.jar,True
nfm,nfm:red_modern_desk_cabinet,red_modern_desk_cabinet,nfm-2026.01.30-1.20.1.jar,True
nfm,nfm:red_modern_kitchen_counter,red_modern_kitchen_counter,nfm-2026.01.30-1.20.1.jar,True
nfm,nfm:red_modern_kitchen_drawer,red_modern_kitchen_drawer,nfm-2026.01.30-1.20.1.jar,True
nfm,nfm:red_modern_kitchen_sink,red_modern_kitchen_sink,nfm-2026.01.30-1.20.1.jar,False
nfm,nfm:red_modern_sofa,red_modern_sofa,nfm-2026.01.30-1.20.1.jar,False
nfm,nfm:red_modern_table,red_modern_table,nfm-2026.01.30-1.20.1.jar,True
nfm,nfm:red_television_stand,red_television_stand,nfm-2026.01.30-1.20.1.jar,False
nfm,nfm:red_wall_cabinet,red_wall_cabinet,nfm-2026.01.30-1.20.1.jar,True
nfm,nfm:shower_dark,shower_dark,nfm-2026.01.30-1.20.1.jar,False
nfm,nfm:shower_head_dark,shower_head_dark,nfm-2026.01.30-1.20.1.jar,False
nfm,nfm:shower_head_light,shower_head_light,nfm-2026.01.30-1.20.1.jar,False
nfm,nfm:shower_light,shower_light,nfm-2026.01.30-1.20.1.jar,False
nfm,nfm:sink_dark,sink_dark,nfm-2026.01.30-1.20.1.jar,False
nfm,nfm:sink_light,sink_light,nfm-2026.01.30-1.20.1.jar,False
nfm,nfm:soapy_water,soapy_water,nfm-2026.01.30-1.20.1.jar,False
nfm,nfm:spruce_chopping_board,spruce_chopping_board,nfm-2026.01.30-1.20.1.jar,False
nfm,nfm:spruce_door_bell,spruce_door_bell,nfm-2026.01.30-1.20.1.jar,False
nfm,nfm:spruce_water_tank,spruce_water_tank,nfm-2026.01.30-1.20.1.jar,False
nfm,nfm:stereo,stereo,nfm-2026.01.30-1.20.1.jar,False
nfm,nfm:stone_bedside_cabinet,stone_bedside_cabinet,nfm-2026.01.30-1.20.1.jar,True
nfm,nfm:stone_bird_bath,stone_bird_bath,nfm-2026.01.30-1.20.1.jar,False
nfm,nfm:stone_cabinet,stone_cabinet,nfm-2026.01.30-1.20.1.jar,True
nfm,nfm:stone_chair,stone_chair,nfm-2026.01.30-1.20.1.jar,False
nfm,nfm:stone_coffee_table,stone_coffee_table,nfm-2026.01.30-1.20.1.jar,True
nfm,nfm:stone_desk,stone_desk,nfm-2026.01.30-1.20.1.jar,True
nfm,nfm:stone_desk_cabinet,stone_desk_cabinet,nfm-2026.01.30-1.20.1.jar,True
nfm,nfm:stone_table,stone_table,nfm-2026.01.30-1.20.1.jar,True
nfm,nfm:stripped_acacia_door_bell,stripped_acacia_door_bell,nfm-2026.01.30-1.20.1.jar,False
nfm,nfm:stripped_birch_door_bell,stripped_birch_door_bell,nfm-2026.01.30-1.20.1.jar,False
nfm,nfm:stripped_cherry_door_bell,stripped_cherry_door_bell,nfm-2026.01.30-1.20.1.jar,False
nfm,nfm:stripped_crimson_door_bell,stripped_crimson_door_bell,nfm-2026.01.30-1.20.1.jar,False
nfm,nfm:stripped_dark_oak_door_bell,stripped_dark_oak_door_bell,nfm-2026.01.30-1.20.1.jar,False
nfm,nfm:stripped_jungle_door_bell,stripped_jungle_door_bell,nfm-2026.01.30-1.20.1.jar,False
nfm,nfm:stripped_mangrove_door_bell,stripped_mangrove_door_bell,nfm-2026.01.30-1.20.1.jar,False
nfm,nfm:stripped_oak_door_bell,stripped_oak_door_bell,nfm-2026.01.30-1.20.1.jar,False
nfm,nfm:stripped_spruce_door_bell,stripped_spruce_door_bell,nfm-2026.01.30-1.20.1.jar,False
nfm,nfm:stripped_warped_door_bell,stripped_warped_door_bell,nfm-2026.01.30-1.20.1.jar,False
nfm,nfm:super_soapy_water,super_soapy_water,nfm-2026.01.30-1.20.1.jar,False
nfm,nfm:toaster_dark,toaster_dark,nfm-2026.01.30-1.20.1.jar,False
nfm,nfm:toaster_light,toaster_light,nfm-2026.01.30-1.20.1.jar,False
nfm,nfm:toilet_dark,toilet_dark,nfm-2026.01.30-1.20.1.jar,False
nfm,nfm:toilet_light,toilet_light,nfm-2026.01.30-1.20.1.jar,False
nfm,nfm:warped_chopping_board,warped_chopping_board,nfm-2026.01.30-1.20.1.jar,False
nfm,nfm:warped_door_bell,warped_door_bell,nfm-2026.01.30-1.20.1.jar,False
nfm,nfm:warped_water_tank,warped_water_tank,nfm-2026.01.30-1.20.1.jar,False
nfm,nfm:washing_machine_dark,washing_machine_dark,nfm-2026.01.30-1.20.1.jar,False
nfm,nfm:washing_machine_light,washing_machine_light,nfm-2026.01.30-1.20.1.jar,False
nfm,nfm:white_bar_stool,white_bar_stool,nfm-2026.01.30-1.20.1.jar,False
nfm,nfm:white_cup,white_cup,nfm-2026.01.30-1.20.1.jar,False
nfm,nfm:white_curtain,white_curtain,nfm-2026.01.30-1.20.1.jar,False
nfm,nfm:white_digital_clock,white_digital_clock,nfm-2026.01.30-1.20.1.jar,False
nfm,nfm:white_inflatable_castle,white_inflatable_castle,nfm-2026.01.30-1.20.1.jar,True
nfm,nfm:white_lamp,white_lamp,nfm-2026.01.30-1.20.1.jar,False
nfm,nfm:white_modern_bed,white_modern_bed,nfm-2026.01.30-1.20.1.jar,False
nfm,nfm:white_modern_bedside_cabinet,white_modern_bedside_cabinet,nfm-2026.01.30-1.20.1.jar,True
nfm,nfm:white_modern_cabinet,white_modern_cabinet,nfm-2026.01.30-1.20.1.jar,True
nfm,nfm:white_modern_chair,white_modern_chair,nfm-2026.01.30-1.20.1.jar,False
nfm,nfm:white_modern_coffee_table,white_modern_coffee_table,nfm-2026.01.30-1.20.1.jar,True
nfm,nfm:white_modern_desk,white_modern_desk,nfm-2026.01.30-1.20.1.jar,True
nfm,nfm:white_modern_desk_cabinet,white_modern_desk_cabinet,nfm-2026.01.30-1.20.1.jar,True
nfm,nfm:white_modern_kitchen_counter,white_modern_kitchen_counter,nfm-2026.01.30-1.20.1.jar,True
nfm,nfm:white_modern_kitchen_drawer,white_modern_kitchen_drawer,nfm-2026.01.30-1.20.1.jar,True
nfm,nfm:white_modern_kitchen_sink,white_modern_kitchen_sink,nfm-2026.01.30-1.20.1.jar,False
nfm,nfm:white_modern_sofa,white_modern_sofa,nfm-2026.01.30-1.20.1.jar,False
nfm,nfm:white_modern_table,white_modern_table,nfm-2026.01.30-1.20.1.jar,True
nfm,nfm:white_television_stand,white_television_stand,nfm-2026.01.30-1.20.1.jar,False
nfm,nfm:white_wall_cabinet,white_wall_cabinet,nfm-2026.01.30-1.20.1.jar,True
nfm,nfm:wreath,wreath,nfm-2026.01.30-1.20.1.jar,False
nfm,nfm:yellow_bar_stool,yellow_bar_stool,nfm-2026.01.30-1.20.1.jar,False
nfm,nfm:yellow_cup,yellow_cup,nfm-2026.01.30-1.20.1.jar,False
nfm,nfm:yellow_curtain,yellow_curtain,nfm-2026.01.30-1.20.1.jar,False
nfm,nfm:yellow_digital_clock,yellow_digital_clock,nfm-2026.01.30-1.20.1.jar,False
nfm,nfm:yellow_inflatable_castle,yellow_inflatable_castle,nfm-2026.01.30-1.20.1.jar,True
nfm,nfm:yellow_lamp,yellow_lamp,nfm-2026.01.30-1.20.1.jar,False
nfm,nfm:yellow_modern_bed,yellow_modern_bed,nfm-2026.01.30-1.20.1.jar,False
nfm,nfm:yellow_modern_bedside_cabinet,yellow_modern_bedside_cabinet,nfm-2026.01.30-1.20.1.jar,True
nfm,nfm:yellow_modern_cabinet,yellow_modern_cabinet,nfm-2026.01.30-1.20.1.jar,True
nfm,nfm:yellow_modern_chair,yellow_modern_chair,nfm-2026.01.30-1.20.1.jar,False
nfm,nfm:yellow_modern_coffee_table,yellow_modern_coffee_table,nfm-2026.01.30-1.20.1.jar,True
nfm,nfm:yellow_modern_desk,yellow_modern_desk,nfm-2026.01.30-1.20.1.jar,True
nfm,nfm:yellow_modern_desk_cabinet,yellow_modern_desk_cabinet,nfm-2026.01.30-1.20.1.jar,True
nfm,nfm:yellow_modern_kitchen_counter,yellow_modern_kitchen_counter,nfm-2026.01.30-1.20.1.jar,True
nfm,nfm:yellow_modern_kitchen_drawer,yellow_modern_kitchen_drawer,nfm-2026.01.30-1.20.1.jar,True
nfm,nfm:yellow_modern_kitchen_sink,yellow_modern_kitchen_sink,nfm-2026.01.30-1.20.1.jar,False
nfm,nfm:yellow_modern_sofa,yellow_modern_sofa,nfm-2026.01.30-1.20.1.jar,False
nfm,nfm:yellow_modern_table,yellow_modern_table,nfm-2026.01.30-1.20.1.jar,True
nfm,nfm:yellow_television_stand,yellow_television_stand,nfm-2026.01.30-1.20.1.jar,False
nfm,nfm:yellow_wall_cabinet,yellow_wall_cabinet,nfm-2026.01.30-1.20.1.jar,True
refurbished_furniture,refurbished_furniture:acacia_basin,acacia_basin,refurbished_furniture-forge-1.20.1-1.0.20.jar,False
refurbished_furniture,refurbished_furniture:acacia_bath,acacia_bath,refurbished_furniture-forge-1.20.1-1.0.20.jar,False
refurbished_furniture,refurbished_furniture:acacia_chair,acacia_chair,refurbished_furniture-forge-1.20.1-1.0.20.jar,False
refurbished_furniture,refurbished_furniture:acacia_crate,acacia_crate,refurbished_furniture-forge-1.20.1-1.0.20.jar,True
refurbished_furniture,refurbished_furniture:acacia_cutting_board,acacia_cutting_board,refurbished_furniture-forge-1.20.1-1.0.20.jar,False
refurbished_furniture,refurbished_furniture:acacia_dark_ceiling_fan,acacia_dark_ceiling_fan,refurbished_furniture-forge-1.20.1-1.0.20.jar,False
refurbished_furniture,refurbished_furniture:acacia_desk,acacia_desk,refurbished_furniture-forge-1.20.1-1.0.20.jar,True
refurbished_furniture,refurbished_furniture:acacia_drawer,acacia_drawer,refurbished_furniture-forge-1.20.1-1.0.20.jar,True
refurbished_furniture,refurbished_furniture:acacia_hedge,acacia_hedge,refurbished_furniture-forge-1.20.1-1.0.20.jar,False
refurbished_furniture,refurbished_furniture:acacia_kitchen_cabinetry,acacia_kitchen_cabinetry,refurbished_furniture-forge-1.20.1-1.0.20.jar,True
refurbished_furniture,refurbished_furniture:acacia_kitchen_drawer,acacia_kitchen_drawer,refurbished_furniture-forge-1.20.1-1.0.20.jar,True
refurbished_furniture,refurbished_furniture:acacia_kitchen_sink,acacia_kitchen_sink,refurbished_furniture-forge-1.20.1-1.0.20.jar,False
refurbished_furniture,refurbished_furniture:acacia_kitchen_storage_cabinet,acacia_kitchen_storage_cabinet,refurbished_furniture-forge-1.20.1-1.0.20.jar,True
refurbished_furniture,refurbished_furniture:acacia_lattice_fence,acacia_lattice_fence,refurbished_furniture-forge-1.20.1-1.0.20.jar,False
refurbished_furniture,refurbished_furniture:acacia_lattice_fence_gate,acacia_lattice_fence_gate,refurbished_furniture-forge-1.20.1-1.0.20.jar,False
refurbished_furniture,refurbished_furniture:acacia_light_ceiling_fan,acacia_light_ceiling_fan,refurbished_furniture-forge-1.20.1-1.0.20.jar,False
refurbished_furniture,refurbished_furniture:acacia_mail_box,acacia_mail_box,refurbished_furniture-forge-1.20.1-1.0.20.jar,False
refurbished_furniture,refurbished_furniture:acacia_storage_cabinet,acacia_storage_cabinet,refurbished_furniture-forge-1.20.1-1.0.20.jar,True
refurbished_furniture,refurbished_furniture:acacia_storage_jar,acacia_storage_jar,refurbished_furniture-forge-1.20.1-1.0.20.jar,True
refurbished_furniture,refurbished_furniture:acacia_table,acacia_table,refurbished_furniture-forge-1.20.1-1.0.20.jar,True
refurbished_furniture,refurbished_furniture:acacia_toilet,acacia_toilet,refurbished_furniture-forge-1.20.1-1.0.20.jar,False
refurbished_furniture,refurbished_furniture:andesite_stepping_stones,andesite_stepping_stones,refurbished_furniture-forge-1.20.1-1.0.20.jar,False
refurbished_furniture,refurbished_furniture:azalea_hedge,azalea_hedge,refurbished_furniture-forge-1.20.1-1.0.20.jar,False
refurbished_furniture,refurbished_furniture:birch_basin,birch_basin,refurbished_furniture-forge-1.20.1-1.0.20.jar,False
refurbished_furniture,refurbished_furniture:birch_bath,birch_bath,refurbished_furniture-forge-1.20.1-1.0.20.jar,False
refurbished_furniture,refurbished_furniture:birch_chair,birch_chair,refurbished_furniture-forge-1.20.1-1.0.20.jar,False
refurbished_furniture,refurbished_furniture:birch_crate,birch_crate,refurbished_furniture-forge-1.20.1-1.0.20.jar,True
refurbished_furniture,refurbished_furniture:birch_cutting_board,birch_cutting_board,refurbished_furniture-forge-1.20.1-1.0.20.jar,False
refurbished_furniture,refurbished_furniture:birch_dark_ceiling_fan,birch_dark_ceiling_fan,refurbished_furniture-forge-1.20.1-1.0.20.jar,False
refurbished_furniture,refurbished_furniture:birch_desk,birch_desk,refurbished_furniture-forge-1.20.1-1.0.20.jar,True
refurbished_furniture,refurbished_furniture:birch_drawer,birch_drawer,refurbished_furniture-forge-1.20.1-1.0.20.jar,True
refurbished_furniture,refurbished_furniture:birch_hedge,birch_hedge,refurbished_furniture-forge-1.20.1-1.0.20.jar,False
refurbished_furniture,refurbished_furniture:birch_kitchen_cabinetry,birch_kitchen_cabinetry,refurbished_furniture-forge-1.20.1-1.0.20.jar,True
refurbished_furniture,refurbished_furniture:birch_kitchen_drawer,birch_kitchen_drawer,refurbished_furniture-forge-1.20.1-1.0.20.jar,True
refurbished_furniture,refurbished_furniture:birch_kitchen_sink,birch_kitchen_sink,refurbished_furniture-forge-1.20.1-1.0.20.jar,False
refurbished_furniture,refurbished_furniture:birch_kitchen_storage_cabinet,birch_kitchen_storage_cabinet,refurbished_furniture-forge-1.20.1-1.0.20.jar,True
refurbished_furniture,refurbished_furniture:birch_lattice_fence,birch_lattice_fence,refurbished_furniture-forge-1.20.1-1.0.20.jar,False
refurbished_furniture,refurbished_furniture:birch_lattice_fence_gate,birch_lattice_fence_gate,refurbished_furniture-forge-1.20.1-1.0.20.jar,False
refurbished_furniture,refurbished_furniture:birch_light_ceiling_fan,birch_light_ceiling_fan,refurbished_furniture-forge-1.20.1-1.0.20.jar,False
refurbished_furniture,refurbished_furniture:birch_mail_box,birch_mail_box,refurbished_furniture-forge-1.20.1-1.0.20.jar,False
refurbished_furniture,refurbished_furniture:birch_storage_cabinet,birch_storage_cabinet,refurbished_furniture-forge-1.20.1-1.0.20.jar,True
refurbished_furniture,refurbished_furniture:birch_storage_jar,birch_storage_jar,refurbished_furniture-forge-1.20.1-1.0.20.jar,True
refurbished_furniture,refurbished_furniture:birch_table,birch_table,refurbished_furniture-forge-1.20.1-1.0.20.jar,True
refurbished_furniture,refurbished_furniture:birch_toilet,birch_toilet,refurbished_furniture-forge-1.20.1-1.0.20.jar,False
refurbished_furniture,refurbished_furniture:black_basin,black_basin,refurbished_furniture-forge-1.20.1-1.0.20.jar,False
refurbished_furniture,refurbished_furniture:black_bath,black_bath,refurbished_furniture-forge-1.20.1-1.0.20.jar,False
refurbished_furniture,refurbished_furniture:black_cooler,black_cooler,refurbished_furniture-forge-1.20.1-1.0.20.jar,True
refurbished_furniture,refurbished_furniture:black_grill,black_grill,refurbished_furniture-forge-1.20.1-1.0.20.jar,False
refurbished_furniture,refurbished_furniture:black_kitchen_cabinetry,black_kitchen_cabinetry,refurbished_furniture-forge-1.20.1-1.0.20.jar,True
refurbished_furniture,refurbished_furniture:black_kitchen_drawer,black_kitchen_drawer,refurbished_furniture-forge-1.20.1-1.0.20.jar,True
refurbished_furniture,refurbished_furniture:black_kitchen_sink,black_kitchen_sink,refurbished_furniture-forge-1.20.1-1.0.20.jar,False
refurbished_furniture,refurbished_furniture:black_kitchen_storage_cabinet,black_kitchen_storage_cabinet,refurbished_furniture-forge-1.20.1-1.0.20.jar,True
refurbished_furniture,refurbished_furniture:black_lamp,black_lamp,refurbished_furniture-forge-1.20.1-1.0.20.jar,False
refurbished_furniture,refurbished_furniture:black_sofa,black_sofa,refurbished_furniture-forge-1.20.1-1.0.20.jar,False
refurbished_furniture,refurbished_furniture:black_stool,black_stool,refurbished_furniture-forge-1.20.1-1.0.20.jar,False
refurbished_furniture,refurbished_furniture:black_toilet,black_toilet,refurbished_furniture-forge-1.20.1-1.0.20.jar,False
refurbished_furniture,refurbished_furniture:black_trampoline,black_trampoline,refurbished_furniture-forge-1.20.1-1.0.20.jar,False
refurbished_furniture,refurbished_furniture:blue_basin,blue_basin,refurbished_furniture-forge-1.20.1-1.0.20.jar,False
refurbished_furniture,refurbished_furniture:blue_bath,blue_bath,refurbished_furniture-forge-1.20.1-1.0.20.jar,False
refurbished_furniture,refurbished_furniture:blue_cooler,blue_cooler,refurbished_furniture-forge-1.20.1-1.0.20.jar,True
refurbished_furniture,refurbished_furniture:blue_grill,blue_grill,refurbished_furniture-forge-1.20.1-1.0.20.jar,False
refurbished_furniture,refurbished_furniture:blue_kitchen_cabinetry,blue_kitchen_cabinetry,refurbished_furniture-forge-1.20.1-1.0.20.jar,True
refurbished_furniture,refurbished_furniture:blue_kitchen_drawer,blue_kitchen_drawer,refurbished_furniture-forge-1.20.1-1.0.20.jar,True
refurbished_furniture,refurbished_furniture:blue_kitchen_sink,blue_kitchen_sink,refurbished_furniture-forge-1.20.1-1.0.20.jar,False
refurbished_furniture,refurbished_furniture:blue_kitchen_storage_cabinet,blue_kitchen_storage_cabinet,refurbished_furniture-forge-1.20.1-1.0.20.jar,True
refurbished_furniture,refurbished_furniture:blue_lamp,blue_lamp,refurbished_furniture-forge-1.20.1-1.0.20.jar,False
refurbished_furniture,refurbished_furniture:blue_sofa,blue_sofa,refurbished_furniture-forge-1.20.1-1.0.20.jar,False
refurbished_furniture,refurbished_furniture:blue_stool,blue_stool,refurbished_furniture-forge-1.20.1-1.0.20.jar,False
refurbished_furniture,refurbished_furniture:blue_toilet,blue_toilet,refurbished_furniture-forge-1.20.1-1.0.20.jar,False
refurbished_furniture,refurbished_furniture:blue_trampoline,blue_trampoline,refurbished_furniture-forge-1.20.1-1.0.20.jar,False
refurbished_furniture,refurbished_furniture:brown_basin,brown_basin,refurbished_furniture-forge-1.20.1-1.0.20.jar,False
refurbished_furniture,refurbished_furniture:brown_bath,brown_bath,refurbished_furniture-forge-1.20.1-1.0.20.jar,False
refurbished_furniture,refurbished_furniture:brown_cooler,brown_cooler,refurbished_furniture-forge-1.20.1-1.0.20.jar,True
refurbished_furniture,refurbished_furniture:brown_grill,brown_grill,refurbished_furniture-forge-1.20.1-1.0.20.jar,False
refurbished_furniture,refurbished_furniture:brown_kitchen_cabinetry,brown_kitchen_cabinetry,refurbished_furniture-forge-1.20.1-1.0.20.jar,True
refurbished_furniture,refurbished_furniture:brown_kitchen_drawer,brown_kitchen_drawer,refurbished_furniture-forge-1.20.1-1.0.20.jar,True
refurbished_furniture,refurbished_furniture:brown_kitchen_sink,brown_kitchen_sink,refurbished_furniture-forge-1.20.1-1.0.20.jar,False
refurbished_furniture,refurbished_furniture:brown_kitchen_storage_cabinet,brown_kitchen_storage_cabinet,refurbished_furniture-forge-1.20.1-1.0.20.jar,True
refurbished_furniture,refurbished_furniture:brown_lamp,brown_lamp,refurbished_furniture-forge-1.20.1-1.0.20.jar,False
refurbished_furniture,refurbished_furniture:brown_sofa,brown_sofa,refurbished_furniture-forge-1.20.1-1.0.20.jar,False
refurbished_furniture,refurbished_furniture:brown_stool,brown_stool,refurbished_furniture-forge-1.20.1-1.0.20.jar,False
refurbished_furniture,refurbished_furniture:brown_toilet,brown_toilet,refurbished_furniture-forge-1.20.1-1.0.20.jar,False
refurbished_furniture,refurbished_furniture:brown_trampoline,brown_trampoline,refurbished_furniture-forge-1.20.1-1.0.20.jar,False
refurbished_furniture,refurbished_furniture:cherry_basin,cherry_basin,refurbished_furniture-forge-1.20.1-1.0.20.jar,False
refurbished_furniture,refurbished_furniture:cherry_bath,cherry_bath,refurbished_furniture-forge-1.20.1-1.0.20.jar,False
refurbished_furniture,refurbished_furniture:cherry_chair,cherry_chair,refurbished_furniture-forge-1.20.1-1.0.20.jar,False
refurbished_furniture,refurbished_furniture:cherry_crate,cherry_crate,refurbished_furniture-forge-1.20.1-1.0.20.jar,True
refurbished_furniture,refurbished_furniture:cherry_cutting_board,cherry_cutting_board,refurbished_furniture-forge-1.20.1-1.0.20.jar,False
refurbished_furniture,refurbished_furniture:cherry_dark_ceiling_fan,cherry_dark_ceiling_fan,refurbished_furniture-forge-1.20.1-1.0.20.jar,False
refurbished_furniture,refurbished_furniture:cherry_desk,cherry_desk,refurbished_furniture-forge-1.20.1-1.0.20.jar,True
refurbished_furniture,refurbished_furniture:cherry_drawer,cherry_drawer,refurbished_furniture-forge-1.20.1-1.0.20.jar,True
refurbished_furniture,refurbished_furniture:cherry_hedge,cherry_hedge,refurbished_furniture-forge-1.20.1-1.0.20.jar,False
refurbished_furniture,refurbished_furniture:cherry_kitchen_cabinetry,cherry_kitchen_cabinetry,refurbished_furniture-forge-1.20.1-1.0.20.jar,True
refurbished_furniture,refurbished_furniture:cherry_kitchen_drawer,cherry_kitchen_drawer,refurbished_furniture-forge-1.20.1-1.0.20.jar,True
refurbished_furniture,refurbished_furniture:cherry_kitchen_sink,cherry_kitchen_sink,refurbished_furniture-forge-1.20.1-1.0.20.jar,False
refurbished_furniture,refurbished_furniture:cherry_kitchen_storage_cabinet,cherry_kitchen_storage_cabinet,refurbished_furniture-forge-1.20.1-1.0.20.jar,True
refurbished_furniture,refurbished_furniture:cherry_lattice_fence,cherry_lattice_fence,refurbished_furniture-forge-1.20.1-1.0.20.jar,False
refurbished_furniture,refurbished_furniture:cherry_lattice_fence_gate,cherry_lattice_fence_gate,refurbished_furniture-forge-1.20.1-1.0.20.jar,False
refurbished_furniture,refurbished_furniture:cherry_light_ceiling_fan,cherry_light_ceiling_fan,refurbished_furniture-forge-1.20.1-1.0.20.jar,False
refurbished_furniture,refurbished_furniture:cherry_mail_box,cherry_mail_box,refurbished_furniture-forge-1.20.1-1.0.20.jar,False
refurbished_furniture,refurbished_furniture:cherry_storage_cabinet,cherry_storage_cabinet,refurbished_furniture-forge-1.20.1-1.0.20.jar,True
refurbished_furniture,refurbished_furniture:cherry_storage_jar,cherry_storage_jar,refurbished_furniture-forge-1.20.1-1.0.20.jar,True
refurbished_furniture,refurbished_furniture:cherry_table,cherry_table,refurbished_furniture-forge-1.20.1-1.0.20.jar,True
refurbished_furniture,refurbished_furniture:cherry_toilet,cherry_toilet,refurbished_furniture-forge-1.20.1-1.0.20.jar,False
refurbished_furniture,refurbished_furniture:computer,computer,refurbished_furniture-forge-1.20.1-1.0.20.jar,False
refurbished_furniture,refurbished_furniture:crimson_basin,crimson_basin,refurbished_furniture-forge-1.20.1-1.0.20.jar,False
refurbished_furniture,refurbished_furniture:crimson_bath,crimson_bath,refurbished_furniture-forge-1.20.1-1.0.20.jar,False
refurbished_furniture,refurbished_furniture:crimson_chair,crimson_chair,refurbished_furniture-forge-1.20.1-1.0.20.jar,False
refurbished_furniture,refurbished_furniture:crimson_crate,crimson_crate,refurbished_furniture-forge-1.20.1-1.0.20.jar,True
refurbished_furniture,refurbished_furniture:crimson_cutting_board,crimson_cutting_board,refurbished_furniture-forge-1.20.1-1.0.20.jar,False
refurbished_furniture,refurbished_furniture:crimson_dark_ceiling_fan,crimson_dark_ceiling_fan,refurbished_furniture-forge-1.20.1-1.0.20.jar,False
refurbished_furniture,refurbished_furniture:crimson_desk,crimson_desk,refurbished_furniture-forge-1.20.1-1.0.20.jar,True
refurbished_furniture,refurbished_furniture:crimson_drawer,crimson_drawer,refurbished_furniture-forge-1.20.1-1.0.20.jar,True
refurbished_furniture,refurbished_furniture:crimson_kitchen_cabinetry,crimson_kitchen_cabinetry,refurbished_furniture-forge-1.20.1-1.0.20.jar,True
refurbished_furniture,refurbished_furniture:crimson_kitchen_drawer,crimson_kitchen_drawer,refurbished_furniture-forge-1.20.1-1.0.20.jar,True
refurbished_furniture,refurbished_furniture:crimson_kitchen_sink,crimson_kitchen_sink,refurbished_furniture-forge-1.20.1-1.0.20.jar,False
refurbished_furniture,refurbished_furniture:crimson_kitchen_storage_cabinet,crimson_kitchen_storage_cabinet,refurbished_furniture-forge-1.20.1-1.0.20.jar,True
refurbished_furniture,refurbished_furniture:crimson_lattice_fence,crimson_lattice_fence,refurbished_furniture-forge-1.20.1-1.0.20.jar,False
refurbished_furniture,refurbished_furniture:crimson_lattice_fence_gate,crimson_lattice_fence_gate,refurbished_furniture-forge-1.20.1-1.0.20.jar,False
refurbished_furniture,refurbished_furniture:crimson_light_ceiling_fan,crimson_light_ceiling_fan,refurbished_furniture-forge-1.20.1-1.0.20.jar,False
refurbished_furniture,refurbished_furniture:crimson_mail_box,crimson_mail_box,refurbished_furniture-forge-1.20.1-1.0.20.jar,False
refurbished_furniture,refurbished_furniture:crimson_storage_cabinet,crimson_storage_cabinet,refurbished_furniture-forge-1.20.1-1.0.20.jar,True
refurbished_furniture,refurbished_furniture:crimson_storage_jar,crimson_storage_jar,refurbished_furniture-forge-1.20.1-1.0.20.jar,True
refurbished_furniture,refurbished_furniture:crimson_table,crimson_table,refurbished_furniture-forge-1.20.1-1.0.20.jar,True
refurbished_furniture,refurbished_furniture:crimson_toilet,crimson_toilet,refurbished_furniture-forge-1.20.1-1.0.20.jar,False
refurbished_furniture,refurbished_furniture:cyan_basin,cyan_basin,refurbished_furniture-forge-1.20.1-1.0.20.jar,False
refurbished_furniture,refurbished_furniture:cyan_bath,cyan_bath,refurbished_furniture-forge-1.20.1-1.0.20.jar,False
refurbished_furniture,refurbished_furniture:cyan_cooler,cyan_cooler,refurbished_furniture-forge-1.20.1-1.0.20.jar,True
refurbished_furniture,refurbished_furniture:cyan_grill,cyan_grill,refurbished_furniture-forge-1.20.1-1.0.20.jar,False
refurbished_furniture,refurbished_furniture:cyan_kitchen_cabinetry,cyan_kitchen_cabinetry,refurbished_furniture-forge-1.20.1-1.0.20.jar,True
refurbished_furniture,refurbished_furniture:cyan_kitchen_drawer,cyan_kitchen_drawer,refurbished_furniture-forge-1.20.1-1.0.20.jar,True
refurbished_furniture,refurbished_furniture:cyan_kitchen_sink,cyan_kitchen_sink,refurbished_furniture-forge-1.20.1-1.0.20.jar,False
refurbished_furniture,refurbished_furniture:cyan_kitchen_storage_cabinet,cyan_kitchen_storage_cabinet,refurbished_furniture-forge-1.20.1-1.0.20.jar,True
refurbished_furniture,refurbished_furniture:cyan_lamp,cyan_lamp,refurbished_furniture-forge-1.20.1-1.0.20.jar,False
refurbished_furniture,refurbished_furniture:cyan_sofa,cyan_sofa,refurbished_furniture-forge-1.20.1-1.0.20.jar,False
refurbished_furniture,refurbished_furniture:cyan_stool,cyan_stool,refurbished_furniture-forge-1.20.1-1.0.20.jar,False
refurbished_furniture,refurbished_furniture:cyan_toilet,cyan_toilet,refurbished_furniture-forge-1.20.1-1.0.20.jar,False
refurbished_furniture,refurbished_furniture:cyan_trampoline,cyan_trampoline,refurbished_furniture-forge-1.20.1-1.0.20.jar,False
refurbished_furniture,refurbished_furniture:dark_ceiling_light,dark_ceiling_light,refurbished_furniture-forge-1.20.1-1.0.20.jar,False
refurbished_furniture,refurbished_furniture:dark_electricity_generator,dark_electricity_generator,refurbished_furniture-forge-1.20.1-1.0.20.jar,False
refurbished_furniture,refurbished_furniture:dark_freezer,dark_freezer,refurbished_furniture-forge-1.20.1-1.0.20.jar,True
refurbished_furniture,refurbished_furniture:dark_fridge,dark_fridge,refurbished_furniture-forge-1.20.1-1.0.20.jar,True
refurbished_furniture,refurbished_furniture:dark_lightswitch,dark_lightswitch,refurbished_furniture-forge-1.20.1-1.0.20.jar,False
refurbished_furniture,refurbished_furniture:dark_microwave,dark_microwave,refurbished_furniture-forge-1.20.1-1.0.20.jar,False
refurbished_furniture,refurbished_furniture:dark_oak_basin,dark_oak_basin,refurbished_furniture-forge-1.20.1-1.0.20.jar,False
refurbished_furniture,refurbished_furniture:dark_oak_bath,dark_oak_bath,refurbished_furniture-forge-1.20.1-1.0.20.jar,False
refurbished_furniture,refurbished_furniture:dark_oak_chair,dark_oak_chair,refurbished_furniture-forge-1.20.1-1.0.20.jar,False
refurbished_furniture,refurbished_furniture:dark_oak_crate,dark_oak_crate,refurbished_furniture-forge-1.20.1-1.0.20.jar,True
refurbished_furniture,refurbished_furniture:dark_oak_cutting_board,dark_oak_cutting_board,refurbished_furniture-forge-1.20.1-1.0.20.jar,False
refurbished_furniture,refurbished_furniture:dark_oak_dark_ceiling_fan,dark_oak_dark_ceiling_fan,refurbished_furniture-forge-1.20.1-1.0.20.jar,False
refurbished_furniture,refurbished_furniture:dark_oak_desk,dark_oak_desk,refurbished_furniture-forge-1.20.1-1.0.20.jar,True
refurbished_furniture,refurbished_furniture:dark_oak_drawer,dark_oak_drawer,refurbished_furniture-forge-1.20.1-1.0.20.jar,True
refurbished_furniture,refurbished_furniture:dark_oak_hedge,dark_oak_hedge,refurbished_furniture-forge-1.20.1-1.0.20.jar,False
refurbished_furniture,refurbished_furniture:dark_oak_kitchen_cabinetry,dark_oak_kitchen_cabinetry,refurbished_furniture-forge-1.20.1-1.0.20.jar,True
refurbished_furniture,refurbished_furniture:dark_oak_kitchen_drawer,dark_oak_kitchen_drawer,refurbished_furniture-forge-1.20.1-1.0.20.jar,True
refurbished_furniture,refurbished_furniture:dark_oak_kitchen_sink,dark_oak_kitchen_sink,refurbished_furniture-forge-1.20.1-1.0.20.jar,False
refurbished_furniture,refurbished_furniture:dark_oak_kitchen_storage_cabinet,dark_oak_kitchen_storage_cabinet,refurbished_furniture-forge-1.20.1-1.0.20.jar,True
refurbished_furniture,refurbished_furniture:dark_oak_lattice_fence,dark_oak_lattice_fence,refurbished_furniture-forge-1.20.1-1.0.20.jar,False
refurbished_furniture,refurbished_furniture:dark_oak_lattice_fence_gate,dark_oak_lattice_fence_gate,refurbished_furniture-forge-1.20.1-1.0.20.jar,False
refurbished_furniture,refurbished_furniture:dark_oak_light_ceiling_fan,dark_oak_light_ceiling_fan,refurbished_furniture-forge-1.20.1-1.0.20.jar,False
refurbished_furniture,refurbished_furniture:dark_oak_mail_box,dark_oak_mail_box,refurbished_furniture-forge-1.20.1-1.0.20.jar,False
refurbished_furniture,refurbished_furniture:dark_oak_storage_cabinet,dark_oak_storage_cabinet,refurbished_furniture-forge-1.20.1-1.0.20.jar,True
refurbished_furniture,refurbished_furniture:dark_oak_storage_jar,dark_oak_storage_jar,refurbished_furniture-forge-1.20.1-1.0.20.jar,True
refurbished_furniture,refurbished_furniture:dark_oak_table,dark_oak_table,refurbished_furniture-forge-1.20.1-1.0.20.jar,True
refurbished_furniture,refurbished_furniture:dark_oak_toilet,dark_oak_toilet,refurbished_furniture-forge-1.20.1-1.0.20.jar,False
refurbished_furniture,refurbished_furniture:dark_range_hood,dark_range_hood,refurbished_furniture-forge-1.20.1-1.0.20.jar,False
refurbished_furniture,refurbished_furniture:dark_stove,dark_stove,refurbished_furniture-forge-1.20.1-1.0.20.jar,False
refurbished_furniture,refurbished_furniture:dark_toaster,dark_toaster,refurbished_furniture-forge-1.20.1-1.0.20.jar,False
refurbished_furniture,refurbished_furniture:deepslate_stepping_stones,deepslate_stepping_stones,refurbished_furniture-forge-1.20.1-1.0.20.jar,False
refurbished_furniture,refurbished_furniture:diorite_stepping_stones,diorite_stepping_stones,refurbished_furniture-forge-1.20.1-1.0.20.jar,False
refurbished_furniture,refurbished_furniture:door_mat,door_mat,refurbished_furniture-forge-1.20.1-1.0.20.jar,False
refurbished_furniture,refurbished_furniture:doorbell,doorbell,refurbished_furniture-forge-1.20.1-1.0.20.jar,False
refurbished_furniture,refurbished_furniture:frying_pan,frying_pan,refurbished_furniture-forge-1.20.1-1.0.20.jar,False
refurbished_furniture,refurbished_furniture:granite_stepping_stones,granite_stepping_stones,refurbished_furniture-forge-1.20.1-1.0.20.jar,False
refurbished_furniture,refurbished_furniture:gray_basin,gray_basin,refurbished_furniture-forge-1.20.1-1.0.20.jar,False
refurbished_furniture,refurbished_furniture:gray_bath,gray_bath,refurbished_furniture-forge-1.20.1-1.0.20.jar,False
refurbished_furniture,refurbished_furniture:gray_cooler,gray_cooler,refurbished_furniture-forge-1.20.1-1.0.20.jar,True
refurbished_furniture,refurbished_furniture:gray_grill,gray_grill,refurbished_furniture-forge-1.20.1-1.0.20.jar,False
refurbished_furniture,refurbished_furniture:gray_kitchen_cabinetry,gray_kitchen_cabinetry,refurbished_furniture-forge-1.20.1-1.0.20.jar,True
refurbished_furniture,refurbished_furniture:gray_kitchen_drawer,gray_kitchen_drawer,refurbished_furniture-forge-1.20.1-1.0.20.jar,True
refurbished_furniture,refurbished_furniture:gray_kitchen_sink,gray_kitchen_sink,refurbished_furniture-forge-1.20.1-1.0.20.jar,False
refurbished_furniture,refurbished_furniture:gray_kitchen_storage_cabinet,gray_kitchen_storage_cabinet,refurbished_furniture-forge-1.20.1-1.0.20.jar,True
refurbished_furniture,refurbished_furniture:gray_lamp,gray_lamp,refurbished_furniture-forge-1.20.1-1.0.20.jar,False
refurbished_furniture,refurbished_furniture:gray_sofa,gray_sofa,refurbished_furniture-forge-1.20.1-1.0.20.jar,False
refurbished_furniture,refurbished_furniture:gray_stool,gray_stool,refurbished_furniture-forge-1.20.1-1.0.20.jar,False
refurbished_furniture,refurbished_furniture:gray_toilet,gray_toilet,refurbished_furniture-forge-1.20.1-1.0.20.jar,False
refurbished_furniture,refurbished_furniture:gray_trampoline,gray_trampoline,refurbished_furniture-forge-1.20.1-1.0.20.jar,False
refurbished_furniture,refurbished_furniture:green_basin,green_basin,refurbished_furniture-forge-1.20.1-1.0.20.jar,False
refurbished_furniture,refurbished_furniture:green_bath,green_bath,refurbished_furniture-forge-1.20.1-1.0.20.jar,False
refurbished_furniture,refurbished_furniture:green_cooler,green_cooler,refurbished_furniture-forge-1.20.1-1.0.20.jar,True
refurbished_furniture,refurbished_furniture:green_grill,green_grill,refurbished_furniture-forge-1.20.1-1.0.20.jar,False
refurbished_furniture,refurbished_furniture:green_kitchen_cabinetry,green_kitchen_cabinetry,refurbished_furniture-forge-1.20.1-1.0.20.jar,True
refurbished_furniture,refurbished_furniture:green_kitchen_drawer,green_kitchen_drawer,refurbished_furniture-forge-1.20.1-1.0.20.jar,True
refurbished_furniture,refurbished_furniture:green_kitchen_sink,green_kitchen_sink,refurbished_furniture-forge-1.20.1-1.0.20.jar,False
refurbished_furniture,refurbished_furniture:green_kitchen_storage_cabinet,green_kitchen_storage_cabinet,refurbished_furniture-forge-1.20.1-1.0.20.jar,True
refurbished_furniture,refurbished_furniture:green_lamp,green_lamp,refurbished_furniture-forge-1.20.1-1.0.20.jar,False
refurbished_furniture,refurbished_furniture:green_sofa,green_sofa,refurbished_furniture-forge-1.20.1-1.0.20.jar,False
refurbished_furniture,refurbished_furniture:green_stool,green_stool,refurbished_furniture-forge-1.20.1-1.0.20.jar,False
refurbished_furniture,refurbished_furniture:green_toilet,green_toilet,refurbished_furniture-forge-1.20.1-1.0.20.jar,False
refurbished_furniture,refurbished_furniture:green_trampoline,green_trampoline,refurbished_furniture-forge-1.20.1-1.0.20.jar,False
refurbished_furniture,refurbished_furniture:jungle_basin,jungle_basin,refurbished_furniture-forge-1.20.1-1.0.20.jar,False
refurbished_furniture,refurbished_furniture:jungle_bath,jungle_bath,refurbished_furniture-forge-1.20.1-1.0.20.jar,False
refurbished_furniture,refurbished_furniture:jungle_chair,jungle_chair,refurbished_furniture-forge-1.20.1-1.0.20.jar,False
refurbished_furniture,refurbished_furniture:jungle_crate,jungle_crate,refurbished_furniture-forge-1.20.1-1.0.20.jar,True
refurbished_furniture,refurbished_furniture:jungle_cutting_board,jungle_cutting_board,refurbished_furniture-forge-1.20.1-1.0.20.jar,False
refurbished_furniture,refurbished_furniture:jungle_dark_ceiling_fan,jungle_dark_ceiling_fan,refurbished_furniture-forge-1.20.1-1.0.20.jar,False
refurbished_furniture,refurbished_furniture:jungle_desk,jungle_desk,refurbished_furniture-forge-1.20.1-1.0.20.jar,True
refurbished_furniture,refurbished_furniture:jungle_drawer,jungle_drawer,refurbished_furniture-forge-1.20.1-1.0.20.jar,True
refurbished_furniture,refurbished_furniture:jungle_hedge,jungle_hedge,refurbished_furniture-forge-1.20.1-1.0.20.jar,False
refurbished_furniture,refurbished_furniture:jungle_kitchen_cabinetry,jungle_kitchen_cabinetry,refurbished_furniture-forge-1.20.1-1.0.20.jar,True
refurbished_furniture,refurbished_furniture:jungle_kitchen_drawer,jungle_kitchen_drawer,refurbished_furniture-forge-1.20.1-1.0.20.jar,True
refurbished_furniture,refurbished_furniture:jungle_kitchen_sink,jungle_kitchen_sink,refurbished_furniture-forge-1.20.1-1.0.20.jar,False
refurbished_furniture,refurbished_furniture:jungle_kitchen_storage_cabinet,jungle_kitchen_storage_cabinet,refurbished_furniture-forge-1.20.1-1.0.20.jar,True
refurbished_furniture,refurbished_furniture:jungle_lattice_fence,jungle_lattice_fence,refurbished_furniture-forge-1.20.1-1.0.20.jar,False
refurbished_furniture,refurbished_furniture:jungle_lattice_fence_gate,jungle_lattice_fence_gate,refurbished_furniture-forge-1.20.1-1.0.20.jar,False
refurbished_furniture,refurbished_furniture:jungle_light_ceiling_fan,jungle_light_ceiling_fan,refurbished_furniture-forge-1.20.1-1.0.20.jar,False
refurbished_furniture,refurbished_furniture:jungle_mail_box,jungle_mail_box,refurbished_furniture-forge-1.20.1-1.0.20.jar,False
refurbished_furniture,refurbished_furniture:jungle_storage_cabinet,jungle_storage_cabinet,refurbished_furniture-forge-1.20.1-1.0.20.jar,True
refurbished_furniture,refurbished_furniture:jungle_storage_jar,jungle_storage_jar,refurbished_furniture-forge-1.20.1-1.0.20.jar,True
refurbished_furniture,refurbished_furniture:jungle_table,jungle_table,refurbished_furniture-forge-1.20.1-1.0.20.jar,True
refurbished_furniture,refurbished_furniture:jungle_toilet,jungle_toilet,refurbished_furniture-forge-1.20.1-1.0.20.jar,False
refurbished_furniture,refurbished_furniture:light_blue_basin,light_blue_basin,refurbished_furniture-forge-1.20.1-1.0.20.jar,False
refurbished_furniture,refurbished_furniture:light_blue_bath,light_blue_bath,refurbished_furniture-forge-1.20.1-1.0.20.jar,False
refurbished_furniture,refurbished_furniture:light_blue_cooler,light_blue_cooler,refurbished_furniture-forge-1.20.1-1.0.20.jar,True
refurbished_furniture,refurbished_furniture:light_blue_grill,light_blue_grill,refurbished_furniture-forge-1.20.1-1.0.20.jar,False
refurbished_furniture,refurbished_furniture:light_blue_kitchen_cabinetry,light_blue_kitchen_cabinetry,refurbished_furniture-forge-1.20.1-1.0.20.jar,True
refurbished_furniture,refurbished_furniture:light_blue_kitchen_drawer,light_blue_kitchen_drawer,refurbished_furniture-forge-1.20.1-1.0.20.jar,True
refurbished_furniture,refurbished_furniture:light_blue_kitchen_sink,light_blue_kitchen_sink,refurbished_furniture-forge-1.20.1-1.0.20.jar,False
refurbished_furniture,refurbished_furniture:light_blue_kitchen_storage_cabinet,light_blue_kitchen_storage_cabinet,refurbished_furniture-forge-1.20.1-1.0.20.jar,True
refurbished_furniture,refurbished_furniture:light_blue_lamp,light_blue_lamp,refurbished_furniture-forge-1.20.1-1.0.20.jar,False
refurbished_furniture,refurbished_furniture:light_blue_sofa,light_blue_sofa,refurbished_furniture-forge-1.20.1-1.0.20.jar,False
refurbished_furniture,refurbished_furniture:light_blue_stool,light_blue_stool,refurbished_furniture-forge-1.20.1-1.0.20.jar,False
refurbished_furniture,refurbished_furniture:light_blue_toilet,light_blue_toilet,refurbished_furniture-forge-1.20.1-1.0.20.jar,False
refurbished_furniture,refurbished_furniture:light_blue_trampoline,light_blue_trampoline,refurbished_furniture-forge-1.20.1-1.0.20.jar,False
refurbished_furniture,refurbished_furniture:light_ceiling_light,light_ceiling_light,refurbished_furniture-forge-1.20.1-1.0.20.jar,False
refurbished_furniture,refurbished_furniture:light_electricity_generator,light_electricity_generator,refurbished_furniture-forge-1.20.1-1.0.20.jar,False
refurbished_furniture,refurbished_furniture:light_freezer,light_freezer,refurbished_furniture-forge-1.20.1-1.0.20.jar,True
refurbished_furniture,refurbished_furniture:light_fridge,light_fridge,refurbished_furniture-forge-1.20.1-1.0.20.jar,True
refurbished_furniture,refurbished_furniture:light_gray_basin,light_gray_basin,refurbished_furniture-forge-1.20.1-1.0.20.jar,False
refurbished_furniture,refurbished_furniture:light_gray_bath,light_gray_bath,refurbished_furniture-forge-1.20.1-1.0.20.jar,False
refurbished_furniture,refurbished_furniture:light_gray_cooler,light_gray_cooler,refurbished_furniture-forge-1.20.1-1.0.20.jar,True
refurbished_furniture,refurbished_furniture:light_gray_grill,light_gray_grill,refurbished_furniture-forge-1.20.1-1.0.20.jar,False
refurbished_furniture,refurbished_furniture:light_gray_kitchen_cabinetry,light_gray_kitchen_cabinetry,refurbished_furniture-forge-1.20.1-1.0.20.jar,True
refurbished_furniture,refurbished_furniture:light_gray_kitchen_drawer,light_gray_kitchen_drawer,refurbished_furniture-forge-1.20.1-1.0.20.jar,True
refurbished_furniture,refurbished_furniture:light_gray_kitchen_sink,light_gray_kitchen_sink,refurbished_furniture-forge-1.20.1-1.0.20.jar,False
refurbished_furniture,refurbished_furniture:light_gray_kitchen_storage_cabinet,light_gray_kitchen_storage_cabinet,refurbished_furniture-forge-1.20.1-1.0.20.jar,True
refurbished_furniture,refurbished_furniture:light_gray_lamp,light_gray_lamp,refurbished_furniture-forge-1.20.1-1.0.20.jar,False
refurbished_furniture,refurbished_furniture:light_gray_sofa,light_gray_sofa,refurbished_furniture-forge-1.20.1-1.0.20.jar,False
refurbished_furniture,refurbished_furniture:light_gray_stool,light_gray_stool,refurbished_furniture-forge-1.20.1-1.0.20.jar,False
refurbished_furniture,refurbished_furniture:light_gray_toilet,light_gray_toilet,refurbished_furniture-forge-1.20.1-1.0.20.jar,False
refurbished_furniture,refurbished_furniture:light_gray_trampoline,light_gray_trampoline,refurbished_furniture-forge-1.20.1-1.0.20.jar,False
refurbished_furniture,refurbished_furniture:light_lightswitch,light_lightswitch,refurbished_furniture-forge-1.20.1-1.0.20.jar,False
refurbished_furniture,refurbished_furniture:light_microwave,light_microwave,refurbished_furniture-forge-1.20.1-1.0.20.jar,False
refurbished_furniture,refurbished_furniture:light_range_hood,light_range_hood,refurbished_furniture-forge-1.20.1-1.0.20.jar,False
refurbished_furniture,refurbished_furniture:light_stove,light_stove,refurbished_furniture-forge-1.20.1-1.0.20.jar,False
refurbished_furniture,refurbished_furniture:light_toaster,light_toaster,refurbished_furniture-forge-1.20.1-1.0.20.jar,False
refurbished_furniture,refurbished_furniture:lime_basin,lime_basin,refurbished_furniture-forge-1.20.1-1.0.20.jar,False
refurbished_furniture,refurbished_furniture:lime_bath,lime_bath,refurbished_furniture-forge-1.20.1-1.0.20.jar,False
refurbished_furniture,refurbished_furniture:lime_cooler,lime_cooler,refurbished_furniture-forge-1.20.1-1.0.20.jar,True
refurbished_furniture,refurbished_furniture:lime_grill,lime_grill,refurbished_furniture-forge-1.20.1-1.0.20.jar,False
refurbished_furniture,refurbished_furniture:lime_kitchen_cabinetry,lime_kitchen_cabinetry,refurbished_furniture-forge-1.20.1-1.0.20.jar,True
refurbished_furniture,refurbished_furniture:lime_kitchen_drawer,lime_kitchen_drawer,refurbished_furniture-forge-1.20.1-1.0.20.jar,True
refurbished_furniture,refurbished_furniture:lime_kitchen_sink,lime_kitchen_sink,refurbished_furniture-forge-1.20.1-1.0.20.jar,False
refurbished_furniture,refurbished_furniture:lime_kitchen_storage_cabinet,lime_kitchen_storage_cabinet,refurbished_furniture-forge-1.20.1-1.0.20.jar,True
refurbished_furniture,refurbished_furniture:lime_lamp,lime_lamp,refurbished_furniture-forge-1.20.1-1.0.20.jar,False
refurbished_furniture,refurbished_furniture:lime_sofa,lime_sofa,refurbished_furniture-forge-1.20.1-1.0.20.jar,False
refurbished_furniture,refurbished_furniture:lime_stool,lime_stool,refurbished_furniture-forge-1.20.1-1.0.20.jar,False
refurbished_furniture,refurbished_furniture:lime_toilet,lime_toilet,refurbished_furniture-forge-1.20.1-1.0.20.jar,False
refurbished_furniture,refurbished_furniture:lime_trampoline,lime_trampoline,refurbished_furniture-forge-1.20.1-1.0.20.jar,False
refurbished_furniture,refurbished_furniture:magenta_basin,magenta_basin,refurbished_furniture-forge-1.20.1-1.0.20.jar,False
refurbished_furniture,refurbished_furniture:magenta_bath,magenta_bath,refurbished_furniture-forge-1.20.1-1.0.20.jar,False
refurbished_furniture,refurbished_furniture:magenta_cooler,magenta_cooler,refurbished_furniture-forge-1.20.1-1.0.20.jar,True
refurbished_furniture,refurbished_furniture:magenta_grill,magenta_grill,refurbished_furniture-forge-1.20.1-1.0.20.jar,False
refurbished_furniture,refurbished_furniture:magenta_kitchen_cabinetry,magenta_kitchen_cabinetry,refurbished_furniture-forge-1.20.1-1.0.20.jar,True
refurbished_furniture,refurbished_furniture:magenta_kitchen_drawer,magenta_kitchen_drawer,refurbished_furniture-forge-1.20.1-1.0.20.jar,True
refurbished_furniture,refurbished_furniture:magenta_kitchen_sink,magenta_kitchen_sink,refurbished_furniture-forge-1.20.1-1.0.20.jar,False
refurbished_furniture,refurbished_furniture:magenta_kitchen_storage_cabinet,magenta_kitchen_storage_cabinet,refurbished_furniture-forge-1.20.1-1.0.20.jar,True
refurbished_furniture,refurbished_furniture:magenta_lamp,magenta_lamp,refurbished_furniture-forge-1.20.1-1.0.20.jar,False
refurbished_furniture,refurbished_furniture:magenta_sofa,magenta_sofa,refurbished_furniture-forge-1.20.1-1.0.20.jar,False
refurbished_furniture,refurbished_furniture:magenta_stool,magenta_stool,refurbished_furniture-forge-1.20.1-1.0.20.jar,False
refurbished_furniture,refurbished_furniture:magenta_toilet,magenta_toilet,refurbished_furniture-forge-1.20.1-1.0.20.jar,False
refurbished_furniture,refurbished_furniture:magenta_trampoline,magenta_trampoline,refurbished_furniture-forge-1.20.1-1.0.20.jar,False
refurbished_furniture,refurbished_furniture:mangrove_basin,mangrove_basin,refurbished_furniture-forge-1.20.1-1.0.20.jar,False
refurbished_furniture,refurbished_furniture:mangrove_bath,mangrove_bath,refurbished_furniture-forge-1.20.1-1.0.20.jar,False
refurbished_furniture,refurbished_furniture:mangrove_chair,mangrove_chair,refurbished_furniture-forge-1.20.1-1.0.20.jar,False
refurbished_furniture,refurbished_furniture:mangrove_crate,mangrove_crate,refurbished_furniture-forge-1.20.1-1.0.20.jar,True
refurbished_furniture,refurbished_furniture:mangrove_cutting_board,mangrove_cutting_board,refurbished_furniture-forge-1.20.1-1.0.20.jar,False
refurbished_furniture,refurbished_furniture:mangrove_dark_ceiling_fan,mangrove_dark_ceiling_fan,refurbished_furniture-forge-1.20.1-1.0.20.jar,False
refurbished_furniture,refurbished_furniture:mangrove_desk,mangrove_desk,refurbished_furniture-forge-1.20.1-1.0.20.jar,True
refurbished_furniture,refurbished_furniture:mangrove_drawer,mangrove_drawer,refurbished_furniture-forge-1.20.1-1.0.20.jar,True
refurbished_furniture,refurbished_furniture:mangrove_hedge,mangrove_hedge,refurbished_furniture-forge-1.20.1-1.0.20.jar,False
refurbished_furniture,refurbished_furniture:mangrove_kitchen_cabinetry,mangrove_kitchen_cabinetry,refurbished_furniture-forge-1.20.1-1.0.20.jar,True
refurbished_furniture,refurbished_furniture:mangrove_kitchen_drawer,mangrove_kitchen_drawer,refurbished_furniture-forge-1.20.1-1.0.20.jar,True
refurbished_furniture,refurbished_furniture:mangrove_kitchen_sink,mangrove_kitchen_sink,refurbished_furniture-forge-1.20.1-1.0.20.jar,False
refurbished_furniture,refurbished_furniture:mangrove_kitchen_storage_cabinet,mangrove_kitchen_storage_cabinet,refurbished_furniture-forge-1.20.1-1.0.20.jar,True
refurbished_furniture,refurbished_furniture:mangrove_lattice_fence,mangrove_lattice_fence,refurbished_furniture-forge-1.20.1-1.0.20.jar,False
refurbished_furniture,refurbished_furniture:mangrove_lattice_fence_gate,mangrove_lattice_fence_gate,refurbished_furniture-forge-1.20.1-1.0.20.jar,False
refurbished_furniture,refurbished_furniture:mangrove_light_ceiling_fan,mangrove_light_ceiling_fan,refurbished_furniture-forge-1.20.1-1.0.20.jar,False
refurbished_furniture,refurbished_furniture:mangrove_mail_box,mangrove_mail_box,refurbished_furniture-forge-1.20.1-1.0.20.jar,False
refurbished_furniture,refurbished_furniture:mangrove_storage_cabinet,mangrove_storage_cabinet,refurbished_furniture-forge-1.20.1-1.0.20.jar,True
refurbished_furniture,refurbished_furniture:mangrove_storage_jar,mangrove_storage_jar,refurbished_furniture-forge-1.20.1-1.0.20.jar,True
refurbished_furniture,refurbished_furniture:mangrove_table,mangrove_table,refurbished_furniture-forge-1.20.1-1.0.20.jar,True
refurbished_furniture,refurbished_furniture:mangrove_toilet,mangrove_toilet,refurbished_furniture-forge-1.20.1-1.0.20.jar,False
refurbished_furniture,refurbished_furniture:oak_basin,oak_basin,refurbished_furniture-forge-1.20.1-1.0.20.jar,False
refurbished_furniture,refurbished_furniture:oak_bath,oak_bath,refurbished_furniture-forge-1.20.1-1.0.20.jar,False
refurbished_furniture,refurbished_furniture:oak_chair,oak_chair,refurbished_furniture-forge-1.20.1-1.0.20.jar,False
refurbished_furniture,refurbished_furniture:oak_crate,oak_crate,refurbished_furniture-forge-1.20.1-1.0.20.jar,True
refurbished_furniture,refurbished_furniture:oak_cutting_board,oak_cutting_board,refurbished_furniture-forge-1.20.1-1.0.20.jar,False
refurbished_furniture,refurbished_furniture:oak_dark_ceiling_fan,oak_dark_ceiling_fan,refurbished_furniture-forge-1.20.1-1.0.20.jar,False
refurbished_furniture,refurbished_furniture:oak_desk,oak_desk,refurbished_furniture-forge-1.20.1-1.0.20.jar,True
refurbished_furniture,refurbished_furniture:oak_drawer,oak_drawer,refurbished_furniture-forge-1.20.1-1.0.20.jar,True
refurbished_furniture,refurbished_furniture:oak_hedge,oak_hedge,refurbished_furniture-forge-1.20.1-1.0.20.jar,False
refurbished_furniture,refurbished_furniture:oak_kitchen_cabinetry,oak_kitchen_cabinetry,refurbished_furniture-forge-1.20.1-1.0.20.jar,True
refurbished_furniture,refurbished_furniture:oak_kitchen_drawer,oak_kitchen_drawer,refurbished_furniture-forge-1.20.1-1.0.20.jar,True
refurbished_furniture,refurbished_furniture:oak_kitchen_sink,oak_kitchen_sink,refurbished_furniture-forge-1.20.1-1.0.20.jar,False
refurbished_furniture,refurbished_furniture:oak_kitchen_storage_cabinet,oak_kitchen_storage_cabinet,refurbished_furniture-forge-1.20.1-1.0.20.jar,True
refurbished_furniture,refurbished_furniture:oak_lattice_fence,oak_lattice_fence,refurbished_furniture-forge-1.20.1-1.0.20.jar,False
refurbished_furniture,refurbished_furniture:oak_lattice_fence_gate,oak_lattice_fence_gate,refurbished_furniture-forge-1.20.1-1.0.20.jar,False
refurbished_furniture,refurbished_furniture:oak_light_ceiling_fan,oak_light_ceiling_fan,refurbished_furniture-forge-1.20.1-1.0.20.jar,False
refurbished_furniture,refurbished_furniture:oak_mail_box,oak_mail_box,refurbished_furniture-forge-1.20.1-1.0.20.jar,False
refurbished_furniture,refurbished_furniture:oak_storage_cabinet,oak_storage_cabinet,refurbished_furniture-forge-1.20.1-1.0.20.jar,True
refurbished_furniture,refurbished_furniture:oak_storage_jar,oak_storage_jar,refurbished_furniture-forge-1.20.1-1.0.20.jar,True
refurbished_furniture,refurbished_furniture:oak_table,oak_table,refurbished_furniture-forge-1.20.1-1.0.20.jar,True
refurbished_furniture,refurbished_furniture:oak_toilet,oak_toilet,refurbished_furniture-forge-1.20.1-1.0.20.jar,False
refurbished_furniture,refurbished_furniture:orange_basin,orange_basin,refurbished_furniture-forge-1.20.1-1.0.20.jar,False
refurbished_furniture,refurbished_furniture:orange_bath,orange_bath,refurbished_furniture-forge-1.20.1-1.0.20.jar,False
refurbished_furniture,refurbished_furniture:orange_cooler,orange_cooler,refurbished_furniture-forge-1.20.1-1.0.20.jar,True
refurbished_furniture,refurbished_furniture:orange_grill,orange_grill,refurbished_furniture-forge-1.20.1-1.0.20.jar,False
refurbished_furniture,refurbished_furniture:orange_kitchen_cabinetry,orange_kitchen_cabinetry,refurbished_furniture-forge-1.20.1-1.0.20.jar,True
refurbished_furniture,refurbished_furniture:orange_kitchen_drawer,orange_kitchen_drawer,refurbished_furniture-forge-1.20.1-1.0.20.jar,True
refurbished_furniture,refurbished_furniture:orange_kitchen_sink,orange_kitchen_sink,refurbished_furniture-forge-1.20.1-1.0.20.jar,False
refurbished_furniture,refurbished_furniture:orange_kitchen_storage_cabinet,orange_kitchen_storage_cabinet,refurbished_furniture-forge-1.20.1-1.0.20.jar,True
refurbished_furniture,refurbished_furniture:orange_lamp,orange_lamp,refurbished_furniture-forge-1.20.1-1.0.20.jar,False
refurbished_furniture,refurbished_furniture:orange_sofa,orange_sofa,refurbished_furniture-forge-1.20.1-1.0.20.jar,False
refurbished_furniture,refurbished_furniture:orange_stool,orange_stool,refurbished_furniture-forge-1.20.1-1.0.20.jar,False
refurbished_furniture,refurbished_furniture:orange_toilet,orange_toilet,refurbished_furniture-forge-1.20.1-1.0.20.jar,False
refurbished_furniture,refurbished_furniture:orange_trampoline,orange_trampoline,refurbished_furniture-forge-1.20.1-1.0.20.jar,False
refurbished_furniture,refurbished_furniture:pink_basin,pink_basin,refurbished_furniture-forge-1.20.1-1.0.20.jar,False
refurbished_furniture,refurbished_furniture:pink_bath,pink_bath,refurbished_furniture-forge-1.20.1-1.0.20.jar,False
refurbished_furniture,refurbished_furniture:pink_cooler,pink_cooler,refurbished_furniture-forge-1.20.1-1.0.20.jar,True
refurbished_furniture,refurbished_furniture:pink_grill,pink_grill,refurbished_furniture-forge-1.20.1-1.0.20.jar,False
refurbished_furniture,refurbished_furniture:pink_kitchen_cabinetry,pink_kitchen_cabinetry,refurbished_furniture-forge-1.20.1-1.0.20.jar,True
refurbished_furniture,refurbished_furniture:pink_kitchen_drawer,pink_kitchen_drawer,refurbished_furniture-forge-1.20.1-1.0.20.jar,True
refurbished_furniture,refurbished_furniture:pink_kitchen_sink,pink_kitchen_sink,refurbished_furniture-forge-1.20.1-1.0.20.jar,False
refurbished_furniture,refurbished_furniture:pink_kitchen_storage_cabinet,pink_kitchen_storage_cabinet,refurbished_furniture-forge-1.20.1-1.0.20.jar,True
refurbished_furniture,refurbished_furniture:pink_lamp,pink_lamp,refurbished_furniture-forge-1.20.1-1.0.20.jar,False
refurbished_furniture,refurbished_furniture:pink_sofa,pink_sofa,refurbished_furniture-forge-1.20.1-1.0.20.jar,False
refurbished_furniture,refurbished_furniture:pink_stool,pink_stool,refurbished_furniture-forge-1.20.1-1.0.20.jar,False
refurbished_furniture,refurbished_furniture:pink_toilet,pink_toilet,refurbished_furniture-forge-1.20.1-1.0.20.jar,False
refurbished_furniture,refurbished_furniture:pink_trampoline,pink_trampoline,refurbished_furniture-forge-1.20.1-1.0.20.jar,False
refurbished_furniture,refurbished_furniture:plate,plate,refurbished_furniture-forge-1.20.1-1.0.20.jar,False
refurbished_furniture,refurbished_furniture:post_box,post_box,refurbished_furniture-forge-1.20.1-1.0.20.jar,False
refurbished_furniture,refurbished_furniture:purple_basin,purple_basin,refurbished_furniture-forge-1.20.1-1.0.20.jar,False
refurbished_furniture,refurbished_furniture:purple_bath,purple_bath,refurbished_furniture-forge-1.20.1-1.0.20.jar,False
refurbished_furniture,refurbished_furniture:purple_cooler,purple_cooler,refurbished_furniture-forge-1.20.1-1.0.20.jar,True
refurbished_furniture,refurbished_furniture:purple_grill,purple_grill,refurbished_furniture-forge-1.20.1-1.0.20.jar,False
refurbished_furniture,refurbished_furniture:purple_kitchen_cabinetry,purple_kitchen_cabinetry,refurbished_furniture-forge-1.20.1-1.0.20.jar,True
refurbished_furniture,refurbished_furniture:purple_kitchen_drawer,purple_kitchen_drawer,refurbished_furniture-forge-1.20.1-1.0.20.jar,True
refurbished_furniture,refurbished_furniture:purple_kitchen_sink,purple_kitchen_sink,refurbished_furniture-forge-1.20.1-1.0.20.jar,False
refurbished_furniture,refurbished_furniture:purple_kitchen_storage_cabinet,purple_kitchen_storage_cabinet,refurbished_furniture-forge-1.20.1-1.0.20.jar,True
refurbished_furniture,refurbished_furniture:purple_lamp,purple_lamp,refurbished_furniture-forge-1.20.1-1.0.20.jar,False
refurbished_furniture,refurbished_furniture:purple_sofa,purple_sofa,refurbished_furniture-forge-1.20.1-1.0.20.jar,False
refurbished_furniture,refurbished_furniture:purple_stool,purple_stool,refurbished_furniture-forge-1.20.1-1.0.20.jar,False
refurbished_furniture,refurbished_furniture:purple_toilet,purple_toilet,refurbished_furniture-forge-1.20.1-1.0.20.jar,False
refurbished_furniture,refurbished_furniture:purple_trampoline,purple_trampoline,refurbished_furniture-forge-1.20.1-1.0.20.jar,False
refurbished_furniture,refurbished_furniture:recycle_bin,recycle_bin,refurbished_furniture-forge-1.20.1-1.0.20.jar,False
refurbished_furniture,refurbished_furniture:red_basin,red_basin,refurbished_furniture-forge-1.20.1-1.0.20.jar,False
refurbished_furniture,refurbished_furniture:red_bath,red_bath,refurbished_furniture-forge-1.20.1-1.0.20.jar,False
refurbished_furniture,refurbished_furniture:red_cooler,red_cooler,refurbished_furniture-forge-1.20.1-1.0.20.jar,True
refurbished_furniture,refurbished_furniture:red_grill,red_grill,refurbished_furniture-forge-1.20.1-1.0.20.jar,False
refurbished_furniture,refurbished_furniture:red_kitchen_cabinetry,red_kitchen_cabinetry,refurbished_furniture-forge-1.20.1-1.0.20.jar,True
refurbished_furniture,refurbished_furniture:red_kitchen_drawer,red_kitchen_drawer,refurbished_furniture-forge-1.20.1-1.0.20.jar,True
refurbished_furniture,refurbished_furniture:red_kitchen_sink,red_kitchen_sink,refurbished_furniture-forge-1.20.1-1.0.20.jar,False
refurbished_furniture,refurbished_furniture:red_kitchen_storage_cabinet,red_kitchen_storage_cabinet,refurbished_furniture-forge-1.20.1-1.0.20.jar,True
refurbished_furniture,refurbished_furniture:red_lamp,red_lamp,refurbished_furniture-forge-1.20.1-1.0.20.jar,False
refurbished_furniture,refurbished_furniture:red_sofa,red_sofa,refurbished_furniture-forge-1.20.1-1.0.20.jar,False
refurbished_furniture,refurbished_furniture:red_stool,red_stool,refurbished_furniture-forge-1.20.1-1.0.20.jar,False
refurbished_furniture,refurbished_furniture:red_toilet,red_toilet,refurbished_furniture-forge-1.20.1-1.0.20.jar,False
refurbished_furniture,refurbished_furniture:red_trampoline,red_trampoline,refurbished_furniture-forge-1.20.1-1.0.20.jar,False
refurbished_furniture,refurbished_furniture:spruce_basin,spruce_basin,refurbished_furniture-forge-1.20.1-1.0.20.jar,False
refurbished_furniture,refurbished_furniture:spruce_bath,spruce_bath,refurbished_furniture-forge-1.20.1-1.0.20.jar,False
refurbished_furniture,refurbished_furniture:spruce_chair,spruce_chair,refurbished_furniture-forge-1.20.1-1.0.20.jar,False
refurbished_furniture,refurbished_furniture:spruce_crate,spruce_crate,refurbished_furniture-forge-1.20.1-1.0.20.jar,True
refurbished_furniture,refurbished_furniture:spruce_cutting_board,spruce_cutting_board,refurbished_furniture-forge-1.20.1-1.0.20.jar,False
refurbished_furniture,refurbished_furniture:spruce_dark_ceiling_fan,spruce_dark_ceiling_fan,refurbished_furniture-forge-1.20.1-1.0.20.jar,False
refurbished_furniture,refurbished_furniture:spruce_desk,spruce_desk,refurbished_furniture-forge-1.20.1-1.0.20.jar,True
refurbished_furniture,refurbished_furniture:spruce_drawer,spruce_drawer,refurbished_furniture-forge-1.20.1-1.0.20.jar,True
refurbished_furniture,refurbished_furniture:spruce_hedge,spruce_hedge,refurbished_furniture-forge-1.20.1-1.0.20.jar,False
refurbished_furniture,refurbished_furniture:spruce_kitchen_cabinetry,spruce_kitchen_cabinetry,refurbished_furniture-forge-1.20.1-1.0.20.jar,True
refurbished_furniture,refurbished_furniture:spruce_kitchen_drawer,spruce_kitchen_drawer,refurbished_furniture-forge-1.20.1-1.0.20.jar,True
refurbished_furniture,refurbished_furniture:spruce_kitchen_sink,spruce_kitchen_sink,refurbished_furniture-forge-1.20.1-1.0.20.jar,False
refurbished_furniture,refurbished_furniture:spruce_kitchen_storage_cabinet,spruce_kitchen_storage_cabinet,refurbished_furniture-forge-1.20.1-1.0.20.jar,True
refurbished_furniture,refurbished_furniture:spruce_lattice_fence,spruce_lattice_fence,refurbished_furniture-forge-1.20.1-1.0.20.jar,False
refurbished_furniture,refurbished_furniture:spruce_lattice_fence_gate,spruce_lattice_fence_gate,refurbished_furniture-forge-1.20.1-1.0.20.jar,False
refurbished_furniture,refurbished_furniture:spruce_light_ceiling_fan,spruce_light_ceiling_fan,refurbished_furniture-forge-1.20.1-1.0.20.jar,False
refurbished_furniture,refurbished_furniture:spruce_mail_box,spruce_mail_box,refurbished_furniture-forge-1.20.1-1.0.20.jar,False
refurbished_furniture,refurbished_furniture:spruce_storage_cabinet,spruce_storage_cabinet,refurbished_furniture-forge-1.20.1-1.0.20.jar,True
refurbished_furniture,refurbished_furniture:spruce_storage_jar,spruce_storage_jar,refurbished_furniture-forge-1.20.1-1.0.20.jar,True
refurbished_furniture,refurbished_furniture:spruce_table,spruce_table,refurbished_furniture-forge-1.20.1-1.0.20.jar,True
refurbished_furniture,refurbished_furniture:spruce_toilet,spruce_toilet,refurbished_furniture-forge-1.20.1-1.0.20.jar,False
refurbished_furniture,refurbished_furniture:stone_stepping_stones,stone_stepping_stones,refurbished_furniture-forge-1.20.1-1.0.20.jar,False
refurbished_furniture,refurbished_furniture:television,television,refurbished_furniture-forge-1.20.1-1.0.20.jar,False
refurbished_furniture,refurbished_furniture:warped_basin,warped_basin,refurbished_furniture-forge-1.20.1-1.0.20.jar,False
refurbished_furniture,refurbished_furniture:warped_bath,warped_bath,refurbished_furniture-forge-1.20.1-1.0.20.jar,False
refurbished_furniture,refurbished_furniture:warped_chair,warped_chair,refurbished_furniture-forge-1.20.1-1.0.20.jar,False
refurbished_furniture,refurbished_furniture:warped_crate,warped_crate,refurbished_furniture-forge-1.20.1-1.0.20.jar,True
refurbished_furniture,refurbished_furniture:warped_cutting_board,warped_cutting_board,refurbished_furniture-forge-1.20.1-1.0.20.jar,False
refurbished_furniture,refurbished_furniture:warped_dark_ceiling_fan,warped_dark_ceiling_fan,refurbished_furniture-forge-1.20.1-1.0.20.jar,False
refurbished_furniture,refurbished_furniture:warped_desk,warped_desk,refurbished_furniture-forge-1.20.1-1.0.20.jar,True
refurbished_furniture,refurbished_furniture:warped_drawer,warped_drawer,refurbished_furniture-forge-1.20.1-1.0.20.jar,True
refurbished_furniture,refurbished_furniture:warped_kitchen_cabinetry,warped_kitchen_cabinetry,refurbished_furniture-forge-1.20.1-1.0.20.jar,True
refurbished_furniture,refurbished_furniture:warped_kitchen_drawer,warped_kitchen_drawer,refurbished_furniture-forge-1.20.1-1.0.20.jar,True
refurbished_furniture,refurbished_furniture:warped_kitchen_sink,warped_kitchen_sink,refurbished_furniture-forge-1.20.1-1.0.20.jar,False
refurbished_furniture,refurbished_furniture:warped_kitchen_storage_cabinet,warped_kitchen_storage_cabinet,refurbished_furniture-forge-1.20.1-1.0.20.jar,True
refurbished_furniture,refurbished_furniture:warped_lattice_fence,warped_lattice_fence,refurbished_furniture-forge-1.20.1-1.0.20.jar,False
refurbished_furniture,refurbished_furniture:warped_lattice_fence_gate,warped_lattice_fence_gate,refurbished_furniture-forge-1.20.1-1.0.20.jar,False
refurbished_furniture,refurbished_furniture:warped_light_ceiling_fan,warped_light_ceiling_fan,refurbished_furniture-forge-1.20.1-1.0.20.jar,False
refurbished_furniture,refurbished_furniture:warped_mail_box,warped_mail_box,refurbished_furniture-forge-1.20.1-1.0.20.jar,False
refurbished_furniture,refurbished_furniture:warped_storage_cabinet,warped_storage_cabinet,refurbished_furniture-forge-1.20.1-1.0.20.jar,True
refurbished_furniture,refurbished_furniture:warped_storage_jar,warped_storage_jar,refurbished_furniture-forge-1.20.1-1.0.20.jar,True
refurbished_furniture,refurbished_furniture:warped_table,warped_table,refurbished_furniture-forge-1.20.1-1.0.20.jar,True
refurbished_furniture,refurbished_furniture:warped_toilet,warped_toilet,refurbished_furniture-forge-1.20.1-1.0.20.jar,False
refurbished_furniture,refurbished_furniture:white_basin,white_basin,refurbished_furniture-forge-1.20.1-1.0.20.jar,False
refurbished_furniture,refurbished_furniture:white_bath,white_bath,refurbished_furniture-forge-1.20.1-1.0.20.jar,False
refurbished_furniture,refurbished_furniture:white_cooler,white_cooler,refurbished_furniture-forge-1.20.1-1.0.20.jar,True
refurbished_furniture,refurbished_furniture:white_grill,white_grill,refurbished_furniture-forge-1.20.1-1.0.20.jar,False
refurbished_furniture,refurbished_furniture:white_kitchen_cabinetry,white_kitchen_cabinetry,refurbished_furniture-forge-1.20.1-1.0.20.jar,True
refurbished_furniture,refurbished_furniture:white_kitchen_drawer,white_kitchen_drawer,refurbished_furniture-forge-1.20.1-1.0.20.jar,True
refurbished_furniture,refurbished_furniture:white_kitchen_sink,white_kitchen_sink,refurbished_furniture-forge-1.20.1-1.0.20.jar,False
refurbished_furniture,refurbished_furniture:white_kitchen_storage_cabinet,white_kitchen_storage_cabinet,refurbished_furniture-forge-1.20.1-1.0.20.jar,True
refurbished_furniture,refurbished_furniture:white_lamp,white_lamp,refurbished_furniture-forge-1.20.1-1.0.20.jar,False
refurbished_furniture,refurbished_furniture:white_sofa,white_sofa,refurbished_furniture-forge-1.20.1-1.0.20.jar,False
refurbished_furniture,refurbished_furniture:white_stool,white_stool,refurbished_furniture-forge-1.20.1-1.0.20.jar,False
refurbished_furniture,refurbished_furniture:white_toilet,white_toilet,refurbished_furniture-forge-1.20.1-1.0.20.jar,False
refurbished_furniture,refurbished_furniture:white_trampoline,white_trampoline,refurbished_furniture-forge-1.20.1-1.0.20.jar,False
refurbished_furniture,refurbished_furniture:workbench,workbench,refurbished_furniture-forge-1.20.1-1.0.20.jar,False
refurbished_furniture,refurbished_furniture:yellow_basin,yellow_basin,refurbished_furniture-forge-1.20.1-1.0.20.jar,False
refurbished_furniture,refurbished_furniture:yellow_bath,yellow_bath,refurbished_furniture-forge-1.20.1-1.0.20.jar,False
refurbished_furniture,refurbished_furniture:yellow_cooler,yellow_cooler,refurbished_furniture-forge-1.20.1-1.0.20.jar,True
refurbished_furniture,refurbished_furniture:yellow_grill,yellow_grill,refurbished_furniture-forge-1.20.1-1.0.20.jar,False
refurbished_furniture,refurbished_furniture:yellow_kitchen_cabinetry,yellow_kitchen_cabinetry,refurbished_furniture-forge-1.20.1-1.0.20.jar,True
refurbished_furniture,refurbished_furniture:yellow_kitchen_drawer,yellow_kitchen_drawer,refurbished_furniture-forge-1.20.1-1.0.20.jar,True
refurbished_furniture,refurbished_furniture:yellow_kitchen_sink,yellow_kitchen_sink,refurbished_furniture-forge-1.20.1-1.0.20.jar,False
refurbished_furniture,refurbished_furniture:yellow_kitchen_storage_cabinet,yellow_kitchen_storage_cabinet,refurbished_furniture-forge-1.20.1-1.0.20.jar,True
refurbished_furniture,refurbished_furniture:yellow_lamp,yellow_lamp,refurbished_furniture-forge-1.20.1-1.0.20.jar,False
refurbished_furniture,refurbished_furniture:yellow_sofa,yellow_sofa,refurbished_furniture-forge-1.20.1-1.0.20.jar,False
refurbished_furniture,refurbished_furniture:yellow_stool,yellow_stool,refurbished_furniture-forge-1.20.1-1.0.20.jar,False
refurbished_furniture,refurbished_furniture:yellow_toilet,yellow_toilet,refurbished_furniture-forge-1.20.1-1.0.20.jar,False
refurbished_furniture,refurbished_furniture:yellow_trampoline,yellow_trampoline,refurbished_furniture-forge-1.20.1-1.0.20.jar,False
sakura,sakura:bamboo_block,bamboo_block,Sakura-1.1.16-1.20.1.jar,False
sakura,sakura:bamboo_block_sunburnt,bamboo_block_sunburnt,Sakura-1.1.16-1.20.1.jar,False
sakura,sakura:bamboo_charcoal_block,bamboo_charcoal_block,Sakura-1.1.16-1.20.1.jar,False
sakura,sakura:bamboo_plant,bamboo_plant,Sakura-1.1.16-1.20.1.jar,False
sakura,sakura:bamboo_shoot,bamboo_shoot,Sakura-1.1.16-1.20.1.jar,False
sakura,sakura:buckwheat_crop,buckwheat_crop,Sakura-1.1.16-1.20.1.jar,False
sakura,sakura:cabbage_crop,cabbage_crop,Sakura-1.1.16-1.20.1.jar,False
sakura,sakura:chopping_board,chopping_board,Sakura-1.1.16-1.20.1.jar,False
sakura,sakura:cooking_pot,cooking_pot,Sakura-1.1.16-1.20.1.jar,False
sakura,sakura:distiller,distiller,Sakura-1.1.16-1.20.1.jar,False
sakura,sakura:eggplant_crop,eggplant_crop,Sakura-1.1.16-1.20.1.jar,False
sakura,sakura:fermenter,fermenter,Sakura-1.1.16-1.20.1.jar,False
sakura,sakura:food_oil,food_oil,Sakura-1.1.16-1.20.1.jar,False
sakura,sakura:maple_log,maple_log,Sakura-1.1.16-1.20.1.jar,False
sakura,sakura:maple_sap_log,maple_sap_log,Sakura-1.1.16-1.20.1.jar,False
sakura,sakura:maple_sapling_green,maple_sapling_green,Sakura-1.1.16-1.20.1.jar,False
sakura,sakura:maple_sapling_orange,maple_sapling_orange,Sakura-1.1.16-1.20.1.jar,False
sakura,sakura:maple_sapling_red,maple_sapling_red,Sakura-1.1.16-1.20.1.jar,False
sakura,sakura:maple_sapling_yellow,maple_sapling_yellow,Sakura-1.1.16-1.20.1.jar,False
sakura,sakura:maple_wood,maple_wood,Sakura-1.1.16-1.20.1.jar,False
sakura,sakura:mapleleaves_green,mapleleaves_green,Sakura-1.1.16-1.20.1.jar,False
sakura,sakura:mapleleaves_orange,mapleleaves_orange,Sakura-1.1.16-1.20.1.jar,False
sakura,sakura:mapleleaves_red,mapleleaves_red,Sakura-1.1.16-1.20.1.jar,False
sakura,sakura:mapleleaves_yellow,mapleleaves_yellow,Sakura-1.1.16-1.20.1.jar,False
sakura,sakura:nabe_oden,nabe_oden,Sakura-1.1.16-1.20.1.jar,False
sakura,sakura:nabe_sukiyaki,nabe_sukiyaki,Sakura-1.1.16-1.20.1.jar,False
sakura,sakura:obon,obon,Sakura-1.1.16-1.20.1.jar,False
sakura,sakura:onion_crop,onion_crop,Sakura-1.1.16-1.20.1.jar,False
sakura,sakura:plank_bamboo,plank_bamboo,Sakura-1.1.16-1.20.1.jar,False
sakura,sakura:plank_maple,plank_maple,Sakura-1.1.16-1.20.1.jar,False
sakura,sakura:plank_sakura,plank_sakura,Sakura-1.1.16-1.20.1.jar,False
sakura,sakura:radish_crop,radish_crop,Sakura-1.1.16-1.20.1.jar,False
sakura,sakura:rapeseed_crop,rapeseed_crop,Sakura-1.1.16-1.20.1.jar,False
sakura,sakura:redbean_crop,redbean_crop,Sakura-1.1.16-1.20.1.jar,False
sakura,sakura:rice_crop,rice_crop,Sakura-1.1.16-1.20.1.jar,False
sakura,sakura:rice_crop_root,rice_crop_root,Sakura-1.1.16-1.20.1.jar,False
sakura,sakura:sakura_log,sakura_log,Sakura-1.1.16-1.20.1.jar,False
sakura,sakura:sakura_sapling,sakura_sapling,Sakura-1.1.16-1.20.1.jar,False
sakura,sakura:sakura_wood,sakura_wood,Sakura-1.1.16-1.20.1.jar,False
sakura,sakura:sakuraleaves,sakuraleaves,Sakura-1.1.16-1.20.1.jar,False
sakura,sakura:soybean_crop,soybean_crop,Sakura-1.1.16-1.20.1.jar,False
sakura,sakura:stone_mortar,stone_mortar,Sakura-1.1.16-1.20.1.jar,False
sakura,sakura:straw_block,straw_block,Sakura-1.1.16-1.20.1.jar,False
sakura,sakura:stripped_maple_log,stripped_maple_log,Sakura-1.1.16-1.20.1.jar,False
sakura,sakura:stripped_maple_wood,stripped_maple_wood,Sakura-1.1.16-1.20.1.jar,False
sakura,sakura:stripped_sakura_log,stripped_sakura_log,Sakura-1.1.16-1.20.1.jar,False
sakura,sakura:stripped_sakura_wood,stripped_sakura_wood,Sakura-1.1.16-1.20.1.jar,False
sakura,sakura:taro_crop,taro_crop,Sakura-1.1.16-1.20.1.jar,False
sakura,sakura:tatami,tatami,Sakura-1.1.16-1.20.1.jar,False
sakura,sakura:tatami_slab,tatami_slab,Sakura-1.1.16-1.20.1.jar,False
sakura,sakura:tatami_slab_sunburnt,tatami_slab_sunburnt,Sakura-1.1.16-1.20.1.jar,False
sakura,sakura:tatami_slab_waxed,tatami_slab_waxed,Sakura-1.1.16-1.20.1.jar,False
sakura,sakura:tatami_sunburnt,tatami_sunburnt,Sakura-1.1.16-1.20.1.jar,False
sakura,sakura:tatami_waxed,tatami_waxed,Sakura-1.1.16-1.20.1.jar,False
sakura,sakura:teishoku_finished,teishoku_finished,Sakura-1.1.16-1.20.1.jar,False
sakura,sakura:teishoku_fish_cooked,teishoku_fish_cooked,Sakura-1.1.16-1.20.1.jar,False
sakura,sakura:teishoku_fish_raw,teishoku_fish_raw,Sakura-1.1.16-1.20.1.jar,False
sakura,sakura:teishoku_fish_salt,teishoku_fish_salt,Sakura-1.1.16-1.20.1.jar,False
sakura,sakura:teishoku_tamagoyaki,teishoku_tamagoyaki,Sakura-1.1.16-1.20.1.jar,False
sakura,sakura:teishoku_yakiniku,teishoku_yakiniku,Sakura-1.1.16-1.20.1.jar,False
sakura,sakura:tomato_crop,tomato_crop,Sakura-1.1.16-1.20.1.jar,False
securitycraft,securitycraft:alarm,alarm,[1.20.1] SecurityCraft v1.10.2.1.jar,False
securitycraft,securitycraft:ancient_debris_mine,ancient_debris_mine,[1.20.1] SecurityCraft v1.10.2.1.jar,False
securitycraft,securitycraft:blast_furnace_mine,blast_furnace_mine,[1.20.1] SecurityCraft v1.10.2.1.jar,False
securitycraft,securitycraft:block_change_detector,block_change_detector,[1.20.1] SecurityCraft v1.10.2.1.jar,False
securitycraft,securitycraft:block_pocket_manager,block_pocket_manager,[1.20.1] SecurityCraft v1.10.2.1.jar,False
securitycraft,securitycraft:block_pocket_wall,block_pocket_wall,[1.20.1] SecurityCraft v1.10.2.1.jar,False
securitycraft,securitycraft:bouncing_betty,bouncing_betty,[1.20.1] SecurityCraft v1.10.2.1.jar,False
securitycraft,securitycraft:cage_trap,cage_trap,[1.20.1] SecurityCraft v1.10.2.1.jar,False
securitycraft,securitycraft:chiseled_crystal_quartz,chiseled_crystal_quartz,[1.20.1] SecurityCraft v1.10.2.1.jar,False
securitycraft,securitycraft:claymore,claymore,[1.20.1] SecurityCraft v1.10.2.1.jar,False
securitycraft,securitycraft:coal_mine,coal_mine,[1.20.1] SecurityCraft v1.10.2.1.jar,False
securitycraft,securitycraft:cobbled_deepslate_mine,cobbled_deepslate_mine,[1.20.1] SecurityCraft v1.10.2.1.jar,False
securitycraft,securitycraft:cobblestone_mine,cobblestone_mine,[1.20.1] SecurityCraft v1.10.2.1.jar,False
securitycraft,securitycraft:copper_mine,copper_mine,[1.20.1] SecurityCraft v1.10.2.1.jar,False
securitycraft,securitycraft:crystal_quartz,crystal_quartz,[1.20.1] SecurityCraft v1.10.2.1.jar,False
securitycraft,securitycraft:crystal_quartz_bricks,crystal_quartz_bricks,[1.20.1] SecurityCraft v1.10.2.1.jar,False
securitycraft,securitycraft:crystal_quartz_pillar,crystal_quartz_pillar,[1.20.1] SecurityCraft v1.10.2.1.jar,False
securitycraft,securitycraft:crystal_quartz_slab,crystal_quartz_slab,[1.20.1] SecurityCraft v1.10.2.1.jar,False
securitycraft,securitycraft:crystal_quartz_stairs,crystal_quartz_stairs,[1.20.1] SecurityCraft v1.10.2.1.jar,False
securitycraft,securitycraft:deepslate_coal_mine,deepslate_coal_mine,[1.20.1] SecurityCraft v1.10.2.1.jar,False
securitycraft,securitycraft:deepslate_copper_mine,deepslate_copper_mine,[1.20.1] SecurityCraft v1.10.2.1.jar,False
securitycraft,securitycraft:deepslate_diamond_mine,deepslate_diamond_mine,[1.20.1] SecurityCraft v1.10.2.1.jar,False
securitycraft,securitycraft:deepslate_emerald_mine,deepslate_emerald_mine,[1.20.1] SecurityCraft v1.10.2.1.jar,False
securitycraft,securitycraft:deepslate_gold_mine,deepslate_gold_mine,[1.20.1] SecurityCraft v1.10.2.1.jar,False
securitycraft,securitycraft:deepslate_iron_mine,deepslate_iron_mine,[1.20.1] SecurityCraft v1.10.2.1.jar,False
securitycraft,securitycraft:deepslate_lapis_mine,deepslate_lapis_mine,[1.20.1] SecurityCraft v1.10.2.1.jar,False
securitycraft,securitycraft:deepslate_mine,deepslate_mine,[1.20.1] SecurityCraft v1.10.2.1.jar,False
securitycraft,securitycraft:deepslate_redstone_mine,deepslate_redstone_mine,[1.20.1] SecurityCraft v1.10.2.1.jar,False
securitycraft,securitycraft:diamond_mine,diamond_mine,[1.20.1] SecurityCraft v1.10.2.1.jar,False
securitycraft,securitycraft:dirt_mine,dirt_mine,[1.20.1] SecurityCraft v1.10.2.1.jar,False
securitycraft,securitycraft:display_case,display_case,[1.20.1] SecurityCraft v1.10.2.1.jar,True
securitycraft,securitycraft:electrified_iron_fence,electrified_iron_fence,[1.20.1] SecurityCraft v1.10.2.1.jar,False
securitycraft,securitycraft:emerald_mine,emerald_mine,[1.20.1] SecurityCraft v1.10.2.1.jar,False
securitycraft,securitycraft:end_stone_mine,end_stone_mine,[1.20.1] SecurityCraft v1.10.2.1.jar,False
securitycraft,securitycraft:fake_lava_block,fake_lava_block,[1.20.1] SecurityCraft v1.10.2.1.jar,False
securitycraft,securitycraft:fake_water_block,fake_water_block,[1.20.1] SecurityCraft v1.10.2.1.jar,False
securitycraft,securitycraft:floor_trap,floor_trap,[1.20.1] SecurityCraft v1.10.2.1.jar,False
securitycraft,securitycraft:furnace_mine,furnace_mine,[1.20.1] SecurityCraft v1.10.2.1.jar,False
securitycraft,securitycraft:gilded_blackstone_mine,gilded_blackstone_mine,[1.20.1] SecurityCraft v1.10.2.1.jar,False
securitycraft,securitycraft:glow_display_case,glow_display_case,[1.20.1] SecurityCraft v1.10.2.1.jar,True
securitycraft,securitycraft:gold_mine,gold_mine,[1.20.1] SecurityCraft v1.10.2.1.jar,False
securitycraft,securitycraft:gravel_mine,gravel_mine,[1.20.1] SecurityCraft v1.10.2.1.jar,False
securitycraft,securitycraft:horizontal_reinforced_iron_bars,horizontal_reinforced_iron_bars,[1.20.1] SecurityCraft v1.10.2.1.jar,False
securitycraft,securitycraft:ims,ims,[1.20.1] SecurityCraft v1.10.2.1.jar,False
securitycraft,securitycraft:inventory_scanner,inventory_scanner,[1.20.1] SecurityCraft v1.10.2.1.jar,False
securitycraft,securitycraft:inventory_scanner_field,inventory_scanner_field,[1.20.1] SecurityCraft v1.10.2.1.jar,False
securitycraft,securitycraft:iron_door_reinforced,iron_door_reinforced,[1.20.1] SecurityCraft v1.10.2.1.jar,False
securitycraft,securitycraft:iron_mine,iron_mine,[1.20.1] SecurityCraft v1.10.2.1.jar,False
securitycraft,securitycraft:key_panel,key_panel,[1.20.1] SecurityCraft v1.10.2.1.jar,False
securitycraft,securitycraft:keycard_lock,keycard_lock,[1.20.1] SecurityCraft v1.10.2.1.jar,False
securitycraft,securitycraft:keycard_reader,keycard_reader,[1.20.1] SecurityCraft v1.10.2.1.jar,False
securitycraft,securitycraft:keypad,keypad,[1.20.1] SecurityCraft v1.10.2.1.jar,False
securitycraft,securitycraft:keypad_barrel,keypad_barrel,[1.20.1] SecurityCraft v1.10.2.1.jar,True
securitycraft,securitycraft:keypad_blast_furnace,keypad_blast_furnace,[1.20.1] SecurityCraft v1.10.2.1.jar,False
securitycraft,securitycraft:keypad_chest,keypad_chest,[1.20.1] SecurityCraft v1.10.2.1.jar,True
securitycraft,securitycraft:keypad_door,keypad_door,[1.20.1] SecurityCraft v1.10.2.1.jar,False
securitycraft,securitycraft:keypad_frame,keypad_frame,[1.20.1] SecurityCraft v1.10.2.1.jar,False
securitycraft,securitycraft:keypad_furnace,keypad_furnace,[1.20.1] SecurityCraft v1.10.2.1.jar,False
securitycraft,securitycraft:keypad_smoker,keypad_smoker,[1.20.1] SecurityCraft v1.10.2.1.jar,False
securitycraft,securitycraft:keypad_trapdoor,keypad_trapdoor,[1.20.1] SecurityCraft v1.10.2.1.jar,False
securitycraft,securitycraft:lapis_mine,lapis_mine,[1.20.1] SecurityCraft v1.10.2.1.jar,False
securitycraft,securitycraft:laser,laser,[1.20.1] SecurityCraft v1.10.2.1.jar,False
securitycraft,securitycraft:laser_block,laser_block,[1.20.1] SecurityCraft v1.10.2.1.jar,False
securitycraft,securitycraft:mine,mine,[1.20.1] SecurityCraft v1.10.2.1.jar,False
securitycraft,securitycraft:motion_activated_light,motion_activated_light,[1.20.1] SecurityCraft v1.10.2.1.jar,False
securitycraft,securitycraft:nether_gold_mine,nether_gold_mine,[1.20.1] SecurityCraft v1.10.2.1.jar,False
securitycraft,securitycraft:netherrack_mine,netherrack_mine,[1.20.1] SecurityCraft v1.10.2.1.jar,False
securitycraft,securitycraft:panic_button,panic_button,[1.20.1] SecurityCraft v1.10.2.1.jar,False
securitycraft,securitycraft:portable_radar,portable_radar,[1.20.1] SecurityCraft v1.10.2.1.jar,True
securitycraft,securitycraft:projector,projector,[1.20.1] SecurityCraft v1.10.2.1.jar,False
securitycraft,securitycraft:protecto,protecto,[1.20.1] SecurityCraft v1.10.2.1.jar,False
securitycraft,securitycraft:quartz_mine,quartz_mine,[1.20.1] SecurityCraft v1.10.2.1.jar,False
securitycraft,securitycraft:redstone_mine,redstone_mine,[1.20.1] SecurityCraft v1.10.2.1.jar,False
securitycraft,securitycraft:reinforced_acacia_button,reinforced_acacia_button,[1.20.1] SecurityCraft v1.10.2.1.jar,False
securitycraft,securitycraft:reinforced_acacia_fence,reinforced_acacia_fence,[1.20.1] SecurityCraft v1.10.2.1.jar,False
securitycraft,securitycraft:reinforced_acacia_fence_gate,reinforced_acacia_fence_gate,[1.20.1] SecurityCraft v1.10.2.1.jar,False
securitycraft,securitycraft:reinforced_acacia_log,reinforced_acacia_log,[1.20.1] SecurityCraft v1.10.2.1.jar,False
securitycraft,securitycraft:reinforced_acacia_planks,reinforced_acacia_planks,[1.20.1] SecurityCraft v1.10.2.1.jar,False
securitycraft,securitycraft:reinforced_acacia_pressure_plate,reinforced_acacia_pressure_plate,[1.20.1] SecurityCraft v1.10.2.1.jar,False
securitycraft,securitycraft:reinforced_acacia_slab,reinforced_acacia_slab,[1.20.1] SecurityCraft v1.10.2.1.jar,False
securitycraft,securitycraft:reinforced_acacia_stairs,reinforced_acacia_stairs,[1.20.1] SecurityCraft v1.10.2.1.jar,False
securitycraft,securitycraft:reinforced_acacia_wood,reinforced_acacia_wood,[1.20.1] SecurityCraft v1.10.2.1.jar,False
securitycraft,securitycraft:reinforced_amethyst_block,reinforced_amethyst_block,[1.20.1] SecurityCraft v1.10.2.1.jar,False
securitycraft,securitycraft:reinforced_andesite,reinforced_andesite,[1.20.1] SecurityCraft v1.10.2.1.jar,False
securitycraft,securitycraft:reinforced_andesite_slab,reinforced_andesite_slab,[1.20.1] SecurityCraft v1.10.2.1.jar,False
securitycraft,securitycraft:reinforced_andesite_stairs,reinforced_andesite_stairs,[1.20.1] SecurityCraft v1.10.2.1.jar,False
securitycraft,securitycraft:reinforced_andesite_wall,reinforced_andesite_wall,[1.20.1] SecurityCraft v1.10.2.1.jar,False
securitycraft,securitycraft:reinforced_bamboo_block,reinforced_bamboo_block,[1.20.1] SecurityCraft v1.10.2.1.jar,False
securitycraft,securitycraft:reinforced_bamboo_button,reinforced_bamboo_button,[1.20.1] SecurityCraft v1.10.2.1.jar,False
securitycraft,securitycraft:reinforced_bamboo_fence,reinforced_bamboo_fence,[1.20.1] SecurityCraft v1.10.2.1.jar,False
securitycraft,securitycraft:reinforced_bamboo_fence_gate,reinforced_bamboo_fence_gate,[1.20.1] SecurityCraft v1.10.2.1.jar,False
securitycraft,securitycraft:reinforced_bamboo_mosaic,reinforced_bamboo_mosaic,[1.20.1] SecurityCraft v1.10.2.1.jar,False
securitycraft,securitycraft:reinforced_bamboo_mosaic_slab,reinforced_bamboo_mosaic_slab,[1.20.1] SecurityCraft v1.10.2.1.jar,False
securitycraft,securitycraft:reinforced_bamboo_mosaic_stairs,reinforced_bamboo_mosaic_stairs,[1.20.1] SecurityCraft v1.10.2.1.jar,False
securitycraft,securitycraft:reinforced_bamboo_planks,reinforced_bamboo_planks,[1.20.1] SecurityCraft v1.10.2.1.jar,False
securitycraft,securitycraft:reinforced_bamboo_pressure_plate,reinforced_bamboo_pressure_plate,[1.20.1] SecurityCraft v1.10.2.1.jar,False
securitycraft,securitycraft:reinforced_bamboo_slab,reinforced_bamboo_slab,[1.20.1] SecurityCraft v1.10.2.1.jar,False
securitycraft,securitycraft:reinforced_bamboo_stairs,reinforced_bamboo_stairs,[1.20.1] SecurityCraft v1.10.2.1.jar,False
securitycraft,securitycraft:reinforced_basalt,reinforced_basalt,[1.20.1] SecurityCraft v1.10.2.1.jar,False
securitycraft,securitycraft:reinforced_birch_button,reinforced_birch_button,[1.20.1] SecurityCraft v1.10.2.1.jar,False
securitycraft,securitycraft:reinforced_birch_fence,reinforced_birch_fence,[1.20.1] SecurityCraft v1.10.2.1.jar,False
securitycraft,securitycraft:reinforced_birch_fence_gate,reinforced_birch_fence_gate,[1.20.1] SecurityCraft v1.10.2.1.jar,False
securitycraft,securitycraft:reinforced_birch_log,reinforced_birch_log,[1.20.1] SecurityCraft v1.10.2.1.jar,False
securitycraft,securitycraft:reinforced_birch_planks,reinforced_birch_planks,[1.20.1] SecurityCraft v1.10.2.1.jar,False
securitycraft,securitycraft:reinforced_birch_pressure_plate,reinforced_birch_pressure_plate,[1.20.1] SecurityCraft v1.10.2.1.jar,False
securitycraft,securitycraft:reinforced_birch_slab,reinforced_birch_slab,[1.20.1] SecurityCraft v1.10.2.1.jar,False
securitycraft,securitycraft:reinforced_birch_stairs,reinforced_birch_stairs,[1.20.1] SecurityCraft v1.10.2.1.jar,False
securitycraft,securitycraft:reinforced_birch_wood,reinforced_birch_wood,[1.20.1] SecurityCraft v1.10.2.1.jar,False
securitycraft,securitycraft:reinforced_black_carpet,reinforced_black_carpet,[1.20.1] SecurityCraft v1.10.2.1.jar,False
securitycraft,securitycraft:reinforced_black_concrete,reinforced_black_concrete,[1.20.1] SecurityCraft v1.10.2.1.jar,False
securitycraft,securitycraft:reinforced_black_glazed_terracotta,reinforced_black_glazed_terracotta,[1.20.1] SecurityCraft v1.10.2.1.jar,False
securitycraft,securitycraft:reinforced_black_stained_glass,reinforced_black_stained_glass,[1.20.1] SecurityCraft v1.10.2.1.jar,False
securitycraft,securitycraft:reinforced_black_stained_glass_pane,reinforced_black_stained_glass_pane,[1.20.1] SecurityCraft v1.10.2.1.jar,False
securitycraft,securitycraft:reinforced_black_terracotta,reinforced_black_terracotta,[1.20.1] SecurityCraft v1.10.2.1.jar,False
securitycraft,securitycraft:reinforced_black_wool,reinforced_black_wool,[1.20.1] SecurityCraft v1.10.2.1.jar,False
securitycraft,securitycraft:reinforced_blackstone,reinforced_blackstone,[1.20.1] SecurityCraft v1.10.2.1.jar,False
securitycraft,securitycraft:reinforced_blackstone_slab,reinforced_blackstone_slab,[1.20.1] SecurityCraft v1.10.2.1.jar,False
securitycraft,securitycraft:reinforced_blackstone_stairs,reinforced_blackstone_stairs,[1.20.1] SecurityCraft v1.10.2.1.jar,False
securitycraft,securitycraft:reinforced_blackstone_wall,reinforced_blackstone_wall,[1.20.1] SecurityCraft v1.10.2.1.jar,False
securitycraft,securitycraft:reinforced_blue_carpet,reinforced_blue_carpet,[1.20.1] SecurityCraft v1.10.2.1.jar,False
securitycraft,securitycraft:reinforced_blue_concrete,reinforced_blue_concrete,[1.20.1] SecurityCraft v1.10.2.1.jar,False
securitycraft,securitycraft:reinforced_blue_glazed_terracotta,reinforced_blue_glazed_terracotta,[1.20.1] SecurityCraft v1.10.2.1.jar,False
securitycraft,securitycraft:reinforced_blue_ice,reinforced_blue_ice,[1.20.1] SecurityCraft v1.10.2.1.jar,False
securitycraft,securitycraft:reinforced_blue_stained_glass,reinforced_blue_stained_glass,[1.20.1] SecurityCraft v1.10.2.1.jar,False
securitycraft,securitycraft:reinforced_blue_stained_glass_pane,reinforced_blue_stained_glass_pane,[1.20.1] SecurityCraft v1.10.2.1.jar,False
securitycraft,securitycraft:reinforced_blue_terracotta,reinforced_blue_terracotta,[1.20.1] SecurityCraft v1.10.2.1.jar,False
securitycraft,securitycraft:reinforced_blue_wool,reinforced_blue_wool,[1.20.1] SecurityCraft v1.10.2.1.jar,False
securitycraft,securitycraft:reinforced_bone_block,reinforced_bone_block,[1.20.1] SecurityCraft v1.10.2.1.jar,False
securitycraft,securitycraft:reinforced_bookshelf,reinforced_bookshelf,[1.20.1] SecurityCraft v1.10.2.1.jar,True
securitycraft,securitycraft:reinforced_brick_slab,reinforced_brick_slab,[1.20.1] SecurityCraft v1.10.2.1.jar,False
securitycraft,securitycraft:reinforced_brick_stairs,reinforced_brick_stairs,[1.20.1] SecurityCraft v1.10.2.1.jar,False
securitycraft,securitycraft:reinforced_brick_wall,reinforced_brick_wall,[1.20.1] SecurityCraft v1.10.2.1.jar,False
securitycraft,securitycraft:reinforced_bricks,reinforced_bricks,[1.20.1] SecurityCraft v1.10.2.1.jar,False
securitycraft,securitycraft:reinforced_brown_carpet,reinforced_brown_carpet,[1.20.1] SecurityCraft v1.10.2.1.jar,False
securitycraft,securitycraft:reinforced_brown_concrete,reinforced_brown_concrete,[1.20.1] SecurityCraft v1.10.2.1.jar,False
securitycraft,securitycraft:reinforced_brown_glazed_terracotta,reinforced_brown_glazed_terracotta,[1.20.1] SecurityCraft v1.10.2.1.jar,False
securitycraft,securitycraft:reinforced_brown_stained_glass,reinforced_brown_stained_glass,[1.20.1] SecurityCraft v1.10.2.1.jar,False
securitycraft,securitycraft:reinforced_brown_stained_glass_pane,reinforced_brown_stained_glass_pane,[1.20.1] SecurityCraft v1.10.2.1.jar,False
securitycraft,securitycraft:reinforced_brown_terracotta,reinforced_brown_terracotta,[1.20.1] SecurityCraft v1.10.2.1.jar,False
securitycraft,securitycraft:reinforced_brown_wool,reinforced_brown_wool,[1.20.1] SecurityCraft v1.10.2.1.jar,False
securitycraft,securitycraft:reinforced_calcite,reinforced_calcite,[1.20.1] SecurityCraft v1.10.2.1.jar,False
securitycraft,securitycraft:reinforced_cauldron,reinforced_cauldron,[1.20.1] SecurityCraft v1.10.2.1.jar,False
securitycraft,securitycraft:reinforced_chain,reinforced_chain,[1.20.1] SecurityCraft v1.10.2.1.jar,False
securitycraft,securitycraft:reinforced_cherry_button,reinforced_cherry_button,[1.20.1] SecurityCraft v1.10.2.1.jar,False
securitycraft,securitycraft:reinforced_cherry_fence,reinforced_cherry_fence,[1.20.1] SecurityCraft v1.10.2.1.jar,False
securitycraft,securitycraft:reinforced_cherry_fence_gate,reinforced_cherry_fence_gate,[1.20.1] SecurityCraft v1.10.2.1.jar,False
securitycraft,securitycraft:reinforced_cherry_log,reinforced_cherry_log,[1.20.1] SecurityCraft v1.10.2.1.jar,False
securitycraft,securitycraft:reinforced_cherry_planks,reinforced_cherry_planks,[1.20.1] SecurityCraft v1.10.2.1.jar,False
securitycraft,securitycraft:reinforced_cherry_pressure_plate,reinforced_cherry_pressure_plate,[1.20.1] SecurityCraft v1.10.2.1.jar,False
securitycraft,securitycraft:reinforced_cherry_slab,reinforced_cherry_slab,[1.20.1] SecurityCraft v1.10.2.1.jar,False
securitycraft,securitycraft:reinforced_cherry_stairs,reinforced_cherry_stairs,[1.20.1] SecurityCraft v1.10.2.1.jar,False
securitycraft,securitycraft:reinforced_cherry_wood,reinforced_cherry_wood,[1.20.1] SecurityCraft v1.10.2.1.jar,False
securitycraft,securitycraft:reinforced_chiseled_bookshelf,reinforced_chiseled_bookshelf,[1.20.1] SecurityCraft v1.10.2.1.jar,True
securitycraft,securitycraft:reinforced_chiseled_crystal_quartz_block,reinforced_chiseled_crystal_quartz_block,[1.20.1] SecurityCraft v1.10.2.1.jar,False
securitycraft,securitycraft:reinforced_chiseled_deepslate,reinforced_chiseled_deepslate,[1.20.1] SecurityCraft v1.10.2.1.jar,False
securitycraft,securitycraft:reinforced_chiseled_nether_bricks,reinforced_chiseled_nether_bricks,[1.20.1] SecurityCraft v1.10.2.1.jar,False
securitycraft,securitycraft:reinforced_chiseled_polished_blackstone,reinforced_chiseled_polished_blackstone,[1.20.1] SecurityCraft v1.10.2.1.jar,False
securitycraft,securitycraft:reinforced_chiseled_quartz_block,reinforced_chiseled_quartz_block,[1.20.1] SecurityCraft v1.10.2.1.jar,False
securitycraft,securitycraft:reinforced_chiseled_red_sandstone,reinforced_chiseled_red_sandstone,[1.20.1] SecurityCraft v1.10.2.1.jar,False
securitycraft,securitycraft:reinforced_chiseled_sandstone,reinforced_chiseled_sandstone,[1.20.1] SecurityCraft v1.10.2.1.jar,False
securitycraft,securitycraft:reinforced_chiseled_stone_bricks,reinforced_chiseled_stone_bricks,[1.20.1] SecurityCraft v1.10.2.1.jar,False
securitycraft,securitycraft:reinforced_clay,reinforced_clay,[1.20.1] SecurityCraft v1.10.2.1.jar,False
securitycraft,securitycraft:reinforced_coal_block,reinforced_coal_block,[1.20.1] SecurityCraft v1.10.2.1.jar,False
securitycraft,securitycraft:reinforced_coarse_dirt,reinforced_coarse_dirt,[1.20.1] SecurityCraft v1.10.2.1.jar,False
securitycraft,securitycraft:reinforced_cobbled_deepslate,reinforced_cobbled_deepslate,[1.20.1] SecurityCraft v1.10.2.1.jar,False
securitycraft,securitycraft:reinforced_cobbled_deepslate_slab,reinforced_cobbled_deepslate_slab,[1.20.1] SecurityCraft v1.10.2.1.jar,False
securitycraft,securitycraft:reinforced_cobbled_deepslate_stairs,reinforced_cobbled_deepslate_stairs,[1.20.1] SecurityCraft v1.10.2.1.jar,False
securitycraft,securitycraft:reinforced_cobbled_deepslate_wall,reinforced_cobbled_deepslate_wall,[1.20.1] SecurityCraft v1.10.2.1.jar,False
securitycraft,securitycraft:reinforced_cobblestone,reinforced_cobblestone,[1.20.1] SecurityCraft v1.10.2.1.jar,False
securitycraft,securitycraft:reinforced_cobblestone_slab,reinforced_cobblestone_slab,[1.20.1] SecurityCraft v1.10.2.1.jar,False
securitycraft,securitycraft:reinforced_cobblestone_stairs,reinforced_cobblestone_stairs,[1.20.1] SecurityCraft v1.10.2.1.jar,False
securitycraft,securitycraft:reinforced_cobblestone_wall,reinforced_cobblestone_wall,[1.20.1] SecurityCraft v1.10.2.1.jar,False
securitycraft,securitycraft:reinforced_cobweb,reinforced_cobweb,[1.20.1] SecurityCraft v1.10.2.1.jar,False
securitycraft,securitycraft:reinforced_copper_block,reinforced_copper_block,[1.20.1] SecurityCraft v1.10.2.1.jar,False
securitycraft,securitycraft:reinforced_cracked_deepslate_bricks,reinforced_cracked_deepslate_bricks,[1.20.1] SecurityCraft v1.10.2.1.jar,False
securitycraft,securitycraft:reinforced_cracked_deepslate_tiles,reinforced_cracked_deepslate_tiles,[1.20.1] SecurityCraft v1.10.2.1.jar,False
securitycraft,securitycraft:reinforced_cracked_nether_bricks,reinforced_cracked_nether_bricks,[1.20.1] SecurityCraft v1.10.2.1.jar,False
securitycraft,securitycraft:reinforced_cracked_polished_blackstone_bricks,reinforced_cracked_polished_blackstone_bricks,[1.20.1] SecurityCraft v1.10.2.1.jar,False
securitycraft,securitycraft:reinforced_cracked_stone_bricks,reinforced_cracked_stone_bricks,[1.20.1] SecurityCraft v1.10.2.1.jar,False
securitycraft,securitycraft:reinforced_crimson_button,reinforced_crimson_button,[1.20.1] SecurityCraft v1.10.2.1.jar,False
securitycraft,securitycraft:reinforced_crimson_fence,reinforced_crimson_fence,[1.20.1] SecurityCraft v1.10.2.1.jar,False
securitycraft,securitycraft:reinforced_crimson_fence_gate,reinforced_crimson_fence_gate,[1.20.1] SecurityCraft v1.10.2.1.jar,False
securitycraft,securitycraft:reinforced_crimson_hyphae,reinforced_crimson_hyphae,[1.20.1] SecurityCraft v1.10.2.1.jar,False
securitycraft,securitycraft:reinforced_crimson_nylium,reinforced_crimson_nylium,[1.20.1] SecurityCraft v1.10.2.1.jar,False
securitycraft,securitycraft:reinforced_crimson_planks,reinforced_crimson_planks,[1.20.1] SecurityCraft v1.10.2.1.jar,False
securitycraft,securitycraft:reinforced_crimson_pressure_plate,reinforced_crimson_pressure_plate,[1.20.1] SecurityCraft v1.10.2.1.jar,False
securitycraft,securitycraft:reinforced_crimson_slab,reinforced_crimson_slab,[1.20.1] SecurityCraft v1.10.2.1.jar,False
securitycraft,securitycraft:reinforced_crimson_stairs,reinforced_crimson_stairs,[1.20.1] SecurityCraft v1.10.2.1.jar,False
securitycraft,securitycraft:reinforced_crimson_stem,reinforced_crimson_stem,[1.20.1] SecurityCraft v1.10.2.1.jar,False
securitycraft,securitycraft:reinforced_crying_obsidian,reinforced_crying_obsidian,[1.20.1] SecurityCraft v1.10.2.1.jar,False
securitycraft,securitycraft:reinforced_crystal_quartz_block,reinforced_crystal_quartz_block,[1.20.1] SecurityCraft v1.10.2.1.jar,False
securitycraft,securitycraft:reinforced_crystal_quartz_bricks,reinforced_crystal_quartz_bricks,[1.20.1] SecurityCraft v1.10.2.1.jar,False
securitycraft,securitycraft:reinforced_crystal_quartz_pillar,reinforced_crystal_quartz_pillar,[1.20.1] SecurityCraft v1.10.2.1.jar,False
securitycraft,securitycraft:reinforced_crystal_quartz_slab,reinforced_crystal_quartz_slab,[1.20.1] SecurityCraft v1.10.2.1.jar,False
securitycraft,securitycraft:reinforced_crystal_quartz_stairs,reinforced_crystal_quartz_stairs,[1.20.1] SecurityCraft v1.10.2.1.jar,False
securitycraft,securitycraft:reinforced_cut_copper,reinforced_cut_copper,[1.20.1] SecurityCraft v1.10.2.1.jar,False
securitycraft,securitycraft:reinforced_cut_copper_slab,reinforced_cut_copper_slab,[1.20.1] SecurityCraft v1.10.2.1.jar,False
securitycraft,securitycraft:reinforced_cut_copper_stairs,reinforced_cut_copper_stairs,[1.20.1] SecurityCraft v1.10.2.1.jar,False
securitycraft,securitycraft:reinforced_cut_red_sandstone,reinforced_cut_red_sandstone,[1.20.1] SecurityCraft v1.10.2.1.jar,False
securitycraft,securitycraft:reinforced_cut_red_sandstone_slab,reinforced_cut_red_sandstone_slab,[1.20.1] SecurityCraft v1.10.2.1.jar,False
securitycraft,securitycraft:reinforced_cut_sandstone,reinforced_cut_sandstone,[1.20.1] SecurityCraft v1.10.2.1.jar,False
securitycraft,securitycraft:reinforced_cut_sandstone_slab,reinforced_cut_sandstone_slab,[1.20.1] SecurityCraft v1.10.2.1.jar,False
securitycraft,securitycraft:reinforced_cyan_carpet,reinforced_cyan_carpet,[1.20.1] SecurityCraft v1.10.2.1.jar,False
securitycraft,securitycraft:reinforced_cyan_concrete,reinforced_cyan_concrete,[1.20.1] SecurityCraft v1.10.2.1.jar,False
securitycraft,securitycraft:reinforced_cyan_glazed_terracotta,reinforced_cyan_glazed_terracotta,[1.20.1] SecurityCraft v1.10.2.1.jar,False
securitycraft,securitycraft:reinforced_cyan_stained_glass,reinforced_cyan_stained_glass,[1.20.1] SecurityCraft v1.10.2.1.jar,False
securitycraft,securitycraft:reinforced_cyan_stained_glass_pane,reinforced_cyan_stained_glass_pane,[1.20.1] SecurityCraft v1.10.2.1.jar,False
securitycraft,securitycraft:reinforced_cyan_terracotta,reinforced_cyan_terracotta,[1.20.1] SecurityCraft v1.10.2.1.jar,False
securitycraft,securitycraft:reinforced_cyan_wool,reinforced_cyan_wool,[1.20.1] SecurityCraft v1.10.2.1.jar,False
securitycraft,securitycraft:reinforced_dark_oak_button,reinforced_dark_oak_button,[1.20.1] SecurityCraft v1.10.2.1.jar,False
securitycraft,securitycraft:reinforced_dark_oak_fence,reinforced_dark_oak_fence,[1.20.1] SecurityCraft v1.10.2.1.jar,False
securitycraft,securitycraft:reinforced_dark_oak_fence_gate,reinforced_dark_oak_fence_gate,[1.20.1] SecurityCraft v1.10.2.1.jar,False
securitycraft,securitycraft:reinforced_dark_oak_log,reinforced_dark_oak_log,[1.20.1] SecurityCraft v1.10.2.1.jar,False
securitycraft,securitycraft:reinforced_dark_oak_planks,reinforced_dark_oak_planks,[1.20.1] SecurityCraft v1.10.2.1.jar,False
securitycraft,securitycraft:reinforced_dark_oak_pressure_plate,reinforced_dark_oak_pressure_plate,[1.20.1] SecurityCraft v1.10.2.1.jar,False
securitycraft,securitycraft:reinforced_dark_oak_slab,reinforced_dark_oak_slab,[1.20.1] SecurityCraft v1.10.2.1.jar,False
securitycraft,securitycraft:reinforced_dark_oak_stairs,reinforced_dark_oak_stairs,[1.20.1] SecurityCraft v1.10.2.1.jar,False
securitycraft,securitycraft:reinforced_dark_oak_wood,reinforced_dark_oak_wood,[1.20.1] SecurityCraft v1.10.2.1.jar,False
securitycraft,securitycraft:reinforced_dark_prismarine,reinforced_dark_prismarine,[1.20.1] SecurityCraft v1.10.2.1.jar,False
securitycraft,securitycraft:reinforced_dark_prismarine_slab,reinforced_dark_prismarine_slab,[1.20.1] SecurityCraft v1.10.2.1.jar,False
securitycraft,securitycraft:reinforced_dark_prismarine_stairs,reinforced_dark_prismarine_stairs,[1.20.1] SecurityCraft v1.10.2.1.jar,False
securitycraft,securitycraft:reinforced_deepslate,reinforced_deepslate,[1.20.1] SecurityCraft v1.10.2.1.jar,False
securitycraft,securitycraft:reinforced_deepslate_brick_slab,reinforced_deepslate_brick_slab,[1.20.1] SecurityCraft v1.10.2.1.jar,False
securitycraft,securitycraft:reinforced_deepslate_brick_stairs,reinforced_deepslate_brick_stairs,[1.20.1] SecurityCraft v1.10.2.1.jar,False
securitycraft,securitycraft:reinforced_deepslate_brick_wall,reinforced_deepslate_brick_wall,[1.20.1] SecurityCraft v1.10.2.1.jar,False
securitycraft,securitycraft:reinforced_deepslate_bricks,reinforced_deepslate_bricks,[1.20.1] SecurityCraft v1.10.2.1.jar,False
securitycraft,securitycraft:reinforced_deepslate_tile_slab,reinforced_deepslate_tile_slab,[1.20.1] SecurityCraft v1.10.2.1.jar,False
securitycraft,securitycraft:reinforced_deepslate_tile_stairs,reinforced_deepslate_tile_stairs,[1.20.1] SecurityCraft v1.10.2.1.jar,False
securitycraft,securitycraft:reinforced_deepslate_tile_wall,reinforced_deepslate_tile_wall,[1.20.1] SecurityCraft v1.10.2.1.jar,False
securitycraft,securitycraft:reinforced_deepslate_tiles,reinforced_deepslate_tiles,[1.20.1] SecurityCraft v1.10.2.1.jar,False
securitycraft,securitycraft:reinforced_diamond_block,reinforced_diamond_block,[1.20.1] SecurityCraft v1.10.2.1.jar,False
securitycraft,securitycraft:reinforced_diorite,reinforced_diorite,[1.20.1] SecurityCraft v1.10.2.1.jar,False
securitycraft,securitycraft:reinforced_diorite_slab,reinforced_diorite_slab,[1.20.1] SecurityCraft v1.10.2.1.jar,False
securitycraft,securitycraft:reinforced_diorite_stairs,reinforced_diorite_stairs,[1.20.1] SecurityCraft v1.10.2.1.jar,False
securitycraft,securitycraft:reinforced_diorite_wall,reinforced_diorite_wall,[1.20.1] SecurityCraft v1.10.2.1.jar,False
securitycraft,securitycraft:reinforced_dirt,reinforced_dirt,[1.20.1] SecurityCraft v1.10.2.1.jar,False
securitycraft,securitycraft:reinforced_dispenser,reinforced_dispenser,[1.20.1] SecurityCraft v1.10.2.1.jar,False
securitycraft,securitycraft:reinforced_dripstone_block,reinforced_dripstone_block,[1.20.1] SecurityCraft v1.10.2.1.jar,False
securitycraft,securitycraft:reinforced_dropper,reinforced_dropper,[1.20.1] SecurityCraft v1.10.2.1.jar,False
securitycraft,securitycraft:reinforced_emerald_block,reinforced_emerald_block,[1.20.1] SecurityCraft v1.10.2.1.jar,False
securitycraft,securitycraft:reinforced_end_rod,reinforced_end_rod,[1.20.1] SecurityCraft v1.10.2.1.jar,False
securitycraft,securitycraft:reinforced_end_stone,reinforced_end_stone,[1.20.1] SecurityCraft v1.10.2.1.jar,False
securitycraft,securitycraft:reinforced_end_stone_brick_slab,reinforced_end_stone_brick_slab,[1.20.1] SecurityCraft v1.10.2.1.jar,False
securitycraft,securitycraft:reinforced_end_stone_brick_stairs,reinforced_end_stone_brick_stairs,[1.20.1] SecurityCraft v1.10.2.1.jar,False
securitycraft,securitycraft:reinforced_end_stone_brick_wall,reinforced_end_stone_brick_wall,[1.20.1] SecurityCraft v1.10.2.1.jar,False
securitycraft,securitycraft:reinforced_end_stone_bricks,reinforced_end_stone_bricks,[1.20.1] SecurityCraft v1.10.2.1.jar,False
securitycraft,securitycraft:reinforced_exposed_copper,reinforced_exposed_copper,[1.20.1] SecurityCraft v1.10.2.1.jar,False
securitycraft,securitycraft:reinforced_exposed_cut_copper,reinforced_exposed_cut_copper,[1.20.1] SecurityCraft v1.10.2.1.jar,False
securitycraft,securitycraft:reinforced_exposed_cut_copper_slab,reinforced_exposed_cut_copper_slab,[1.20.1] SecurityCraft v1.10.2.1.jar,False
securitycraft,securitycraft:reinforced_exposed_cut_copper_stairs,reinforced_exposed_cut_copper_stairs,[1.20.1] SecurityCraft v1.10.2.1.jar,False
securitycraft,securitycraft:reinforced_fence_gate,reinforced_fence_gate,[1.20.1] SecurityCraft v1.10.2.1.jar,False
securitycraft,securitycraft:reinforced_glass,reinforced_glass,[1.20.1] SecurityCraft v1.10.2.1.jar,False
securitycraft,securitycraft:reinforced_glass_pane,reinforced_glass_pane,[1.20.1] SecurityCraft v1.10.2.1.jar,False
securitycraft,securitycraft:reinforced_glowstone,reinforced_glowstone,[1.20.1] SecurityCraft v1.10.2.1.jar,False
securitycraft,securitycraft:reinforced_gold_block,reinforced_gold_block,[1.20.1] SecurityCraft v1.10.2.1.jar,False
securitycraft,securitycraft:reinforced_granite,reinforced_granite,[1.20.1] SecurityCraft v1.10.2.1.jar,False
securitycraft,securitycraft:reinforced_granite_slab,reinforced_granite_slab,[1.20.1] SecurityCraft v1.10.2.1.jar,False
securitycraft,securitycraft:reinforced_granite_stairs,reinforced_granite_stairs,[1.20.1] SecurityCraft v1.10.2.1.jar,False
securitycraft,securitycraft:reinforced_granite_wall,reinforced_granite_wall,[1.20.1] SecurityCraft v1.10.2.1.jar,False
securitycraft,securitycraft:reinforced_grass_block,reinforced_grass_block,[1.20.1] SecurityCraft v1.10.2.1.jar,False
securitycraft,securitycraft:reinforced_grass_path,reinforced_grass_path,[1.20.1] SecurityCraft v1.10.2.1.jar,False
securitycraft,securitycraft:reinforced_gravel,reinforced_gravel,[1.20.1] SecurityCraft v1.10.2.1.jar,False
securitycraft,securitycraft:reinforced_gray_carpet,reinforced_gray_carpet,[1.20.1] SecurityCraft v1.10.2.1.jar,False
securitycraft,securitycraft:reinforced_gray_concrete,reinforced_gray_concrete,[1.20.1] SecurityCraft v1.10.2.1.jar,False
securitycraft,securitycraft:reinforced_gray_glazed_terracotta,reinforced_gray_glazed_terracotta,[1.20.1] SecurityCraft v1.10.2.1.jar,False
securitycraft,securitycraft:reinforced_gray_stained_glass,reinforced_gray_stained_glass,[1.20.1] SecurityCraft v1.10.2.1.jar,False
securitycraft,securitycraft:reinforced_gray_stained_glass_pane,reinforced_gray_stained_glass_pane,[1.20.1] SecurityCraft v1.10.2.1.jar,False
securitycraft,securitycraft:reinforced_gray_terracotta,reinforced_gray_terracotta,[1.20.1] SecurityCraft v1.10.2.1.jar,False
securitycraft,securitycraft:reinforced_gray_wool,reinforced_gray_wool,[1.20.1] SecurityCraft v1.10.2.1.jar,False
securitycraft,securitycraft:reinforced_green_carpet,reinforced_green_carpet,[1.20.1] SecurityCraft v1.10.2.1.jar,False
securitycraft,securitycraft:reinforced_green_concrete,reinforced_green_concrete,[1.20.1] SecurityCraft v1.10.2.1.jar,False
securitycraft,securitycraft:reinforced_green_glazed_terracotta,reinforced_green_glazed_terracotta,[1.20.1] SecurityCraft v1.10.2.1.jar,False
securitycraft,securitycraft:reinforced_green_stained_glass,reinforced_green_stained_glass,[1.20.1] SecurityCraft v1.10.2.1.jar,False
securitycraft,securitycraft:reinforced_green_stained_glass_pane,reinforced_green_stained_glass_pane,[1.20.1] SecurityCraft v1.10.2.1.jar,False
securitycraft,securitycraft:reinforced_green_terracotta,reinforced_green_terracotta,[1.20.1] SecurityCraft v1.10.2.1.jar,False
securitycraft,securitycraft:reinforced_green_wool,reinforced_green_wool,[1.20.1] SecurityCraft v1.10.2.1.jar,False
securitycraft,securitycraft:reinforced_hardened_clay,reinforced_hardened_clay,[1.20.1] SecurityCraft v1.10.2.1.jar,False
securitycraft,securitycraft:reinforced_hopper,reinforced_hopper,[1.20.1] SecurityCraft v1.10.2.1.jar,False
securitycraft,securitycraft:reinforced_ice,reinforced_ice,[1.20.1] SecurityCraft v1.10.2.1.jar,False
securitycraft,securitycraft:reinforced_iron_bars,reinforced_iron_bars,[1.20.1] SecurityCraft v1.10.2.1.jar,False
securitycraft,securitycraft:reinforced_iron_block,reinforced_iron_block,[1.20.1] SecurityCraft v1.10.2.1.jar,False
securitycraft,securitycraft:reinforced_iron_trapdoor,reinforced_iron_trapdoor,[1.20.1] SecurityCraft v1.10.2.1.jar,False
securitycraft,securitycraft:reinforced_jungle_button,reinforced_jungle_button,[1.20.1] SecurityCraft v1.10.2.1.jar,False
securitycraft,securitycraft:reinforced_jungle_fence,reinforced_jungle_fence,[1.20.1] SecurityCraft v1.10.2.1.jar,False
securitycraft,securitycraft:reinforced_jungle_fence_gate,reinforced_jungle_fence_gate,[1.20.1] SecurityCraft v1.10.2.1.jar,False
securitycraft,securitycraft:reinforced_jungle_log,reinforced_jungle_log,[1.20.1] SecurityCraft v1.10.2.1.jar,False
securitycraft,securitycraft:reinforced_jungle_planks,reinforced_jungle_planks,[1.20.1] SecurityCraft v1.10.2.1.jar,False
securitycraft,securitycraft:reinforced_jungle_pressure_plate,reinforced_jungle_pressure_plate,[1.20.1] SecurityCraft v1.10.2.1.jar,False
securitycraft,securitycraft:reinforced_jungle_slab,reinforced_jungle_slab,[1.20.1] SecurityCraft v1.10.2.1.jar,False
securitycraft,securitycraft:reinforced_jungle_stairs,reinforced_jungle_stairs,[1.20.1] SecurityCraft v1.10.2.1.jar,False
securitycraft,securitycraft:reinforced_jungle_wood,reinforced_jungle_wood,[1.20.1] SecurityCraft v1.10.2.1.jar,False
securitycraft,securitycraft:reinforced_ladder,reinforced_ladder,[1.20.1] SecurityCraft v1.10.2.1.jar,False
securitycraft,securitycraft:reinforced_lantern,reinforced_lantern,[1.20.1] SecurityCraft v1.10.2.1.jar,False
securitycraft,securitycraft:reinforced_lapis_block,reinforced_lapis_block,[1.20.1] SecurityCraft v1.10.2.1.jar,False
securitycraft,securitycraft:reinforced_lava_cauldron,reinforced_lava_cauldron,[1.20.1] SecurityCraft v1.10.2.1.jar,False
securitycraft,securitycraft:reinforced_lectern,reinforced_lectern,[1.20.1] SecurityCraft v1.10.2.1.jar,False
securitycraft,securitycraft:reinforced_lever,reinforced_lever,[1.20.1] SecurityCraft v1.10.2.1.jar,False
securitycraft,securitycraft:reinforced_light_blue_carpet,reinforced_light_blue_carpet,[1.20.1] SecurityCraft v1.10.2.1.jar,False
securitycraft,securitycraft:reinforced_light_blue_concrete,reinforced_light_blue_concrete,[1.20.1] SecurityCraft v1.10.2.1.jar,False
securitycraft,securitycraft:reinforced_light_blue_glazed_terracotta,reinforced_light_blue_glazed_terracotta,[1.20.1] SecurityCraft v1.10.2.1.jar,False
securitycraft,securitycraft:reinforced_light_blue_stained_glass,reinforced_light_blue_stained_glass,[1.20.1] SecurityCraft v1.10.2.1.jar,False
securitycraft,securitycraft:reinforced_light_blue_stained_glass_pane,reinforced_light_blue_stained_glass_pane,[1.20.1] SecurityCraft v1.10.2.1.jar,False
securitycraft,securitycraft:reinforced_light_blue_terracotta,reinforced_light_blue_terracotta,[1.20.1] SecurityCraft v1.10.2.1.jar,False
securitycraft,securitycraft:reinforced_light_blue_wool,reinforced_light_blue_wool,[1.20.1] SecurityCraft v1.10.2.1.jar,False
securitycraft,securitycraft:reinforced_light_gray_carpet,reinforced_light_gray_carpet,[1.20.1] SecurityCraft v1.10.2.1.jar,False
securitycraft,securitycraft:reinforced_light_gray_concrete,reinforced_light_gray_concrete,[1.20.1] SecurityCraft v1.10.2.1.jar,False
securitycraft,securitycraft:reinforced_light_gray_glazed_terracotta,reinforced_light_gray_glazed_terracotta,[1.20.1] SecurityCraft v1.10.2.1.jar,False
securitycraft,securitycraft:reinforced_light_gray_stained_glass,reinforced_light_gray_stained_glass,[1.20.1] SecurityCraft v1.10.2.1.jar,False
securitycraft,securitycraft:reinforced_light_gray_stained_glass_pane,reinforced_light_gray_stained_glass_pane,[1.20.1] SecurityCraft v1.10.2.1.jar,False
securitycraft,securitycraft:reinforced_light_gray_terracotta,reinforced_light_gray_terracotta,[1.20.1] SecurityCraft v1.10.2.1.jar,False
securitycraft,securitycraft:reinforced_light_gray_wool,reinforced_light_gray_wool,[1.20.1] SecurityCraft v1.10.2.1.jar,False
securitycraft,securitycraft:reinforced_lime_carpet,reinforced_lime_carpet,[1.20.1] SecurityCraft v1.10.2.1.jar,False
securitycraft,securitycraft:reinforced_lime_concrete,reinforced_lime_concrete,[1.20.1] SecurityCraft v1.10.2.1.jar,False
securitycraft,securitycraft:reinforced_lime_glazed_terracotta,reinforced_lime_glazed_terracotta,[1.20.1] SecurityCraft v1.10.2.1.jar,False
securitycraft,securitycraft:reinforced_lime_stained_glass,reinforced_lime_stained_glass,[1.20.1] SecurityCraft v1.10.2.1.jar,False
securitycraft,securitycraft:reinforced_lime_stained_glass_pane,reinforced_lime_stained_glass_pane,[1.20.1] SecurityCraft v1.10.2.1.jar,False
securitycraft,securitycraft:reinforced_lime_terracotta,reinforced_lime_terracotta,[1.20.1] SecurityCraft v1.10.2.1.jar,False
securitycraft,securitycraft:reinforced_lime_wool,reinforced_lime_wool,[1.20.1] SecurityCraft v1.10.2.1.jar,False
securitycraft,securitycraft:reinforced_magenta_carpet,reinforced_magenta_carpet,[1.20.1] SecurityCraft v1.10.2.1.jar,False
securitycraft,securitycraft:reinforced_magenta_concrete,reinforced_magenta_concrete,[1.20.1] SecurityCraft v1.10.2.1.jar,False
securitycraft,securitycraft:reinforced_magenta_glazed_terracotta,reinforced_magenta_glazed_terracotta,[1.20.1] SecurityCraft v1.10.2.1.jar,False
securitycraft,securitycraft:reinforced_magenta_stained_glass,reinforced_magenta_stained_glass,[1.20.1] SecurityCraft v1.10.2.1.jar,False
securitycraft,securitycraft:reinforced_magenta_stained_glass_pane,reinforced_magenta_stained_glass_pane,[1.20.1] SecurityCraft v1.10.2.1.jar,False
securitycraft,securitycraft:reinforced_magenta_terracotta,reinforced_magenta_terracotta,[1.20.1] SecurityCraft v1.10.2.1.jar,False
securitycraft,securitycraft:reinforced_magenta_wool,reinforced_magenta_wool,[1.20.1] SecurityCraft v1.10.2.1.jar,False
securitycraft,securitycraft:reinforced_magma_block,reinforced_magma_block,[1.20.1] SecurityCraft v1.10.2.1.jar,False
securitycraft,securitycraft:reinforced_mangrove_button,reinforced_mangrove_button,[1.20.1] SecurityCraft v1.10.2.1.jar,False
securitycraft,securitycraft:reinforced_mangrove_fence,reinforced_mangrove_fence,[1.20.1] SecurityCraft v1.10.2.1.jar,False
securitycraft,securitycraft:reinforced_mangrove_fence_gate,reinforced_mangrove_fence_gate,[1.20.1] SecurityCraft v1.10.2.1.jar,False
securitycraft,securitycraft:reinforced_mangrove_log,reinforced_mangrove_log,[1.20.1] SecurityCraft v1.10.2.1.jar,False
securitycraft,securitycraft:reinforced_mangrove_planks,reinforced_mangrove_planks,[1.20.1] SecurityCraft v1.10.2.1.jar,False
securitycraft,securitycraft:reinforced_mangrove_pressure_plate,reinforced_mangrove_pressure_plate,[1.20.1] SecurityCraft v1.10.2.1.jar,False
securitycraft,securitycraft:reinforced_mangrove_slab,reinforced_mangrove_slab,[1.20.1] SecurityCraft v1.10.2.1.jar,False
securitycraft,securitycraft:reinforced_mangrove_stairs,reinforced_mangrove_stairs,[1.20.1] SecurityCraft v1.10.2.1.jar,False
securitycraft,securitycraft:reinforced_mangrove_wood,reinforced_mangrove_wood,[1.20.1] SecurityCraft v1.10.2.1.jar,False
securitycraft,securitycraft:reinforced_moss_block,reinforced_moss_block,[1.20.1] SecurityCraft v1.10.2.1.jar,False
securitycraft,securitycraft:reinforced_moss_carpet,reinforced_moss_carpet,[1.20.1] SecurityCraft v1.10.2.1.jar,False
securitycraft,securitycraft:reinforced_mossy_cobblestone,reinforced_mossy_cobblestone,[1.20.1] SecurityCraft v1.10.2.1.jar,False
securitycraft,securitycraft:reinforced_mossy_cobblestone_slab,reinforced_mossy_cobblestone_slab,[1.20.1] SecurityCraft v1.10.2.1.jar,False
securitycraft,securitycraft:reinforced_mossy_cobblestone_stairs,reinforced_mossy_cobblestone_stairs,[1.20.1] SecurityCraft v1.10.2.1.jar,False
securitycraft,securitycraft:reinforced_mossy_cobblestone_wall,reinforced_mossy_cobblestone_wall,[1.20.1] SecurityCraft v1.10.2.1.jar,False
securitycraft,securitycraft:reinforced_mossy_stone_brick_slab,reinforced_mossy_stone_brick_slab,[1.20.1] SecurityCraft v1.10.2.1.jar,False
securitycraft,securitycraft:reinforced_mossy_stone_brick_stairs,reinforced_mossy_stone_brick_stairs,[1.20.1] SecurityCraft v1.10.2.1.jar,False
securitycraft,securitycraft:reinforced_mossy_stone_brick_wall,reinforced_mossy_stone_brick_wall,[1.20.1] SecurityCraft v1.10.2.1.jar,False
securitycraft,securitycraft:reinforced_mossy_stone_bricks,reinforced_mossy_stone_bricks,[1.20.1] SecurityCraft v1.10.2.1.jar,False
securitycraft,securitycraft:reinforced_moving_piston,reinforced_moving_piston,[1.20.1] SecurityCraft v1.10.2.1.jar,False
securitycraft,securitycraft:reinforced_mud,reinforced_mud,[1.20.1] SecurityCraft v1.10.2.1.jar,False
securitycraft,securitycraft:reinforced_mud_brick_slab,reinforced_mud_brick_slab,[1.20.1] SecurityCraft v1.10.2.1.jar,False
securitycraft,securitycraft:reinforced_mud_brick_stairs,reinforced_mud_brick_stairs,[1.20.1] SecurityCraft v1.10.2.1.jar,False
securitycraft,securitycraft:reinforced_mud_brick_wall,reinforced_mud_brick_wall,[1.20.1] SecurityCraft v1.10.2.1.jar,False
securitycraft,securitycraft:reinforced_mud_bricks,reinforced_mud_bricks,[1.20.1] SecurityCraft v1.10.2.1.jar,False
securitycraft,securitycraft:reinforced_mycelium,reinforced_mycelium,[1.20.1] SecurityCraft v1.10.2.1.jar,False
securitycraft,securitycraft:reinforced_nether_brick_fence,reinforced_nether_brick_fence,[1.20.1] SecurityCraft v1.10.2.1.jar,False
securitycraft,securitycraft:reinforced_nether_brick_slab,reinforced_nether_brick_slab,[1.20.1] SecurityCraft v1.10.2.1.jar,False
securitycraft,securitycraft:reinforced_nether_brick_stairs,reinforced_nether_brick_stairs,[1.20.1] SecurityCraft v1.10.2.1.jar,False
securitycraft,securitycraft:reinforced_nether_brick_wall,reinforced_nether_brick_wall,[1.20.1] SecurityCraft v1.10.2.1.jar,False
securitycraft,securitycraft:reinforced_nether_bricks,reinforced_nether_bricks,[1.20.1] SecurityCraft v1.10.2.1.jar,False
securitycraft,securitycraft:reinforced_nether_wart_block,reinforced_nether_wart_block,[1.20.1] SecurityCraft v1.10.2.1.jar,False
securitycraft,securitycraft:reinforced_netherite_block,reinforced_netherite_block,[1.20.1] SecurityCraft v1.10.2.1.jar,False
securitycraft,securitycraft:reinforced_netherrack,reinforced_netherrack,[1.20.1] SecurityCraft v1.10.2.1.jar,False
securitycraft,securitycraft:reinforced_normal_stone_slab,reinforced_normal_stone_slab,[1.20.1] SecurityCraft v1.10.2.1.jar,False
securitycraft,securitycraft:reinforced_oak_button,reinforced_oak_button,[1.20.1] SecurityCraft v1.10.2.1.jar,False
securitycraft,securitycraft:reinforced_oak_fence,reinforced_oak_fence,[1.20.1] SecurityCraft v1.10.2.1.jar,False
securitycraft,securitycraft:reinforced_oak_fence_gate,reinforced_oak_fence_gate,[1.20.1] SecurityCraft v1.10.2.1.jar,False
securitycraft,securitycraft:reinforced_oak_log,reinforced_oak_log,[1.20.1] SecurityCraft v1.10.2.1.jar,False
securitycraft,securitycraft:reinforced_oak_planks,reinforced_oak_planks,[1.20.1] SecurityCraft v1.10.2.1.jar,False
securitycraft,securitycraft:reinforced_oak_pressure_plate,reinforced_oak_pressure_plate,[1.20.1] SecurityCraft v1.10.2.1.jar,False
securitycraft,securitycraft:reinforced_oak_slab,reinforced_oak_slab,[1.20.1] SecurityCraft v1.10.2.1.jar,False
securitycraft,securitycraft:reinforced_oak_stairs,reinforced_oak_stairs,[1.20.1] SecurityCraft v1.10.2.1.jar,False
securitycraft,securitycraft:reinforced_oak_wood,reinforced_oak_wood,[1.20.1] SecurityCraft v1.10.2.1.jar,False
securitycraft,securitycraft:reinforced_observer,reinforced_observer,[1.20.1] SecurityCraft v1.10.2.1.jar,False
securitycraft,securitycraft:reinforced_obsidian,reinforced_obsidian,[1.20.1] SecurityCraft v1.10.2.1.jar,False
securitycraft,securitycraft:reinforced_ochre_froglight,reinforced_ochre_froglight,[1.20.1] SecurityCraft v1.10.2.1.jar,False
securitycraft,securitycraft:reinforced_orange_carpet,reinforced_orange_carpet,[1.20.1] SecurityCraft v1.10.2.1.jar,False
securitycraft,securitycraft:reinforced_orange_concrete,reinforced_orange_concrete,[1.20.1] SecurityCraft v1.10.2.1.jar,False
securitycraft,securitycraft:reinforced_orange_glazed_terracotta,reinforced_orange_glazed_terracotta,[1.20.1] SecurityCraft v1.10.2.1.jar,False
securitycraft,securitycraft:reinforced_orange_stained_glass,reinforced_orange_stained_glass,[1.20.1] SecurityCraft v1.10.2.1.jar,False
securitycraft,securitycraft:reinforced_orange_stained_glass_pane,reinforced_orange_stained_glass_pane,[1.20.1] SecurityCraft v1.10.2.1.jar,False
securitycraft,securitycraft:reinforced_orange_terracotta,reinforced_orange_terracotta,[1.20.1] SecurityCraft v1.10.2.1.jar,False
securitycraft,securitycraft:reinforced_orange_wool,reinforced_orange_wool,[1.20.1] SecurityCraft v1.10.2.1.jar,False
securitycraft,securitycraft:reinforced_oxidized_copper,reinforced_oxidized_copper,[1.20.1] SecurityCraft v1.10.2.1.jar,False
securitycraft,securitycraft:reinforced_oxidized_cut_copper,reinforced_oxidized_cut_copper,[1.20.1] SecurityCraft v1.10.2.1.jar,False
securitycraft,securitycraft:reinforced_oxidized_cut_copper_slab,reinforced_oxidized_cut_copper_slab,[1.20.1] SecurityCraft v1.10.2.1.jar,False
securitycraft,securitycraft:reinforced_oxidized_cut_copper_stairs,reinforced_oxidized_cut_copper_stairs,[1.20.1] SecurityCraft v1.10.2.1.jar,False
securitycraft,securitycraft:reinforced_packed_ice,reinforced_packed_ice,[1.20.1] SecurityCraft v1.10.2.1.jar,False
securitycraft,securitycraft:reinforced_packed_mud,reinforced_packed_mud,[1.20.1] SecurityCraft v1.10.2.1.jar,False
securitycraft,securitycraft:reinforced_pearlescent_froglight,reinforced_pearlescent_froglight,[1.20.1] SecurityCraft v1.10.2.1.jar,False
securitycraft,securitycraft:reinforced_pink_carpet,reinforced_pink_carpet,[1.20.1] SecurityCraft v1.10.2.1.jar,False
securitycraft,securitycraft:reinforced_pink_concrete,reinforced_pink_concrete,[1.20.1] SecurityCraft v1.10.2.1.jar,False
securitycraft,securitycraft:reinforced_pink_glazed_terracotta,reinforced_pink_glazed_terracotta,[1.20.1] SecurityCraft v1.10.2.1.jar,False
securitycraft,securitycraft:reinforced_pink_stained_glass,reinforced_pink_stained_glass,[1.20.1] SecurityCraft v1.10.2.1.jar,False
securitycraft,securitycraft:reinforced_pink_stained_glass_pane,reinforced_pink_stained_glass_pane,[1.20.1] SecurityCraft v1.10.2.1.jar,False
securitycraft,securitycraft:reinforced_pink_terracotta,reinforced_pink_terracotta,[1.20.1] SecurityCraft v1.10.2.1.jar,False
securitycraft,securitycraft:reinforced_pink_wool,reinforced_pink_wool,[1.20.1] SecurityCraft v1.10.2.1.jar,False
securitycraft,securitycraft:reinforced_piston,reinforced_piston,[1.20.1] SecurityCraft v1.10.2.1.jar,False
securitycraft,securitycraft:reinforced_piston_head,reinforced_piston_head,[1.20.1] SecurityCraft v1.10.2.1.jar,False
securitycraft,securitycraft:reinforced_podzol,reinforced_podzol,[1.20.1] SecurityCraft v1.10.2.1.jar,False
securitycraft,securitycraft:reinforced_polished_andesite,reinforced_polished_andesite,[1.20.1] SecurityCraft v1.10.2.1.jar,False
securitycraft,securitycraft:reinforced_polished_andesite_slab,reinforced_polished_andesite_slab,[1.20.1] SecurityCraft v1.10.2.1.jar,False
securitycraft,securitycraft:reinforced_polished_andesite_stairs,reinforced_polished_andesite_stairs,[1.20.1] SecurityCraft v1.10.2.1.jar,False
securitycraft,securitycraft:reinforced_polished_basalt,reinforced_polished_basalt,[1.20.1] SecurityCraft v1.10.2.1.jar,False
securitycraft,securitycraft:reinforced_polished_blackstone,reinforced_polished_blackstone,[1.20.1] SecurityCraft v1.10.2.1.jar,False
securitycraft,securitycraft:reinforced_polished_blackstone_brick_slab,reinforced_polished_blackstone_brick_slab,[1.20.1] SecurityCraft v1.10.2.1.jar,False
securitycraft,securitycraft:reinforced_polished_blackstone_brick_stairs,reinforced_polished_blackstone_brick_stairs,[1.20.1] SecurityCraft v1.10.2.1.jar,False
securitycraft,securitycraft:reinforced_polished_blackstone_brick_wall,reinforced_polished_blackstone_brick_wall,[1.20.1] SecurityCraft v1.10.2.1.jar,False
securitycraft,securitycraft:reinforced_polished_blackstone_bricks,reinforced_polished_blackstone_bricks,[1.20.1] SecurityCraft v1.10.2.1.jar,False
securitycraft,securitycraft:reinforced_polished_blackstone_button,reinforced_polished_blackstone_button,[1.20.1] SecurityCraft v1.10.2.1.jar,False
securitycraft,securitycraft:reinforced_polished_blackstone_pressure_plate,reinforced_polished_blackstone_pressure_plate,[1.20.1] SecurityCraft v1.10.2.1.jar,False
securitycraft,securitycraft:reinforced_polished_blackstone_slab,reinforced_polished_blackstone_slab,[1.20.1] SecurityCraft v1.10.2.1.jar,False
securitycraft,securitycraft:reinforced_polished_blackstone_stairs,reinforced_polished_blackstone_stairs,[1.20.1] SecurityCraft v1.10.2.1.jar,False
securitycraft,securitycraft:reinforced_polished_blackstone_wall,reinforced_polished_blackstone_wall,[1.20.1] SecurityCraft v1.10.2.1.jar,False
securitycraft,securitycraft:reinforced_polished_deepslate,reinforced_polished_deepslate,[1.20.1] SecurityCraft v1.10.2.1.jar,False
securitycraft,securitycraft:reinforced_polished_deepslate_slab,reinforced_polished_deepslate_slab,[1.20.1] SecurityCraft v1.10.2.1.jar,False
securitycraft,securitycraft:reinforced_polished_deepslate_stairs,reinforced_polished_deepslate_stairs,[1.20.1] SecurityCraft v1.10.2.1.jar,False
securitycraft,securitycraft:reinforced_polished_deepslate_wall,reinforced_polished_deepslate_wall,[1.20.1] SecurityCraft v1.10.2.1.jar,False
securitycraft,securitycraft:reinforced_polished_diorite,reinforced_polished_diorite,[1.20.1] SecurityCraft v1.10.2.1.jar,False
securitycraft,securitycraft:reinforced_polished_diorite_slab,reinforced_polished_diorite_slab,[1.20.1] SecurityCraft v1.10.2.1.jar,False
securitycraft,securitycraft:reinforced_polished_diorite_stairs,reinforced_polished_diorite_stairs,[1.20.1] SecurityCraft v1.10.2.1.jar,False
securitycraft,securitycraft:reinforced_polished_granite,reinforced_polished_granite,[1.20.1] SecurityCraft v1.10.2.1.jar,False
securitycraft,securitycraft:reinforced_polished_granite_slab,reinforced_polished_granite_slab,[1.20.1] SecurityCraft v1.10.2.1.jar,False
securitycraft,securitycraft:reinforced_polished_granite_stairs,reinforced_polished_granite_stairs,[1.20.1] SecurityCraft v1.10.2.1.jar,False
securitycraft,securitycraft:reinforced_powder_snow_cauldron,reinforced_powder_snow_cauldron,[1.20.1] SecurityCraft v1.10.2.1.jar,False
securitycraft,securitycraft:reinforced_prismarine,reinforced_prismarine,[1.20.1] SecurityCraft v1.10.2.1.jar,False
securitycraft,securitycraft:reinforced_prismarine_brick_slab,reinforced_prismarine_brick_slab,[1.20.1] SecurityCraft v1.10.2.1.jar,False
securitycraft,securitycraft:reinforced_prismarine_brick_stairs,reinforced_prismarine_brick_stairs,[1.20.1] SecurityCraft v1.10.2.1.jar,False
securitycraft,securitycraft:reinforced_prismarine_bricks,reinforced_prismarine_bricks,[1.20.1] SecurityCraft v1.10.2.1.jar,False
securitycraft,securitycraft:reinforced_prismarine_slab,reinforced_prismarine_slab,[1.20.1] SecurityCraft v1.10.2.1.jar,False
securitycraft,securitycraft:reinforced_prismarine_stairs,reinforced_prismarine_stairs,[1.20.1] SecurityCraft v1.10.2.1.jar,False
securitycraft,securitycraft:reinforced_prismarine_wall,reinforced_prismarine_wall,[1.20.1] SecurityCraft v1.10.2.1.jar,False
securitycraft,securitycraft:reinforced_purple_carpet,reinforced_purple_carpet,[1.20.1] SecurityCraft v1.10.2.1.jar,False
securitycraft,securitycraft:reinforced_purple_concrete,reinforced_purple_concrete,[1.20.1] SecurityCraft v1.10.2.1.jar,False
securitycraft,securitycraft:reinforced_purple_glazed_terracotta,reinforced_purple_glazed_terracotta,[1.20.1] SecurityCraft v1.10.2.1.jar,False
securitycraft,securitycraft:reinforced_purple_stained_glass,reinforced_purple_stained_glass,[1.20.1] SecurityCraft v1.10.2.1.jar,False
securitycraft,securitycraft:reinforced_purple_stained_glass_pane,reinforced_purple_stained_glass_pane,[1.20.1] SecurityCraft v1.10.2.1.jar,False
securitycraft,securitycraft:reinforced_purple_terracotta,reinforced_purple_terracotta,[1.20.1] SecurityCraft v1.10.2.1.jar,False
securitycraft,securitycraft:reinforced_purple_wool,reinforced_purple_wool,[1.20.1] SecurityCraft v1.10.2.1.jar,False
securitycraft,securitycraft:reinforced_purpur_block,reinforced_purpur_block,[1.20.1] SecurityCraft v1.10.2.1.jar,False
securitycraft,securitycraft:reinforced_purpur_pillar,reinforced_purpur_pillar,[1.20.1] SecurityCraft v1.10.2.1.jar,False
securitycraft,securitycraft:reinforced_purpur_slab,reinforced_purpur_slab,[1.20.1] SecurityCraft v1.10.2.1.jar,False
securitycraft,securitycraft:reinforced_purpur_stairs,reinforced_purpur_stairs,[1.20.1] SecurityCraft v1.10.2.1.jar,False
securitycraft,securitycraft:reinforced_quartz_block,reinforced_quartz_block,[1.20.1] SecurityCraft v1.10.2.1.jar,False
securitycraft,securitycraft:reinforced_quartz_bricks,reinforced_quartz_bricks,[1.20.1] SecurityCraft v1.10.2.1.jar,False
securitycraft,securitycraft:reinforced_quartz_pillar,reinforced_quartz_pillar,[1.20.1] SecurityCraft v1.10.2.1.jar,False
securitycraft,securitycraft:reinforced_quartz_slab,reinforced_quartz_slab,[1.20.1] SecurityCraft v1.10.2.1.jar,False
securitycraft,securitycraft:reinforced_quartz_stairs,reinforced_quartz_stairs,[1.20.1] SecurityCraft v1.10.2.1.jar,False
securitycraft,securitycraft:reinforced_raw_copper_block,reinforced_raw_copper_block,[1.20.1] SecurityCraft v1.10.2.1.jar,False
securitycraft,securitycraft:reinforced_raw_gold_block,reinforced_raw_gold_block,[1.20.1] SecurityCraft v1.10.2.1.jar,False
securitycraft,securitycraft:reinforced_raw_iron_block,reinforced_raw_iron_block,[1.20.1] SecurityCraft v1.10.2.1.jar,False
securitycraft,securitycraft:reinforced_red_carpet,reinforced_red_carpet,[1.20.1] SecurityCraft v1.10.2.1.jar,False
securitycraft,securitycraft:reinforced_red_concrete,reinforced_red_concrete,[1.20.1] SecurityCraft v1.10.2.1.jar,False
securitycraft,securitycraft:reinforced_red_glazed_terracotta,reinforced_red_glazed_terracotta,[1.20.1] SecurityCraft v1.10.2.1.jar,False
securitycraft,securitycraft:reinforced_red_nether_brick_slab,reinforced_red_nether_brick_slab,[1.20.1] SecurityCraft v1.10.2.1.jar,False
securitycraft,securitycraft:reinforced_red_nether_brick_stairs,reinforced_red_nether_brick_stairs,[1.20.1] SecurityCraft v1.10.2.1.jar,False
securitycraft,securitycraft:reinforced_red_nether_brick_wall,reinforced_red_nether_brick_wall,[1.20.1] SecurityCraft v1.10.2.1.jar,False
securitycraft,securitycraft:reinforced_red_nether_bricks,reinforced_red_nether_bricks,[1.20.1] SecurityCraft v1.10.2.1.jar,False
securitycraft,securitycraft:reinforced_red_sand,reinforced_red_sand,[1.20.1] SecurityCraft v1.10.2.1.jar,False
securitycraft,securitycraft:reinforced_red_sandstone,reinforced_red_sandstone,[1.20.1] SecurityCraft v1.10.2.1.jar,False
securitycraft,securitycraft:reinforced_red_sandstone_slab,reinforced_red_sandstone_slab,[1.20.1] SecurityCraft v1.10.2.1.jar,False
securitycraft,securitycraft:reinforced_red_sandstone_stairs,reinforced_red_sandstone_stairs,[1.20.1] SecurityCraft v1.10.2.1.jar,False
securitycraft,securitycraft:reinforced_red_sandstone_wall,reinforced_red_sandstone_wall,[1.20.1] SecurityCraft v1.10.2.1.jar,False
securitycraft,securitycraft:reinforced_red_stained_glass,reinforced_red_stained_glass,[1.20.1] SecurityCraft v1.10.2.1.jar,False
securitycraft,securitycraft:reinforced_red_stained_glass_pane,reinforced_red_stained_glass_pane,[1.20.1] SecurityCraft v1.10.2.1.jar,False
securitycraft,securitycraft:reinforced_red_terracotta,reinforced_red_terracotta,[1.20.1] SecurityCraft v1.10.2.1.jar,False
securitycraft,securitycraft:reinforced_red_wool,reinforced_red_wool,[1.20.1] SecurityCraft v1.10.2.1.jar,False
securitycraft,securitycraft:reinforced_redstone_block,reinforced_redstone_block,[1.20.1] SecurityCraft v1.10.2.1.jar,False
securitycraft,securitycraft:reinforced_redstone_lamp,reinforced_redstone_lamp,[1.20.1] SecurityCraft v1.10.2.1.jar,False
securitycraft,securitycraft:reinforced_rooted_dirt,reinforced_rooted_dirt,[1.20.1] SecurityCraft v1.10.2.1.jar,False
securitycraft,securitycraft:reinforced_sand,reinforced_sand,[1.20.1] SecurityCraft v1.10.2.1.jar,False
securitycraft,securitycraft:reinforced_sandstone,reinforced_sandstone,[1.20.1] SecurityCraft v1.10.2.1.jar,False
securitycraft,securitycraft:reinforced_sandstone_slab,reinforced_sandstone_slab,[1.20.1] SecurityCraft v1.10.2.1.jar,False
securitycraft,securitycraft:reinforced_sandstone_stairs,reinforced_sandstone_stairs,[1.20.1] SecurityCraft v1.10.2.1.jar,False
securitycraft,securitycraft:reinforced_sandstone_wall,reinforced_sandstone_wall,[1.20.1] SecurityCraft v1.10.2.1.jar,False
securitycraft,securitycraft:reinforced_scaffolding,reinforced_scaffolding,[1.20.1] SecurityCraft v1.10.2.1.jar,False
securitycraft,securitycraft:reinforced_sea_lantern,reinforced_sea_lantern,[1.20.1] SecurityCraft v1.10.2.1.jar,False
securitycraft,securitycraft:reinforced_shroomlight,reinforced_shroomlight,[1.20.1] SecurityCraft v1.10.2.1.jar,False
securitycraft,securitycraft:reinforced_smooth_basalt,reinforced_smooth_basalt,[1.20.1] SecurityCraft v1.10.2.1.jar,False
securitycraft,securitycraft:reinforced_smooth_crystal_quartz,reinforced_smooth_crystal_quartz,[1.20.1] SecurityCraft v1.10.2.1.jar,False
securitycraft,securitycraft:reinforced_smooth_crystal_quartz_slab,reinforced_smooth_crystal_quartz_slab,[1.20.1] SecurityCraft v1.10.2.1.jar,False
securitycraft,securitycraft:reinforced_smooth_crystal_quartz_stairs,reinforced_smooth_crystal_quartz_stairs,[1.20.1] SecurityCraft v1.10.2.1.jar,False
securitycraft,securitycraft:reinforced_smooth_quartz,reinforced_smooth_quartz,[1.20.1] SecurityCraft v1.10.2.1.jar,False
securitycraft,securitycraft:reinforced_smooth_quartz_slab,reinforced_smooth_quartz_slab,[1.20.1] SecurityCraft v1.10.2.1.jar,False
securitycraft,securitycraft:reinforced_smooth_quartz_stairs,reinforced_smooth_quartz_stairs,[1.20.1] SecurityCraft v1.10.2.1.jar,False
securitycraft,securitycraft:reinforced_smooth_red_sandstone,reinforced_smooth_red_sandstone,[1.20.1] SecurityCraft v1.10.2.1.jar,False
securitycraft,securitycraft:reinforced_smooth_red_sandstone_slab,reinforced_smooth_red_sandstone_slab,[1.20.1] SecurityCraft v1.10.2.1.jar,False
securitycraft,securitycraft:reinforced_smooth_red_sandstone_stairs,reinforced_smooth_red_sandstone_stairs,[1.20.1] SecurityCraft v1.10.2.1.jar,False
securitycraft,securitycraft:reinforced_smooth_sandstone,reinforced_smooth_sandstone,[1.20.1] SecurityCraft v1.10.2.1.jar,False
securitycraft,securitycraft:reinforced_smooth_sandstone_slab,reinforced_smooth_sandstone_slab,[1.20.1] SecurityCraft v1.10.2.1.jar,False
securitycraft,securitycraft:reinforced_smooth_sandstone_stairs,reinforced_smooth_sandstone_stairs,[1.20.1] SecurityCraft v1.10.2.1.jar,False
securitycraft,securitycraft:reinforced_smooth_stone,reinforced_smooth_stone,[1.20.1] SecurityCraft v1.10.2.1.jar,False
securitycraft,securitycraft:reinforced_snow_block,reinforced_snow_block,[1.20.1] SecurityCraft v1.10.2.1.jar,False
securitycraft,securitycraft:reinforced_soul_lantern,reinforced_soul_lantern,[1.20.1] SecurityCraft v1.10.2.1.jar,False
securitycraft,securitycraft:reinforced_soul_sand,reinforced_soul_sand,[1.20.1] SecurityCraft v1.10.2.1.jar,False
securitycraft,securitycraft:reinforced_soul_soil,reinforced_soul_soil,[1.20.1] SecurityCraft v1.10.2.1.jar,False
securitycraft,securitycraft:reinforced_spruce_button,reinforced_spruce_button,[1.20.1] SecurityCraft v1.10.2.1.jar,False
securitycraft,securitycraft:reinforced_spruce_fence,reinforced_spruce_fence,[1.20.1] SecurityCraft v1.10.2.1.jar,False
securitycraft,securitycraft:reinforced_spruce_fence_gate,reinforced_spruce_fence_gate,[1.20.1] SecurityCraft v1.10.2.1.jar,False
securitycraft,securitycraft:reinforced_spruce_log,reinforced_spruce_log,[1.20.1] SecurityCraft v1.10.2.1.jar,False
securitycraft,securitycraft:reinforced_spruce_planks,reinforced_spruce_planks,[1.20.1] SecurityCraft v1.10.2.1.jar,False
securitycraft,securitycraft:reinforced_spruce_pressure_plate,reinforced_spruce_pressure_plate,[1.20.1] SecurityCraft v1.10.2.1.jar,False
securitycraft,securitycraft:reinforced_spruce_slab,reinforced_spruce_slab,[1.20.1] SecurityCraft v1.10.2.1.jar,False
securitycraft,securitycraft:reinforced_spruce_stairs,reinforced_spruce_stairs,[1.20.1] SecurityCraft v1.10.2.1.jar,False
securitycraft,securitycraft:reinforced_spruce_wood,reinforced_spruce_wood,[1.20.1] SecurityCraft v1.10.2.1.jar,False
securitycraft,securitycraft:reinforced_sticky_piston,reinforced_sticky_piston,[1.20.1] SecurityCraft v1.10.2.1.jar,False
securitycraft,securitycraft:reinforced_stone,reinforced_stone,[1.20.1] SecurityCraft v1.10.2.1.jar,False
securitycraft,securitycraft:reinforced_stone_brick_slab,reinforced_stone_brick_slab,[1.20.1] SecurityCraft v1.10.2.1.jar,False
securitycraft,securitycraft:reinforced_stone_brick_stairs,reinforced_stone_brick_stairs,[1.20.1] SecurityCraft v1.10.2.1.jar,False
securitycraft,securitycraft:reinforced_stone_brick_wall,reinforced_stone_brick_wall,[1.20.1] SecurityCraft v1.10.2.1.jar,False
securitycraft,securitycraft:reinforced_stone_bricks,reinforced_stone_bricks,[1.20.1] SecurityCraft v1.10.2.1.jar,False
securitycraft,securitycraft:reinforced_stone_button,reinforced_stone_button,[1.20.1] SecurityCraft v1.10.2.1.jar,False
securitycraft,securitycraft:reinforced_stone_polished_andesite,reinforced_stone_polished_andesite,[1.20.1] SecurityCraft v1.10.2.1.jar,False
securitycraft,securitycraft:reinforced_stone_polished_granite,reinforced_stone_polished_granite,[1.20.1] SecurityCraft v1.10.2.1.jar,False
securitycraft,securitycraft:reinforced_stone_pressure_plate,reinforced_stone_pressure_plate,[1.20.1] SecurityCraft v1.10.2.1.jar,False
securitycraft,securitycraft:reinforced_stone_slab,reinforced_stone_slab,[1.20.1] SecurityCraft v1.10.2.1.jar,False
securitycraft,securitycraft:reinforced_stone_stairs,reinforced_stone_stairs,[1.20.1] SecurityCraft v1.10.2.1.jar,False
securitycraft,securitycraft:reinforced_stripped_acacia_log,reinforced_stripped_acacia_log,[1.20.1] SecurityCraft v1.10.2.1.jar,False
securitycraft,securitycraft:reinforced_stripped_acacia_wood,reinforced_stripped_acacia_wood,[1.20.1] SecurityCraft v1.10.2.1.jar,False
securitycraft,securitycraft:reinforced_stripped_bamboo_block,reinforced_stripped_bamboo_block,[1.20.1] SecurityCraft v1.10.2.1.jar,False
securitycraft,securitycraft:reinforced_stripped_birch_log,reinforced_stripped_birch_log,[1.20.1] SecurityCraft v1.10.2.1.jar,False
securitycraft,securitycraft:reinforced_stripped_birch_wood,reinforced_stripped_birch_wood,[1.20.1] SecurityCraft v1.10.2.1.jar,False
securitycraft,securitycraft:reinforced_stripped_cherry_log,reinforced_stripped_cherry_log,[1.20.1] SecurityCraft v1.10.2.1.jar,False
securitycraft,securitycraft:reinforced_stripped_cherry_wood,reinforced_stripped_cherry_wood,[1.20.1] SecurityCraft v1.10.2.1.jar,False
securitycraft,securitycraft:reinforced_stripped_crimson_hyphae,reinforced_stripped_crimson_hyphae,[1.20.1] SecurityCraft v1.10.2.1.jar,False
securitycraft,securitycraft:reinforced_stripped_crimson_stem,reinforced_stripped_crimson_stem,[1.20.1] SecurityCraft v1.10.2.1.jar,False
securitycraft,securitycraft:reinforced_stripped_dark_oak_log,reinforced_stripped_dark_oak_log,[1.20.1] SecurityCraft v1.10.2.1.jar,False
securitycraft,securitycraft:reinforced_stripped_dark_oak_wood,reinforced_stripped_dark_oak_wood,[1.20.1] SecurityCraft v1.10.2.1.jar,False
securitycraft,securitycraft:reinforced_stripped_jungle_log,reinforced_stripped_jungle_log,[1.20.1] SecurityCraft v1.10.2.1.jar,False
securitycraft,securitycraft:reinforced_stripped_jungle_wood,reinforced_stripped_jungle_wood,[1.20.1] SecurityCraft v1.10.2.1.jar,False
securitycraft,securitycraft:reinforced_stripped_mangrove_log,reinforced_stripped_mangrove_log,[1.20.1] SecurityCraft v1.10.2.1.jar,False
securitycraft,securitycraft:reinforced_stripped_mangrove_wood,reinforced_stripped_mangrove_wood,[1.20.1] SecurityCraft v1.10.2.1.jar,False
securitycraft,securitycraft:reinforced_stripped_oak_log,reinforced_stripped_oak_log,[1.20.1] SecurityCraft v1.10.2.1.jar,False
securitycraft,securitycraft:reinforced_stripped_oak_wood,reinforced_stripped_oak_wood,[1.20.1] SecurityCraft v1.10.2.1.jar,False
securitycraft,securitycraft:reinforced_stripped_spruce_log,reinforced_stripped_spruce_log,[1.20.1] SecurityCraft v1.10.2.1.jar,False
securitycraft,securitycraft:reinforced_stripped_spruce_wood,reinforced_stripped_spruce_wood,[1.20.1] SecurityCraft v1.10.2.1.jar,False
securitycraft,securitycraft:reinforced_stripped_warped_hyphae,reinforced_stripped_warped_hyphae,[1.20.1] SecurityCraft v1.10.2.1.jar,False
securitycraft,securitycraft:reinforced_stripped_warped_stem,reinforced_stripped_warped_stem,[1.20.1] SecurityCraft v1.10.2.1.jar,False
securitycraft,securitycraft:reinforced_tinted_glass,reinforced_tinted_glass,[1.20.1] SecurityCraft v1.10.2.1.jar,False
securitycraft,securitycraft:reinforced_tuff,reinforced_tuff,[1.20.1] SecurityCraft v1.10.2.1.jar,False
securitycraft,securitycraft:reinforced_verdant_froglight,reinforced_verdant_froglight,[1.20.1] SecurityCraft v1.10.2.1.jar,False
securitycraft,securitycraft:reinforced_warped_button,reinforced_warped_button,[1.20.1] SecurityCraft v1.10.2.1.jar,False
securitycraft,securitycraft:reinforced_warped_fence,reinforced_warped_fence,[1.20.1] SecurityCraft v1.10.2.1.jar,False
securitycraft,securitycraft:reinforced_warped_fence_gate,reinforced_warped_fence_gate,[1.20.1] SecurityCraft v1.10.2.1.jar,False
securitycraft,securitycraft:reinforced_warped_hyphae,reinforced_warped_hyphae,[1.20.1] SecurityCraft v1.10.2.1.jar,False
securitycraft,securitycraft:reinforced_warped_nylium,reinforced_warped_nylium,[1.20.1] SecurityCraft v1.10.2.1.jar,False
securitycraft,securitycraft:reinforced_warped_planks,reinforced_warped_planks,[1.20.1] SecurityCraft v1.10.2.1.jar,False
securitycraft,securitycraft:reinforced_warped_pressure_plate,reinforced_warped_pressure_plate,[1.20.1] SecurityCraft v1.10.2.1.jar,False
securitycraft,securitycraft:reinforced_warped_slab,reinforced_warped_slab,[1.20.1] SecurityCraft v1.10.2.1.jar,False
securitycraft,securitycraft:reinforced_warped_stairs,reinforced_warped_stairs,[1.20.1] SecurityCraft v1.10.2.1.jar,False
securitycraft,securitycraft:reinforced_warped_stem,reinforced_warped_stem,[1.20.1] SecurityCraft v1.10.2.1.jar,False
securitycraft,securitycraft:reinforced_warped_wart_block,reinforced_warped_wart_block,[1.20.1] SecurityCraft v1.10.2.1.jar,False
securitycraft,securitycraft:reinforced_water_cauldron,reinforced_water_cauldron,[1.20.1] SecurityCraft v1.10.2.1.jar,False
securitycraft,securitycraft:reinforced_weathered_copper,reinforced_weathered_copper,[1.20.1] SecurityCraft v1.10.2.1.jar,False
securitycraft,securitycraft:reinforced_weathered_cut_copper,reinforced_weathered_cut_copper,[1.20.1] SecurityCraft v1.10.2.1.jar,False
securitycraft,securitycraft:reinforced_weathered_cut_copper_slab,reinforced_weathered_cut_copper_slab,[1.20.1] SecurityCraft v1.10.2.1.jar,False
securitycraft,securitycraft:reinforced_weathered_cut_copper_stairs,reinforced_weathered_cut_copper_stairs,[1.20.1] SecurityCraft v1.10.2.1.jar,False
securitycraft,securitycraft:reinforced_white_carpet,reinforced_white_carpet,[1.20.1] SecurityCraft v1.10.2.1.jar,False
securitycraft,securitycraft:reinforced_white_concrete,reinforced_white_concrete,[1.20.1] SecurityCraft v1.10.2.1.jar,False
securitycraft,securitycraft:reinforced_white_glazed_terracotta,reinforced_white_glazed_terracotta,[1.20.1] SecurityCraft v1.10.2.1.jar,False
securitycraft,securitycraft:reinforced_white_stained_glass,reinforced_white_stained_glass,[1.20.1] SecurityCraft v1.10.2.1.jar,False
securitycraft,securitycraft:reinforced_white_stained_glass_pane,reinforced_white_stained_glass_pane,[1.20.1] SecurityCraft v1.10.2.1.jar,False
securitycraft,securitycraft:reinforced_white_terracotta,reinforced_white_terracotta,[1.20.1] SecurityCraft v1.10.2.1.jar,False
securitycraft,securitycraft:reinforced_white_wool,reinforced_white_wool,[1.20.1] SecurityCraft v1.10.2.1.jar,False
securitycraft,securitycraft:reinforced_yellow_carpet,reinforced_yellow_carpet,[1.20.1] SecurityCraft v1.10.2.1.jar,False
securitycraft,securitycraft:reinforced_yellow_concrete,reinforced_yellow_concrete,[1.20.1] SecurityCraft v1.10.2.1.jar,False
securitycraft,securitycraft:reinforced_yellow_glazed_terracotta,reinforced_yellow_glazed_terracotta,[1.20.1] SecurityCraft v1.10.2.1.jar,False
securitycraft,securitycraft:reinforced_yellow_stained_glass,reinforced_yellow_stained_glass,[1.20.1] SecurityCraft v1.10.2.1.jar,False
securitycraft,securitycraft:reinforced_yellow_stained_glass_pane,reinforced_yellow_stained_glass_pane,[1.20.1] SecurityCraft v1.10.2.1.jar,False
securitycraft,securitycraft:reinforced_yellow_terracotta,reinforced_yellow_terracotta,[1.20.1] SecurityCraft v1.10.2.1.jar,False
securitycraft,securitycraft:reinforced_yellow_wool,reinforced_yellow_wool,[1.20.1] SecurityCraft v1.10.2.1.jar,False
securitycraft,securitycraft:retinal_scanner,retinal_scanner,[1.20.1] SecurityCraft v1.10.2.1.jar,False
securitycraft,securitycraft:rift_stabilizer,rift_stabilizer,[1.20.1] SecurityCraft v1.10.2.1.jar,False
securitycraft,securitycraft:sand_mine,sand_mine,[1.20.1] SecurityCraft v1.10.2.1.jar,False
securitycraft,securitycraft:scanner_door,scanner_door,[1.20.1] SecurityCraft v1.10.2.1.jar,False
securitycraft,securitycraft:scanner_trapdoor,scanner_trapdoor,[1.20.1] SecurityCraft v1.10.2.1.jar,False
securitycraft,securitycraft:secret_acacia_hanging_sign,secret_acacia_hanging_sign,[1.20.1] SecurityCraft v1.10.2.1.jar,False
securitycraft,securitycraft:secret_acacia_sign_standing,secret_acacia_sign_standing,[1.20.1] SecurityCraft v1.10.2.1.jar,False
securitycraft,securitycraft:secret_acacia_sign_wall,secret_acacia_sign_wall,[1.20.1] SecurityCraft v1.10.2.1.jar,False
securitycraft,securitycraft:secret_acacia_wall_hanging_sign,secret_acacia_wall_hanging_sign,[1.20.1] SecurityCraft v1.10.2.1.jar,False
securitycraft,securitycraft:secret_bamboo_hanging_sign,secret_bamboo_hanging_sign,[1.20.1] SecurityCraft v1.10.2.1.jar,False
securitycraft,securitycraft:secret_bamboo_sign_standing,secret_bamboo_sign_standing,[1.20.1] SecurityCraft v1.10.2.1.jar,False
securitycraft,securitycraft:secret_bamboo_sign_wall,secret_bamboo_sign_wall,[1.20.1] SecurityCraft v1.10.2.1.jar,False
securitycraft,securitycraft:secret_bamboo_wall_hanging_sign,secret_bamboo_wall_hanging_sign,[1.20.1] SecurityCraft v1.10.2.1.jar,False
securitycraft,securitycraft:secret_birch_hanging_sign,secret_birch_hanging_sign,[1.20.1] SecurityCraft v1.10.2.1.jar,False
securitycraft,securitycraft:secret_birch_sign_standing,secret_birch_sign_standing,[1.20.1] SecurityCraft v1.10.2.1.jar,False
securitycraft,securitycraft:secret_birch_sign_wall,secret_birch_sign_wall,[1.20.1] SecurityCraft v1.10.2.1.jar,False
securitycraft,securitycraft:secret_birch_wall_hanging_sign,secret_birch_wall_hanging_sign,[1.20.1] SecurityCraft v1.10.2.1.jar,False
securitycraft,securitycraft:secret_cherry_hanging_sign,secret_cherry_hanging_sign,[1.20.1] SecurityCraft v1.10.2.1.jar,False
securitycraft,securitycraft:secret_cherry_sign_standing,secret_cherry_sign_standing,[1.20.1] SecurityCraft v1.10.2.1.jar,False
securitycraft,securitycraft:secret_cherry_sign_wall,secret_cherry_sign_wall,[1.20.1] SecurityCraft v1.10.2.1.jar,False
securitycraft,securitycraft:secret_cherry_wall_hanging_sign,secret_cherry_wall_hanging_sign,[1.20.1] SecurityCraft v1.10.2.1.jar,False
securitycraft,securitycraft:secret_crimson_hanging_sign,secret_crimson_hanging_sign,[1.20.1] SecurityCraft v1.10.2.1.jar,False
securitycraft,securitycraft:secret_crimson_sign_standing,secret_crimson_sign_standing,[1.20.1] SecurityCraft v1.10.2.1.jar,False
securitycraft,securitycraft:secret_crimson_sign_wall,secret_crimson_sign_wall,[1.20.1] SecurityCraft v1.10.2.1.jar,False
securitycraft,securitycraft:secret_crimson_wall_hanging_sign,secret_crimson_wall_hanging_sign,[1.20.1] SecurityCraft v1.10.2.1.jar,False
securitycraft,securitycraft:secret_dark_oak_hanging_sign,secret_dark_oak_hanging_sign,[1.20.1] SecurityCraft v1.10.2.1.jar,False
securitycraft,securitycraft:secret_dark_oak_sign_standing,secret_dark_oak_sign_standing,[1.20.1] SecurityCraft v1.10.2.1.jar,False
securitycraft,securitycraft:secret_dark_oak_sign_wall,secret_dark_oak_sign_wall,[1.20.1] SecurityCraft v1.10.2.1.jar,False
securitycraft,securitycraft:secret_dark_oak_wall_hanging_sign,secret_dark_oak_wall_hanging_sign,[1.20.1] SecurityCraft v1.10.2.1.jar,False
securitycraft,securitycraft:secret_jungle_hanging_sign,secret_jungle_hanging_sign,[1.20.1] SecurityCraft v1.10.2.1.jar,False
securitycraft,securitycraft:secret_jungle_sign_standing,secret_jungle_sign_standing,[1.20.1] SecurityCraft v1.10.2.1.jar,False
securitycraft,securitycraft:secret_jungle_sign_wall,secret_jungle_sign_wall,[1.20.1] SecurityCraft v1.10.2.1.jar,False
securitycraft,securitycraft:secret_jungle_wall_hanging_sign,secret_jungle_wall_hanging_sign,[1.20.1] SecurityCraft v1.10.2.1.jar,False
securitycraft,securitycraft:secret_mangrove_hanging_sign,secret_mangrove_hanging_sign,[1.20.1] SecurityCraft v1.10.2.1.jar,False
securitycraft,securitycraft:secret_mangrove_sign_standing,secret_mangrove_sign_standing,[1.20.1] SecurityCraft v1.10.2.1.jar,False
securitycraft,securitycraft:secret_mangrove_sign_wall,secret_mangrove_sign_wall,[1.20.1] SecurityCraft v1.10.2.1.jar,False
securitycraft,securitycraft:secret_mangrove_wall_hanging_sign,secret_mangrove_wall_hanging_sign,[1.20.1] SecurityCraft v1.10.2.1.jar,False
securitycraft,securitycraft:secret_oak_hanging_sign,secret_oak_hanging_sign,[1.20.1] SecurityCraft v1.10.2.1.jar,False
securitycraft,securitycraft:secret_oak_wall_hanging_sign,secret_oak_wall_hanging_sign,[1.20.1] SecurityCraft v1.10.2.1.jar,False
securitycraft,securitycraft:secret_sign_standing,secret_sign_standing,[1.20.1] SecurityCraft v1.10.2.1.jar,False
securitycraft,securitycraft:secret_sign_wall,secret_sign_wall,[1.20.1] SecurityCraft v1.10.2.1.jar,False
securitycraft,securitycraft:secret_spruce_hanging_sign,secret_spruce_hanging_sign,[1.20.1] SecurityCraft v1.10.2.1.jar,False
securitycraft,securitycraft:secret_spruce_sign_standing,secret_spruce_sign_standing,[1.20.1] SecurityCraft v1.10.2.1.jar,False
securitycraft,securitycraft:secret_spruce_sign_wall,secret_spruce_sign_wall,[1.20.1] SecurityCraft v1.10.2.1.jar,False
securitycraft,securitycraft:secret_spruce_wall_hanging_sign,secret_spruce_wall_hanging_sign,[1.20.1] SecurityCraft v1.10.2.1.jar,False
securitycraft,securitycraft:secret_warped_hanging_sign,secret_warped_hanging_sign,[1.20.1] SecurityCraft v1.10.2.1.jar,False
securitycraft,securitycraft:secret_warped_sign_standing,secret_warped_sign_standing,[1.20.1] SecurityCraft v1.10.2.1.jar,False
securitycraft,securitycraft:secret_warped_sign_wall,secret_warped_sign_wall,[1.20.1] SecurityCraft v1.10.2.1.jar,False
securitycraft,securitycraft:secret_warped_wall_hanging_sign,secret_warped_wall_hanging_sign,[1.20.1] SecurityCraft v1.10.2.1.jar,False
securitycraft,securitycraft:secure_redstone_interface,secure_redstone_interface,[1.20.1] SecurityCraft v1.10.2.1.jar,False
securitycraft,securitycraft:secure_trading_station,secure_trading_station,[1.20.1] SecurityCraft v1.10.2.1.jar,False
securitycraft,securitycraft:security_camera,security_camera,[1.20.1] SecurityCraft v1.10.2.1.jar,False
securitycraft,securitycraft:sentry_disguise,sentry_disguise,[1.20.1] SecurityCraft v1.10.2.1.jar,False
securitycraft,securitycraft:smoker_mine,smoker_mine,[1.20.1] SecurityCraft v1.10.2.1.jar,False
securitycraft,securitycraft:smooth_crystal_quartz,smooth_crystal_quartz,[1.20.1] SecurityCraft v1.10.2.1.jar,False
securitycraft,securitycraft:smooth_crystal_quartz_slab,smooth_crystal_quartz_slab,[1.20.1] SecurityCraft v1.10.2.1.jar,False
securitycraft,securitycraft:smooth_crystal_quartz_stairs,smooth_crystal_quartz_stairs,[1.20.1] SecurityCraft v1.10.2.1.jar,False
securitycraft,securitycraft:sonic_security_system,sonic_security_system,[1.20.1] SecurityCraft v1.10.2.1.jar,False
securitycraft,securitycraft:stone_mine,stone_mine,[1.20.1] SecurityCraft v1.10.2.1.jar,False
securitycraft,securitycraft:suspicious_gravel_mine,suspicious_gravel_mine,[1.20.1] SecurityCraft v1.10.2.1.jar,False
securitycraft,securitycraft:suspicious_sand_mine,suspicious_sand_mine,[1.20.1] SecurityCraft v1.10.2.1.jar,False
securitycraft,securitycraft:track_mine,track_mine,[1.20.1] SecurityCraft v1.10.2.1.jar,False
securitycraft,securitycraft:trophy_system,trophy_system,[1.20.1] SecurityCraft v1.10.2.1.jar,False
securitycraft,securitycraft:username_logger,username_logger,[1.20.1] SecurityCraft v1.10.2.1.jar,False
sentrymechanicalarm,sentrymechanicalarm:blaze_fire_control,blaze_fire_control,sentrymechanicalarm-0.3.5-1.20.1-Forge.jar,False
sentrymechanicalarm,sentrymechanicalarm:sentry_mechanical_arm,sentry_mechanical_arm,sentrymechanicalarm-0.3.5-1.20.1-Forge.jar,False
shelfmod,shelfmod:floor_shelf_acacia,floor_shelf_acacia,shelfmod-mc1.20.1-forge-3.2.jar,True
shelfmod,shelfmod:floor_shelf_bamboo,floor_shelf_bamboo,shelfmod-mc1.20.1-forge-3.2.jar,True
shelfmod,shelfmod:floor_shelf_birch,floor_shelf_birch,shelfmod-mc1.20.1-forge-3.2.jar,True
shelfmod,shelfmod:floor_shelf_cherry,floor_shelf_cherry,shelfmod-mc1.20.1-forge-3.2.jar,True
shelfmod,shelfmod:floor_shelf_crimson,floor_shelf_crimson,shelfmod-mc1.20.1-forge-3.2.jar,True
shelfmod,shelfmod:floor_shelf_dark_oak,floor_shelf_dark_oak,shelfmod-mc1.20.1-forge-3.2.jar,True
shelfmod,shelfmod:floor_shelf_jungle,floor_shelf_jungle,shelfmod-mc1.20.1-forge-3.2.jar,True
shelfmod,shelfmod:floor_shelf_mangrove,floor_shelf_mangrove,shelfmod-mc1.20.1-forge-3.2.jar,True
shelfmod,shelfmod:floor_shelf_oak,floor_shelf_oak,shelfmod-mc1.20.1-forge-3.2.jar,True
shelfmod,shelfmod:floor_shelf_pale_oak,floor_shelf_pale_oak,shelfmod-mc1.20.1-forge-3.2.jar,True
shelfmod,shelfmod:floor_shelf_spruce,floor_shelf_spruce,shelfmod-mc1.20.1-forge-3.2.jar,True
shelfmod,shelfmod:floor_shelf_warped,floor_shelf_warped,shelfmod-mc1.20.1-forge-3.2.jar,True
shelfmod,shelfmod:shelf_acacia,shelf_acacia,shelfmod-mc1.20.1-forge-3.2.jar,True
shelfmod,shelfmod:shelf_bamboo,shelf_bamboo,shelfmod-mc1.20.1-forge-3.2.jar,True
shelfmod,shelfmod:shelf_birch,shelf_birch,shelfmod-mc1.20.1-forge-3.2.jar,True
shelfmod,shelfmod:shelf_cherry,shelf_cherry,shelfmod-mc1.20.1-forge-3.2.jar,True
shelfmod,shelfmod:shelf_crimson,shelf_crimson,shelfmod-mc1.20.1-forge-3.2.jar,True
shelfmod,shelfmod:shelf_dark_oak,shelf_dark_oak,shelfmod-mc1.20.1-forge-3.2.jar,True
shelfmod,shelfmod:shelf_jungle,shelf_jungle,shelfmod-mc1.20.1-forge-3.2.jar,True
shelfmod,shelfmod:shelf_mangrove,shelf_mangrove,shelfmod-mc1.20.1-forge-3.2.jar,True
shelfmod,shelfmod:shelf_oak,shelf_oak,shelfmod-mc1.20.1-forge-3.2.jar,True
shelfmod,shelfmod:shelf_pale_oak,shelf_pale_oak,shelfmod-mc1.20.1-forge-3.2.jar,True
shelfmod,shelfmod:shelf_spruce,shelf_spruce,shelfmod-mc1.20.1-forge-3.2.jar,True
shelfmod,shelfmod:shelf_warped,shelf_warped,shelfmod-mc1.20.1-forge-3.2.jar,True
simpleenemymod,simpleenemymod:recruit_table,recruit_table,simpleenemymod-1.20.1-0.1.5-beta.jar,True
simplylight,simplylight:edge_light,edge_light,simplylight-1.20.1-1.4.6-build.50.jar,False
simplylight,simplylight:edge_light_top,edge_light_top,simplylight-1.20.1-1.4.6-build.50.jar,False
simplylight,simplylight:illuminant_black_block,illuminant_black_block,simplylight-1.20.1-1.4.6-build.50.jar,False
simplylight,simplylight:illuminant_black_block_on,illuminant_black_block_on,simplylight-1.20.1-1.4.6-build.50.jar,False
simplylight,simplylight:illuminant_block,illuminant_block,simplylight-1.20.1-1.4.6-build.50.jar,False
simplylight,simplylight:illuminant_block_on,illuminant_block_on,simplylight-1.20.1-1.4.6-build.50.jar,False
simplylight,simplylight:illuminant_blue_block,illuminant_blue_block,simplylight-1.20.1-1.4.6-build.50.jar,False
simplylight,simplylight:illuminant_blue_block_on,illuminant_blue_block_on,simplylight-1.20.1-1.4.6-build.50.jar,False
simplylight,simplylight:illuminant_brown_block,illuminant_brown_block,simplylight-1.20.1-1.4.6-build.50.jar,False
simplylight,simplylight:illuminant_brown_block_on,illuminant_brown_block_on,simplylight-1.20.1-1.4.6-build.50.jar,False
simplylight,simplylight:illuminant_cyan_block,illuminant_cyan_block,simplylight-1.20.1-1.4.6-build.50.jar,False
simplylight,simplylight:illuminant_cyan_block_on,illuminant_cyan_block_on,simplylight-1.20.1-1.4.6-build.50.jar,False
simplylight,simplylight:illuminant_gray_block,illuminant_gray_block,simplylight-1.20.1-1.4.6-build.50.jar,False
simplylight,simplylight:illuminant_gray_block_on,illuminant_gray_block_on,simplylight-1.20.1-1.4.6-build.50.jar,False
simplylight,simplylight:illuminant_green_block,illuminant_green_block,simplylight-1.20.1-1.4.6-build.50.jar,False
simplylight,simplylight:illuminant_green_block_on,illuminant_green_block_on,simplylight-1.20.1-1.4.6-build.50.jar,False
simplylight,simplylight:illuminant_light_blue_block,illuminant_light_blue_block,simplylight-1.20.1-1.4.6-build.50.jar,False
simplylight,simplylight:illuminant_light_blue_block_on,illuminant_light_blue_block_on,simplylight-1.20.1-1.4.6-build.50.jar,False
simplylight,simplylight:illuminant_light_gray_block,illuminant_light_gray_block,simplylight-1.20.1-1.4.6-build.50.jar,False
simplylight,simplylight:illuminant_light_gray_block_on,illuminant_light_gray_block_on,simplylight-1.20.1-1.4.6-build.50.jar,False
simplylight,simplylight:illuminant_lime_block,illuminant_lime_block,simplylight-1.20.1-1.4.6-build.50.jar,False
simplylight,simplylight:illuminant_lime_block_on,illuminant_lime_block_on,simplylight-1.20.1-1.4.6-build.50.jar,False
simplylight,simplylight:illuminant_magenta_block,illuminant_magenta_block,simplylight-1.20.1-1.4.6-build.50.jar,False
simplylight,simplylight:illuminant_magenta_block_on,illuminant_magenta_block_on,simplylight-1.20.1-1.4.6-build.50.jar,False
simplylight,simplylight:illuminant_orange_block,illuminant_orange_block,simplylight-1.20.1-1.4.6-build.50.jar,False
simplylight,simplylight:illuminant_orange_block_on,illuminant_orange_block_on,simplylight-1.20.1-1.4.6-build.50.jar,False
simplylight,simplylight:illuminant_panel,illuminant_panel,simplylight-1.20.1-1.4.6-build.50.jar,False
simplylight,simplylight:illuminant_pink_block,illuminant_pink_block,simplylight-1.20.1-1.4.6-build.50.jar,False
simplylight,simplylight:illuminant_pink_block_on,illuminant_pink_block_on,simplylight-1.20.1-1.4.6-build.50.jar,False
simplylight,simplylight:illuminant_purple_block,illuminant_purple_block,simplylight-1.20.1-1.4.6-build.50.jar,False
simplylight,simplylight:illuminant_purple_block_on,illuminant_purple_block_on,simplylight-1.20.1-1.4.6-build.50.jar,False
simplylight,simplylight:illuminant_red_block,illuminant_red_block,simplylight-1.20.1-1.4.6-build.50.jar,False
simplylight,simplylight:illuminant_red_block_on,illuminant_red_block_on,simplylight-1.20.1-1.4.6-build.50.jar,False
simplylight,simplylight:illuminant_slab,illuminant_slab,simplylight-1.20.1-1.4.6-build.50.jar,False
simplylight,simplylight:illuminant_yellow_block,illuminant_yellow_block,simplylight-1.20.1-1.4.6-build.50.jar,False
simplylight,simplylight:illuminant_yellow_block_on,illuminant_yellow_block_on,simplylight-1.20.1-1.4.6-build.50.jar,False
simplylight,simplylight:lamp_post,lamp_post,simplylight-1.20.1-1.4.6-build.50.jar,False
simplylight,simplylight:lightbulb,lightbulb,simplylight-1.20.1-1.4.6-build.50.jar,False
simplylight,simplylight:rodlamp,rodlamp,simplylight-1.20.1-1.4.6-build.50.jar,False
simplylight,simplylight:wall_lamp,wall_lamp,simplylight-1.20.1-1.4.6-build.50.jar,False
sophisticatedbackpacks,sophisticatedbackpacks:backpack,backpack,sophisticatedbackpacks-1.20.1-3.24.62.2017.jar,False
sophisticatedbackpacks,sophisticatedbackpacks:copper_backpack,copper_backpack,sophisticatedbackpacks-1.20.1-3.24.62.2017.jar,False
sophisticatedbackpacks,sophisticatedbackpacks:diamond_backpack,diamond_backpack,sophisticatedbackpacks-1.20.1-3.24.62.2017.jar,False
sophisticatedbackpacks,sophisticatedbackpacks:gold_backpack,gold_backpack,sophisticatedbackpacks-1.20.1-3.24.62.2017.jar,False
sophisticatedbackpacks,sophisticatedbackpacks:iron_backpack,iron_backpack,sophisticatedbackpacks-1.20.1-3.24.62.2017.jar,False
sophisticatedbackpacks,sophisticatedbackpacks:netherite_backpack,netherite_backpack,sophisticatedbackpacks-1.20.1-3.24.62.2017.jar,False
sophisticatedstorage,sophisticatedstorage:acacia_storage_connector,acacia_storage_connector,sophisticatedstorage-1.20.1-1.4.75.2007.jar,True
sophisticatedstorage,sophisticatedstorage:bamboo_storage_connector,bamboo_storage_connector,sophisticatedstorage-1.20.1-1.4.75.2007.jar,True
sophisticatedstorage,sophisticatedstorage:barrel,barrel,sophisticatedstorage-1.20.1-1.4.75.2007.jar,True
sophisticatedstorage,sophisticatedstorage:birch_storage_connector,birch_storage_connector,sophisticatedstorage-1.20.1-1.4.75.2007.jar,True
sophisticatedstorage,sophisticatedstorage:cherry_storage_connector,cherry_storage_connector,sophisticatedstorage-1.20.1-1.4.75.2007.jar,True
sophisticatedstorage,sophisticatedstorage:chest,chest,sophisticatedstorage-1.20.1-1.4.75.2007.jar,True
sophisticatedstorage,sophisticatedstorage:controller,controller,sophisticatedstorage-1.20.1-1.4.75.2007.jar,False
sophisticatedstorage,sophisticatedstorage:copper_barrel,copper_barrel,sophisticatedstorage-1.20.1-1.4.75.2007.jar,True
sophisticatedstorage,sophisticatedstorage:copper_chest,copper_chest,sophisticatedstorage-1.20.1-1.4.75.2007.jar,True
sophisticatedstorage,sophisticatedstorage:copper_shulker_box,copper_shulker_box,sophisticatedstorage-1.20.1-1.4.75.2007.jar,False
sophisticatedstorage,sophisticatedstorage:crimson_storage_connector,crimson_storage_connector,sophisticatedstorage-1.20.1-1.4.75.2007.jar,True
sophisticatedstorage,sophisticatedstorage:dark_oak_storage_connector,dark_oak_storage_connector,sophisticatedstorage-1.20.1-1.4.75.2007.jar,True
sophisticatedstorage,sophisticatedstorage:decoration_table,decoration_table,sophisticatedstorage-1.20.1-1.4.75.2007.jar,True
sophisticatedstorage,sophisticatedstorage:diamond_barrel,diamond_barrel,sophisticatedstorage-1.20.1-1.4.75.2007.jar,True
sophisticatedstorage,sophisticatedstorage:diamond_chest,diamond_chest,sophisticatedstorage-1.20.1-1.4.75.2007.jar,True
sophisticatedstorage,sophisticatedstorage:diamond_shulker_box,diamond_shulker_box,sophisticatedstorage-1.20.1-1.4.75.2007.jar,False
sophisticatedstorage,sophisticatedstorage:gold_barrel,gold_barrel,sophisticatedstorage-1.20.1-1.4.75.2007.jar,True
sophisticatedstorage,sophisticatedstorage:gold_chest,gold_chest,sophisticatedstorage-1.20.1-1.4.75.2007.jar,True
sophisticatedstorage,sophisticatedstorage:gold_shulker_box,gold_shulker_box,sophisticatedstorage-1.20.1-1.4.75.2007.jar,False
sophisticatedstorage,sophisticatedstorage:iron_barrel,iron_barrel,sophisticatedstorage-1.20.1-1.4.75.2007.jar,True
sophisticatedstorage,sophisticatedstorage:iron_chest,iron_chest,sophisticatedstorage-1.20.1-1.4.75.2007.jar,True
sophisticatedstorage,sophisticatedstorage:iron_shulker_box,iron_shulker_box,sophisticatedstorage-1.20.1-1.4.75.2007.jar,False
sophisticatedstorage,sophisticatedstorage:jungle_storage_connector,jungle_storage_connector,sophisticatedstorage-1.20.1-1.4.75.2007.jar,True
sophisticatedstorage,sophisticatedstorage:limited_barrel_1,limited_barrel_1,sophisticatedstorage-1.20.1-1.4.75.2007.jar,True
sophisticatedstorage,sophisticatedstorage:limited_barrel_2,limited_barrel_2,sophisticatedstorage-1.20.1-1.4.75.2007.jar,True
sophisticatedstorage,sophisticatedstorage:limited_barrel_3,limited_barrel_3,sophisticatedstorage-1.20.1-1.4.75.2007.jar,True
sophisticatedstorage,sophisticatedstorage:limited_barrel_4,limited_barrel_4,sophisticatedstorage-1.20.1-1.4.75.2007.jar,True
sophisticatedstorage,sophisticatedstorage:limited_copper_barrel_1,limited_copper_barrel_1,sophisticatedstorage-1.20.1-1.4.75.2007.jar,True
sophisticatedstorage,sophisticatedstorage:limited_copper_barrel_2,limited_copper_barrel_2,sophisticatedstorage-1.20.1-1.4.75.2007.jar,True
sophisticatedstorage,sophisticatedstorage:limited_copper_barrel_3,limited_copper_barrel_3,sophisticatedstorage-1.20.1-1.4.75.2007.jar,True
sophisticatedstorage,sophisticatedstorage:limited_copper_barrel_4,limited_copper_barrel_4,sophisticatedstorage-1.20.1-1.4.75.2007.jar,True
sophisticatedstorage,sophisticatedstorage:limited_diamond_barrel_1,limited_diamond_barrel_1,sophisticatedstorage-1.20.1-1.4.75.2007.jar,True
sophisticatedstorage,sophisticatedstorage:limited_diamond_barrel_2,limited_diamond_barrel_2,sophisticatedstorage-1.20.1-1.4.75.2007.jar,True
sophisticatedstorage,sophisticatedstorage:limited_diamond_barrel_3,limited_diamond_barrel_3,sophisticatedstorage-1.20.1-1.4.75.2007.jar,True
sophisticatedstorage,sophisticatedstorage:limited_diamond_barrel_4,limited_diamond_barrel_4,sophisticatedstorage-1.20.1-1.4.75.2007.jar,True
sophisticatedstorage,sophisticatedstorage:limited_gold_barrel_1,limited_gold_barrel_1,sophisticatedstorage-1.20.1-1.4.75.2007.jar,True
sophisticatedstorage,sophisticatedstorage:limited_gold_barrel_2,limited_gold_barrel_2,sophisticatedstorage-1.20.1-1.4.75.2007.jar,True
sophisticatedstorage,sophisticatedstorage:limited_gold_barrel_3,limited_gold_barrel_3,sophisticatedstorage-1.20.1-1.4.75.2007.jar,True
sophisticatedstorage,sophisticatedstorage:limited_gold_barrel_4,limited_gold_barrel_4,sophisticatedstorage-1.20.1-1.4.75.2007.jar,True
sophisticatedstorage,sophisticatedstorage:limited_iron_barrel_1,limited_iron_barrel_1,sophisticatedstorage-1.20.1-1.4.75.2007.jar,True
sophisticatedstorage,sophisticatedstorage:limited_iron_barrel_2,limited_iron_barrel_2,sophisticatedstorage-1.20.1-1.4.75.2007.jar,True
sophisticatedstorage,sophisticatedstorage:limited_iron_barrel_3,limited_iron_barrel_3,sophisticatedstorage-1.20.1-1.4.75.2007.jar,True
sophisticatedstorage,sophisticatedstorage:limited_iron_barrel_4,limited_iron_barrel_4,sophisticatedstorage-1.20.1-1.4.75.2007.jar,True
sophisticatedstorage,sophisticatedstorage:limited_netherite_barrel_1,limited_netherite_barrel_1,sophisticatedstorage-1.20.1-1.4.75.2007.jar,True
sophisticatedstorage,sophisticatedstorage:limited_netherite_barrel_2,limited_netherite_barrel_2,sophisticatedstorage-1.20.1-1.4.75.2007.jar,True
sophisticatedstorage,sophisticatedstorage:limited_netherite_barrel_3,limited_netherite_barrel_3,sophisticatedstorage-1.20.1-1.4.75.2007.jar,True
sophisticatedstorage,sophisticatedstorage:limited_netherite_barrel_4,limited_netherite_barrel_4,sophisticatedstorage-1.20.1-1.4.75.2007.jar,True
sophisticatedstorage,sophisticatedstorage:mangrove_storage_connector,mangrove_storage_connector,sophisticatedstorage-1.20.1-1.4.75.2007.jar,True
sophisticatedstorage,sophisticatedstorage:netherite_barrel,netherite_barrel,sophisticatedstorage-1.20.1-1.4.75.2007.jar,True
sophisticatedstorage,sophisticatedstorage:netherite_chest,netherite_chest,sophisticatedstorage-1.20.1-1.4.75.2007.jar,True
sophisticatedstorage,sophisticatedstorage:netherite_shulker_box,netherite_shulker_box,sophisticatedstorage-1.20.1-1.4.75.2007.jar,False
sophisticatedstorage,sophisticatedstorage:oak_storage_connector,oak_storage_connector,sophisticatedstorage-1.20.1-1.4.75.2007.jar,True
sophisticatedstorage,sophisticatedstorage:shulker_box,shulker_box,sophisticatedstorage-1.20.1-1.4.75.2007.jar,False
sophisticatedstorage,sophisticatedstorage:spruce_storage_connector,spruce_storage_connector,sophisticatedstorage-1.20.1-1.4.75.2007.jar,True
sophisticatedstorage,sophisticatedstorage:storage_input,storage_input,sophisticatedstorage-1.20.1-1.4.75.2007.jar,True
sophisticatedstorage,sophisticatedstorage:storage_io,storage_io,sophisticatedstorage-1.20.1-1.4.75.2007.jar,True
sophisticatedstorage,sophisticatedstorage:storage_link,storage_link,sophisticatedstorage-1.20.1-1.4.75.2007.jar,True
sophisticatedstorage,sophisticatedstorage:storage_output,storage_output,sophisticatedstorage-1.20.1-1.4.75.2007.jar,True
sophisticatedstorage,sophisticatedstorage:warped_storage_connector,warped_storage_connector,sophisticatedstorage-1.20.1-1.4.75.2007.jar,True
superbwarfare,superbwarfare:aircraft_catapult,aircraft_catapult,superbwarfare-0.8.9-final-mc1.20.1-6effe4385-all.jar,False
superbwarfare,superbwarfare:barbed_wire,barbed_wire,superbwarfare-0.8.9-final-mc1.20.1-6effe4385-all.jar,False
superbwarfare,superbwarfare:biogas_generator,biogas_generator,superbwarfare-0.8.9-final-mc1.20.1-6effe4385-all.jar,False
superbwarfare,superbwarfare:blueprint_research_table,blueprint_research_table,superbwarfare-0.8.9-final-mc1.20.1-6effe4385-all.jar,True
superbwarfare,superbwarfare:cemented_carbide_block,cemented_carbide_block,superbwarfare-0.8.9-final-mc1.20.1-6effe4385-all.jar,False
superbwarfare,superbwarfare:charging_station,charging_station,superbwarfare-0.8.9-final-mc1.20.1-6effe4385-all.jar,False
superbwarfare,superbwarfare:container,container,superbwarfare-0.8.9-final-mc1.20.1-6effe4385-all.jar,False
superbwarfare,superbwarfare:creative_charging_station,creative_charging_station,superbwarfare-0.8.9-final-mc1.20.1-6effe4385-all.jar,False
superbwarfare,superbwarfare:creative_superb_item_interface,creative_superb_item_interface,superbwarfare-0.8.9-final-mc1.20.1-6effe4385-all.jar,False
superbwarfare,superbwarfare:deepslate_galena_ore,deepslate_galena_ore,superbwarfare-0.8.9-final-mc1.20.1-6effe4385-all.jar,False
superbwarfare,superbwarfare:deepslate_scheelite_ore,deepslate_scheelite_ore,superbwarfare-0.8.9-final-mc1.20.1-6effe4385-all.jar,False
superbwarfare,superbwarfare:deepslate_silver_ore,deepslate_silver_ore,superbwarfare-0.8.9-final-mc1.20.1-6effe4385-all.jar,False
superbwarfare,superbwarfare:dragon_teeth,dragon_teeth,superbwarfare-0.8.9-final-mc1.20.1-6effe4385-all.jar,False
superbwarfare,superbwarfare:fumo_25,fumo_25,superbwarfare-0.8.9-final-mc1.20.1-6effe4385-all.jar,False
superbwarfare,superbwarfare:galena_ore,galena_ore,superbwarfare-0.8.9-final-mc1.20.1-6effe4385-all.jar,False
superbwarfare,superbwarfare:jump_pad,jump_pad,superbwarfare-0.8.9-final-mc1.20.1-6effe4385-all.jar,False
superbwarfare,superbwarfare:lead_block,lead_block,superbwarfare-0.8.9-final-mc1.20.1-6effe4385-all.jar,False
superbwarfare,superbwarfare:lucky_container,lucky_container,superbwarfare-0.8.9-final-mc1.20.1-6effe4385-all.jar,False
superbwarfare,superbwarfare:raw_galena_block,raw_galena_block,superbwarfare-0.8.9-final-mc1.20.1-6effe4385-all.jar,False
superbwarfare,superbwarfare:raw_scheelite_block,raw_scheelite_block,superbwarfare-0.8.9-final-mc1.20.1-6effe4385-all.jar,False
superbwarfare,superbwarfare:raw_silver_block,raw_silver_block,superbwarfare-0.8.9-final-mc1.20.1-6effe4385-all.jar,False
superbwarfare,superbwarfare:reforging_table,reforging_table,superbwarfare-0.8.9-final-mc1.20.1-6effe4385-all.jar,True
superbwarfare,superbwarfare:sandbag,sandbag,superbwarfare-0.8.9-final-mc1.20.1-6effe4385-all.jar,False
superbwarfare,superbwarfare:scheelite_ore,scheelite_ore,superbwarfare-0.8.9-final-mc1.20.1-6effe4385-all.jar,False
superbwarfare,superbwarfare:silver_block,silver_block,superbwarfare-0.8.9-final-mc1.20.1-6effe4385-all.jar,False
superbwarfare,superbwarfare:silver_ore,silver_ore,superbwarfare-0.8.9-final-mc1.20.1-6effe4385-all.jar,False
superbwarfare,superbwarfare:small_container,small_container,superbwarfare-0.8.9-final-mc1.20.1-6effe4385-all.jar,False
superbwarfare,superbwarfare:steel_block,steel_block,superbwarfare-0.8.9-final-mc1.20.1-6effe4385-all.jar,False
superbwarfare,superbwarfare:superb_item_interface,superb_item_interface,superbwarfare-0.8.9-final-mc1.20.1-6effe4385-all.jar,False
superbwarfare,superbwarfare:tungsten_block,tungsten_block,superbwarfare-0.8.9-final-mc1.20.1-6effe4385-all.jar,False
superbwarfare,superbwarfare:vehicle_assembling_table,vehicle_assembling_table,superbwarfare-0.8.9-final-mc1.20.1-6effe4385-all.jar,True
superbwarfare,superbwarfare:vehicle_deployer,vehicle_deployer,superbwarfare-0.8.9-final-mc1.20.1-6effe4385-all.jar,False
supplementaries,supplementaries:ash,ash,supplementaries-1.20-3.1.43-forge.jar,False
supplementaries,supplementaries:ash_bricks,ash_bricks,supplementaries-1.20-3.1.43-forge.jar,False
supplementaries,supplementaries:ash_bricks_slab,ash_bricks_slab,supplementaries-1.20-3.1.43-forge.jar,False
supplementaries,supplementaries:ash_bricks_stairs,ash_bricks_stairs,supplementaries-1.20-3.1.43-forge.jar,False
supplementaries,supplementaries:ash_bricks_wall,ash_bricks_wall,supplementaries-1.20-3.1.43-forge.jar,False
supplementaries,supplementaries:ashen_basalt,ashen_basalt,supplementaries-1.20-3.1.43-forge.jar,False
supplementaries,supplementaries:awning,awning,supplementaries-1.20-3.1.43-forge.jar,False
supplementaries,supplementaries:awning_black,awning_black,supplementaries-1.20-3.1.43-forge.jar,False
supplementaries,supplementaries:awning_blue,awning_blue,supplementaries-1.20-3.1.43-forge.jar,False
supplementaries,supplementaries:awning_brown,awning_brown,supplementaries-1.20-3.1.43-forge.jar,False
supplementaries,supplementaries:awning_cyan,awning_cyan,supplementaries-1.20-3.1.43-forge.jar,False
supplementaries,supplementaries:awning_dark_gray,awning_dark_gray,supplementaries-1.20-3.1.43-forge.jar,False
supplementaries,supplementaries:awning_gray,awning_gray,supplementaries-1.20-3.1.43-forge.jar,False
supplementaries,supplementaries:awning_green,awning_green,supplementaries-1.20-3.1.43-forge.jar,False
supplementaries,supplementaries:awning_light_blue,awning_light_blue,supplementaries-1.20-3.1.43-forge.jar,False
supplementaries,supplementaries:awning_light_gray,awning_light_gray,supplementaries-1.20-3.1.43-forge.jar,False
supplementaries,supplementaries:awning_lime,awning_lime,supplementaries-1.20-3.1.43-forge.jar,False
supplementaries,supplementaries:awning_magenta,awning_magenta,supplementaries-1.20-3.1.43-forge.jar,False
supplementaries,supplementaries:awning_orange,awning_orange,supplementaries-1.20-3.1.43-forge.jar,False
supplementaries,supplementaries:awning_pink,awning_pink,supplementaries-1.20-3.1.43-forge.jar,False
supplementaries,supplementaries:awning_purple,awning_purple,supplementaries-1.20-3.1.43-forge.jar,False
supplementaries,supplementaries:awning_red,awning_red,supplementaries-1.20-3.1.43-forge.jar,False
supplementaries,supplementaries:awning_white,awning_white,supplementaries-1.20-3.1.43-forge.jar,False
supplementaries,supplementaries:awning_yellow,awning_yellow,supplementaries-1.20-3.1.43-forge.jar,False
supplementaries,supplementaries:bamboo_spikes,bamboo_spikes,supplementaries-1.20-3.1.43-forge.jar,False
supplementaries,supplementaries:bellows,bellows,supplementaries-1.20-3.1.43-forge.jar,False
supplementaries,supplementaries:blackboard,blackboard,supplementaries-1.20-3.1.43-forge.jar,False
supplementaries,supplementaries:blackstone_lamp,blackstone_lamp,supplementaries-1.20-3.1.43-forge.jar,False
supplementaries,supplementaries:blackstone_tile,blackstone_tile,supplementaries-1.20-3.1.43-forge.jar,False
supplementaries,supplementaries:blackstone_tile_slab,blackstone_tile_slab,supplementaries-1.20-3.1.43-forge.jar,False
supplementaries,supplementaries:blackstone_tile_stairs,blackstone_tile_stairs,supplementaries-1.20-3.1.43-forge.jar,False
supplementaries,supplementaries:blackstone_tile_wall,blackstone_tile_wall,supplementaries-1.20-3.1.43-forge.jar,False
supplementaries,supplementaries:blaze_rod,blaze_rod,supplementaries-1.20-3.1.43-forge.jar,False
supplementaries,supplementaries:block_generator,block_generator,supplementaries-1.20-3.1.43-forge.jar,False
supplementaries,supplementaries:book_pile,book_pile,supplementaries-1.20-3.1.43-forge.jar,False
supplementaries,supplementaries:book_pile_horizontal,book_pile_horizontal,supplementaries-1.20-3.1.43-forge.jar,False
supplementaries,supplementaries:bubble_block,bubble_block,supplementaries-1.20-3.1.43-forge.jar,False
supplementaries,supplementaries:cage,cage,supplementaries-1.20-3.1.43-forge.jar,False
supplementaries,supplementaries:candle_holder,candle_holder,supplementaries-1.20-3.1.43-forge.jar,False
supplementaries,supplementaries:candle_holder_black,candle_holder_black,supplementaries-1.20-3.1.43-forge.jar,False
supplementaries,supplementaries:candle_holder_blue,candle_holder_blue,supplementaries-1.20-3.1.43-forge.jar,False
supplementaries,supplementaries:candle_holder_brown,candle_holder_brown,supplementaries-1.20-3.1.43-forge.jar,False
supplementaries,supplementaries:candle_holder_cupric,candle_holder_cupric,supplementaries-1.20-3.1.43-forge.jar,False
supplementaries,supplementaries:candle_holder_cyan,candle_holder_cyan,supplementaries-1.20-3.1.43-forge.jar,False
supplementaries,supplementaries:candle_holder_ender,candle_holder_ender,supplementaries-1.20-3.1.43-forge.jar,False
supplementaries,supplementaries:candle_holder_gray,candle_holder_gray,supplementaries-1.20-3.1.43-forge.jar,False
supplementaries,supplementaries:candle_holder_green,candle_holder_green,supplementaries-1.20-3.1.43-forge.jar,False
supplementaries,supplementaries:candle_holder_light_blue,candle_holder_light_blue,supplementaries-1.20-3.1.43-forge.jar,False
supplementaries,supplementaries:candle_holder_light_gray,candle_holder_light_gray,supplementaries-1.20-3.1.43-forge.jar,False
supplementaries,supplementaries:candle_holder_lime,candle_holder_lime,supplementaries-1.20-3.1.43-forge.jar,False
supplementaries,supplementaries:candle_holder_magenta,candle_holder_magenta,supplementaries-1.20-3.1.43-forge.jar,False
supplementaries,supplementaries:candle_holder_orange,candle_holder_orange,supplementaries-1.20-3.1.43-forge.jar,False
supplementaries,supplementaries:candle_holder_pink,candle_holder_pink,supplementaries-1.20-3.1.43-forge.jar,False
supplementaries,supplementaries:candle_holder_purple,candle_holder_purple,supplementaries-1.20-3.1.43-forge.jar,False
supplementaries,supplementaries:candle_holder_red,candle_holder_red,supplementaries-1.20-3.1.43-forge.jar,False
supplementaries,supplementaries:candle_holder_soul,candle_holder_soul,supplementaries-1.20-3.1.43-forge.jar,False
supplementaries,supplementaries:candle_holder_spectacle,candle_holder_spectacle,supplementaries-1.20-3.1.43-forge.jar,False
supplementaries,supplementaries:candle_holder_white,candle_holder_white,supplementaries-1.20-3.1.43-forge.jar,False
supplementaries,supplementaries:candle_holder_yellow,candle_holder_yellow,supplementaries-1.20-3.1.43-forge.jar,False
supplementaries,supplementaries:cannon,cannon,supplementaries-1.20-3.1.43-forge.jar,False
supplementaries,supplementaries:cannonball,cannonball,supplementaries-1.20-3.1.43-forge.jar,False
supplementaries,supplementaries:checker_block,checker_block,supplementaries-1.20-3.1.43-forge.jar,False
supplementaries,supplementaries:checker_slab,checker_slab,supplementaries-1.20-3.1.43-forge.jar,False
supplementaries,supplementaries:clock_block,clock_block,supplementaries-1.20-3.1.43-forge.jar,False
supplementaries,supplementaries:cog_block,cog_block,supplementaries-1.20-3.1.43-forge.jar,False
supplementaries,supplementaries:cracked_bell,cracked_bell,supplementaries-1.20-3.1.43-forge.jar,False
supplementaries,supplementaries:crank,crank,supplementaries-1.20-3.1.43-forge.jar,False
supplementaries,supplementaries:crystal_display,crystal_display,supplementaries-1.20-3.1.43-forge.jar,True
supplementaries,supplementaries:daub,daub,supplementaries-1.20-3.1.43-forge.jar,False
supplementaries,supplementaries:daub_brace,daub_brace,supplementaries-1.20-3.1.43-forge.jar,False
supplementaries,supplementaries:daub_cross_brace,daub_cross_brace,supplementaries-1.20-3.1.43-forge.jar,False
supplementaries,supplementaries:daub_frame,daub_frame,supplementaries-1.20-3.1.43-forge.jar,False
supplementaries,supplementaries:deepslate_lamp,deepslate_lamp,supplementaries-1.20-3.1.43-forge.jar,False
supplementaries,supplementaries:diode_block,diode_block,supplementaries-1.20-3.1.43-forge.jar,False
supplementaries,supplementaries:doormat,doormat,supplementaries-1.20-3.1.43-forge.jar,False
supplementaries,supplementaries:drawers,drawers,supplementaries-1.20-3.1.43-forge.jar,True
supplementaries,supplementaries:edelwood_stick,edelwood_stick,supplementaries-1.20-3.1.43-forge.jar,False
supplementaries,supplementaries:end_stone_lamp,end_stone_lamp,supplementaries-1.20-3.1.43-forge.jar,False
supplementaries,supplementaries:enderman_head,enderman_head,supplementaries-1.20-3.1.43-forge.jar,False
supplementaries,supplementaries:enderman_wall_head,enderman_wall_head,supplementaries-1.20-3.1.43-forge.jar,False
supplementaries,supplementaries:faucet,faucet,supplementaries-1.20-3.1.43-forge.jar,False
supplementaries,supplementaries:feather_block,feather_block,supplementaries-1.20-3.1.43-forge.jar,False
supplementaries,supplementaries:fine_wood,fine_wood,supplementaries-1.20-3.1.43-forge.jar,False
supplementaries,supplementaries:fine_wood_slab,fine_wood_slab,supplementaries-1.20-3.1.43-forge.jar,False
supplementaries,supplementaries:fine_wood_stairs,fine_wood_stairs,supplementaries-1.20-3.1.43-forge.jar,False
supplementaries,supplementaries:fire_pit,fire_pit,supplementaries-1.20-3.1.43-forge.jar,False
supplementaries,supplementaries:flag_black,flag_black,supplementaries-1.20-3.1.43-forge.jar,False
supplementaries,supplementaries:flag_blue,flag_blue,supplementaries-1.20-3.1.43-forge.jar,False
supplementaries,supplementaries:flag_brown,flag_brown,supplementaries-1.20-3.1.43-forge.jar,False
supplementaries,supplementaries:flag_cyan,flag_cyan,supplementaries-1.20-3.1.43-forge.jar,False
supplementaries,supplementaries:flag_gray,flag_gray,supplementaries-1.20-3.1.43-forge.jar,False
supplementaries,supplementaries:flag_green,flag_green,supplementaries-1.20-3.1.43-forge.jar,False
supplementaries,supplementaries:flag_light_blue,flag_light_blue,supplementaries-1.20-3.1.43-forge.jar,False
supplementaries,supplementaries:flag_light_gray,flag_light_gray,supplementaries-1.20-3.1.43-forge.jar,False
supplementaries,supplementaries:flag_lime,flag_lime,supplementaries-1.20-3.1.43-forge.jar,False
supplementaries,supplementaries:flag_magenta,flag_magenta,supplementaries-1.20-3.1.43-forge.jar,False
supplementaries,supplementaries:flag_orange,flag_orange,supplementaries-1.20-3.1.43-forge.jar,False
supplementaries,supplementaries:flag_pink,flag_pink,supplementaries-1.20-3.1.43-forge.jar,False
supplementaries,supplementaries:flag_purple,flag_purple,supplementaries-1.20-3.1.43-forge.jar,False
supplementaries,supplementaries:flag_red,flag_red,supplementaries-1.20-3.1.43-forge.jar,False
supplementaries,supplementaries:flag_white,flag_white,supplementaries-1.20-3.1.43-forge.jar,False
supplementaries,supplementaries:flag_yellow,flag_yellow,supplementaries-1.20-3.1.43-forge.jar,False
supplementaries,supplementaries:flax,flax,supplementaries-1.20-3.1.43-forge.jar,False
supplementaries,supplementaries:flax_block,flax_block,supplementaries-1.20-3.1.43-forge.jar,False
supplementaries,supplementaries:flint_block,flint_block,supplementaries-1.20-3.1.43-forge.jar,False
supplementaries,supplementaries:flower_box,flower_box,supplementaries-1.20-3.1.43-forge.jar,False
supplementaries,supplementaries:fodder,fodder,supplementaries-1.20-3.1.43-forge.jar,False
supplementaries,supplementaries:globe,globe,supplementaries-1.20-3.1.43-forge.jar,False
supplementaries,supplementaries:globe_sepia,globe_sepia,supplementaries-1.20-3.1.43-forge.jar,False
supplementaries,supplementaries:goblet,goblet,supplementaries-1.20-3.1.43-forge.jar,False
supplementaries,supplementaries:gold_door,gold_door,supplementaries-1.20-3.1.43-forge.jar,False
supplementaries,supplementaries:gold_gate,gold_gate,supplementaries-1.20-3.1.43-forge.jar,False
supplementaries,supplementaries:gold_trapdoor,gold_trapdoor,supplementaries-1.20-3.1.43-forge.jar,False
supplementaries,supplementaries:gravel_bricks,gravel_bricks,supplementaries-1.20-3.1.43-forge.jar,False
supplementaries,supplementaries:gunpowder,gunpowder,supplementaries-1.20-3.1.43-forge.jar,False
supplementaries,supplementaries:hourglass,hourglass,supplementaries-1.20-3.1.43-forge.jar,False
supplementaries,supplementaries:iron_gate,iron_gate,supplementaries-1.20-3.1.43-forge.jar,False
supplementaries,supplementaries:item_shelf,item_shelf,supplementaries-1.20-3.1.43-forge.jar,True
supplementaries,supplementaries:jar,jar,supplementaries-1.20-3.1.43-forge.jar,False
supplementaries,supplementaries:jar_boat,jar_boat,supplementaries-1.20-3.1.43-forge.jar,False
supplementaries,supplementaries:jar_tinted,jar_tinted,supplementaries-1.20-3.1.43-forge.jar,False
supplementaries,supplementaries:label,label,supplementaries-1.20-3.1.43-forge.jar,False
supplementaries,supplementaries:lapis_bricks,lapis_bricks,supplementaries-1.20-3.1.43-forge.jar,False
supplementaries,supplementaries:lapis_bricks_slab,lapis_bricks_slab,supplementaries-1.20-3.1.43-forge.jar,False
supplementaries,supplementaries:lapis_bricks_stairs,lapis_bricks_stairs,supplementaries-1.20-3.1.43-forge.jar,False
supplementaries,supplementaries:lapis_bricks_wall,lapis_bricks_wall,supplementaries-1.20-3.1.43-forge.jar,False
supplementaries,supplementaries:lock_block,lock_block,supplementaries-1.20-3.1.43-forge.jar,False
supplementaries,supplementaries:lumisene,lumisene,supplementaries-1.20-3.1.43-forge.jar,False
supplementaries,supplementaries:lunch_basket,lunch_basket,supplementaries-1.20-3.1.43-forge.jar,False
supplementaries,supplementaries:mob_jar,mob_jar,supplementaries-1.20-3.1.43-forge.jar,False
supplementaries,supplementaries:moving_slidy_block,moving_slidy_block,supplementaries-1.20-3.1.43-forge.jar,False
supplementaries,supplementaries:moving_slidy_block_source,moving_slidy_block_source,supplementaries-1.20-3.1.43-forge.jar,False
supplementaries,supplementaries:netherite_door,netherite_door,supplementaries-1.20-3.1.43-forge.jar,False
supplementaries,supplementaries:netherite_trapdoor,netherite_trapdoor,supplementaries-1.20-3.1.43-forge.jar,False
supplementaries,supplementaries:notice_board,notice_board,supplementaries-1.20-3.1.43-forge.jar,False
supplementaries,supplementaries:pancake,pancake,supplementaries-1.20-3.1.43-forge.jar,False
supplementaries,supplementaries:pedestal,pedestal,supplementaries-1.20-3.1.43-forge.jar,False
supplementaries,supplementaries:planter,planter,supplementaries-1.20-3.1.43-forge.jar,False
supplementaries,supplementaries:potted_flax,potted_flax,supplementaries-1.20-3.1.43-forge.jar,False
supplementaries,supplementaries:present,present,supplementaries-1.20-3.1.43-forge.jar,False
supplementaries,supplementaries:present_black,present_black,supplementaries-1.20-3.1.43-forge.jar,False
supplementaries,supplementaries:present_blue,present_blue,supplementaries-1.20-3.1.43-forge.jar,False
supplementaries,supplementaries:present_brown,present_brown,supplementaries-1.20-3.1.43-forge.jar,False
supplementaries,supplementaries:present_cyan,present_cyan,supplementaries-1.20-3.1.43-forge.jar,False
supplementaries,supplementaries:present_gray,present_gray,supplementaries-1.20-3.1.43-forge.jar,False
supplementaries,supplementaries:present_green,present_green,supplementaries-1.20-3.1.43-forge.jar,False
supplementaries,supplementaries:present_light_blue,present_light_blue,supplementaries-1.20-3.1.43-forge.jar,False
supplementaries,supplementaries:present_light_gray,present_light_gray,supplementaries-1.20-3.1.43-forge.jar,False
supplementaries,supplementaries:present_lime,present_lime,supplementaries-1.20-3.1.43-forge.jar,False
supplementaries,supplementaries:present_magenta,present_magenta,supplementaries-1.20-3.1.43-forge.jar,False
supplementaries,supplementaries:present_orange,present_orange,supplementaries-1.20-3.1.43-forge.jar,False
supplementaries,supplementaries:present_pink,present_pink,supplementaries-1.20-3.1.43-forge.jar,False
supplementaries,supplementaries:present_purple,present_purple,supplementaries-1.20-3.1.43-forge.jar,False
supplementaries,supplementaries:present_red,present_red,supplementaries-1.20-3.1.43-forge.jar,False
supplementaries,supplementaries:present_white,present_white,supplementaries-1.20-3.1.43-forge.jar,False
supplementaries,supplementaries:present_yellow,present_yellow,supplementaries-1.20-3.1.43-forge.jar,False
supplementaries,supplementaries:prismarine_rod,prismarine_rod,supplementaries-1.20-3.1.43-forge.jar,False
supplementaries,supplementaries:propelplant_cane,propelplant_cane,supplementaries-1.20-3.1.43-forge.jar,False
supplementaries,supplementaries:pulley_block,pulley_block,supplementaries-1.20-3.1.43-forge.jar,False
supplementaries,supplementaries:raked_gravel,raked_gravel,supplementaries-1.20-3.1.43-forge.jar,False
supplementaries,supplementaries:redstone_illuminator,redstone_illuminator,supplementaries-1.20-3.1.43-forge.jar,False
supplementaries,supplementaries:relayer,relayer,supplementaries-1.20-3.1.43-forge.jar,False
supplementaries,supplementaries:rope,rope,supplementaries-1.20-3.1.43-forge.jar,False
supplementaries,supplementaries:rope_buntings,rope_buntings,supplementaries-1.20-3.1.43-forge.jar,False
supplementaries,supplementaries:rope_chandelier,rope_chandelier,supplementaries-1.20-3.1.43-forge.jar,False
supplementaries,supplementaries:rope_ender_chandelier,rope_ender_chandelier,supplementaries-1.20-3.1.43-forge.jar,False
supplementaries,supplementaries:rope_glow_chandelier,rope_glow_chandelier,supplementaries-1.20-3.1.43-forge.jar,False
supplementaries,supplementaries:rope_knot,rope_knot,supplementaries-1.20-3.1.43-forge.jar,False
supplementaries,supplementaries:rope_soul_chandelier,rope_soul_chandelier,supplementaries-1.20-3.1.43-forge.jar,False
supplementaries,supplementaries:rope_tomatoes,rope_tomatoes,supplementaries-1.20-3.1.43-forge.jar,False
supplementaries,supplementaries:sack,sack,supplementaries-1.20-3.1.43-forge.jar,False
supplementaries,supplementaries:safe,safe,supplementaries-1.20-3.1.43-forge.jar,False
supplementaries,supplementaries:sconce,sconce,supplementaries-1.20-3.1.43-forge.jar,False
supplementaries,supplementaries:sconce_ender,sconce_ender,supplementaries-1.20-3.1.43-forge.jar,False
supplementaries,supplementaries:sconce_glow,sconce_glow,supplementaries-1.20-3.1.43-forge.jar,False
supplementaries,supplementaries:sconce_green,sconce_green,supplementaries-1.20-3.1.43-forge.jar,False
supplementaries,supplementaries:sconce_lever,sconce_lever,supplementaries-1.20-3.1.43-forge.jar,False
supplementaries,supplementaries:sconce_nether_brass,sconce_nether_brass,supplementaries-1.20-3.1.43-forge.jar,False
supplementaries,supplementaries:sconce_soul,sconce_soul,supplementaries-1.20-3.1.43-forge.jar,False
supplementaries,supplementaries:sconce_wall,sconce_wall,supplementaries-1.20-3.1.43-forge.jar,False
supplementaries,supplementaries:sconce_wall_ender,sconce_wall_ender,supplementaries-1.20-3.1.43-forge.jar,False
supplementaries,supplementaries:sconce_wall_glow,sconce_wall_glow,supplementaries-1.20-3.1.43-forge.jar,False
supplementaries,supplementaries:sconce_wall_green,sconce_wall_green,supplementaries-1.20-3.1.43-forge.jar,False
supplementaries,supplementaries:sconce_wall_nether_brass,sconce_wall_nether_brass,supplementaries-1.20-3.1.43-forge.jar,False
supplementaries,supplementaries:sconce_wall_soul,sconce_wall_soul,supplementaries-1.20-3.1.43-forge.jar,False
supplementaries,supplementaries:sign_post,sign_post,supplementaries-1.20-3.1.43-forge.jar,False
supplementaries,supplementaries:sign_post_wall,sign_post_wall,supplementaries-1.20-3.1.43-forge.jar,False
supplementaries,supplementaries:slidy_block,slidy_block,supplementaries-1.20-3.1.43-forge.jar,False
supplementaries,supplementaries:soap_block,soap_block,supplementaries-1.20-3.1.43-forge.jar,False
supplementaries,supplementaries:soul_jar,soul_jar,supplementaries-1.20-3.1.43-forge.jar,False
supplementaries,supplementaries:speaker_block,speaker_block,supplementaries-1.20-3.1.43-forge.jar,False
supplementaries,supplementaries:spring_launcher,spring_launcher,supplementaries-1.20-3.1.43-forge.jar,False
supplementaries,supplementaries:spring_launcher_arm,spring_launcher_arm,supplementaries-1.20-3.1.43-forge.jar,False
supplementaries,supplementaries:spring_launcher_head,spring_launcher_head,supplementaries-1.20-3.1.43-forge.jar,False
supplementaries,supplementaries:statue,statue,supplementaries-1.20-3.1.43-forge.jar,False
supplementaries,supplementaries:stick,stick,supplementaries-1.20-3.1.43-forge.jar,False
supplementaries,supplementaries:stick_tomatoes,stick_tomatoes,supplementaries-1.20-3.1.43-forge.jar,False
supplementaries,supplementaries:stone_lamp,stone_lamp,supplementaries-1.20-3.1.43-forge.jar,False
supplementaries,supplementaries:stone_tile,stone_tile,supplementaries-1.20-3.1.43-forge.jar,False
supplementaries,supplementaries:stone_tile_slab,stone_tile_slab,supplementaries-1.20-3.1.43-forge.jar,False
supplementaries,supplementaries:stone_tile_stairs,stone_tile_stairs,supplementaries-1.20-3.1.43-forge.jar,False
supplementaries,supplementaries:stone_tile_wall,stone_tile_wall,supplementaries-1.20-3.1.43-forge.jar,False
supplementaries,supplementaries:structure_temp,structure_temp,supplementaries-1.20-3.1.43-forge.jar,False
supplementaries,supplementaries:sugar_cube,sugar_cube,supplementaries-1.20-3.1.43-forge.jar,False
supplementaries,supplementaries:suspicious_gravel_bricks,suspicious_gravel_bricks,supplementaries-1.20-3.1.43-forge.jar,False
supplementaries,supplementaries:tater_in_a_jar,tater_in_a_jar,supplementaries-1.20-3.1.43-forge.jar,False
supplementaries,supplementaries:timber_brace,timber_brace,supplementaries-1.20-3.1.43-forge.jar,False
supplementaries,supplementaries:timber_cross_brace,timber_cross_brace,supplementaries-1.20-3.1.43-forge.jar,False
supplementaries,supplementaries:timber_frame,timber_frame,supplementaries-1.20-3.1.43-forge.jar,False
supplementaries,supplementaries:trapped_present,trapped_present,supplementaries-1.20-3.1.43-forge.jar,False
supplementaries,supplementaries:trapped_present_black,trapped_present_black,supplementaries-1.20-3.1.43-forge.jar,False
supplementaries,supplementaries:trapped_present_blue,trapped_present_blue,supplementaries-1.20-3.1.43-forge.jar,False
supplementaries,supplementaries:trapped_present_brown,trapped_present_brown,supplementaries-1.20-3.1.43-forge.jar,False
supplementaries,supplementaries:trapped_present_cyan,trapped_present_cyan,supplementaries-1.20-3.1.43-forge.jar,False
supplementaries,supplementaries:trapped_present_gray,trapped_present_gray,supplementaries-1.20-3.1.43-forge.jar,False
supplementaries,supplementaries:trapped_present_green,trapped_present_green,supplementaries-1.20-3.1.43-forge.jar,False
supplementaries,supplementaries:trapped_present_light_blue,trapped_present_light_blue,supplementaries-1.20-3.1.43-forge.jar,False
supplementaries,supplementaries:trapped_present_light_gray,trapped_present_light_gray,supplementaries-1.20-3.1.43-forge.jar,False
supplementaries,supplementaries:trapped_present_lime,trapped_present_lime,supplementaries-1.20-3.1.43-forge.jar,False
supplementaries,supplementaries:trapped_present_magenta,trapped_present_magenta,supplementaries-1.20-3.1.43-forge.jar,False
supplementaries,supplementaries:trapped_present_orange,trapped_present_orange,supplementaries-1.20-3.1.43-forge.jar,False
supplementaries,supplementaries:trapped_present_pink,trapped_present_pink,supplementaries-1.20-3.1.43-forge.jar,False
supplementaries,supplementaries:trapped_present_purple,trapped_present_purple,supplementaries-1.20-3.1.43-forge.jar,False
supplementaries,supplementaries:trapped_present_red,trapped_present_red,supplementaries-1.20-3.1.43-forge.jar,False
supplementaries,supplementaries:trapped_present_white,trapped_present_white,supplementaries-1.20-3.1.43-forge.jar,False
supplementaries,supplementaries:trapped_present_yellow,trapped_present_yellow,supplementaries-1.20-3.1.43-forge.jar,False
supplementaries,supplementaries:turn_table,turn_table,supplementaries-1.20-3.1.43-forge.jar,True
supplementaries,supplementaries:urn,urn,supplementaries-1.20-3.1.43-forge.jar,False
supplementaries,supplementaries:wicker_fence,wicker_fence,supplementaries-1.20-3.1.43-forge.jar,False
supplementaries,supplementaries:wild_flax,wild_flax,supplementaries-1.20-3.1.43-forge.jar,False
supplementaries,supplementaries:wind_vane,wind_vane,supplementaries-1.20-3.1.43-forge.jar,False
survival_instinct,survival_instinct:aluminium_block,aluminium_block,survival_instinct-1.0.2-forge-1.20.1.jar,False
survival_instinct,survival_instinct:barricade,barricade,survival_instinct-1.0.2-forge-1.20.1.jar,False
survival_instinct,survival_instinct:bear_trap,bear_trap,survival_instinct-1.0.2-forge-1.20.1.jar,False
survival_instinct,survival_instinct:bear_trap_close,bear_trap_close,survival_instinct-1.0.2-forge-1.20.1.jar,False
survival_instinct,survival_instinct:cash_register,cash_register,survival_instinct-1.0.2-forge-1.20.1.jar,False
survival_instinct,survival_instinct:crate,crate,survival_instinct-1.0.2-forge-1.20.1.jar,True
survival_instinct,survival_instinct:deepslate_sulfur_ore,deepslate_sulfur_ore,survival_instinct-1.0.2-forge-1.20.1.jar,False
survival_instinct,survival_instinct:explosive_barrel,explosive_barrel,survival_instinct-1.0.2-forge-1.20.1.jar,True
survival_instinct,survival_instinct:homemade_mine,homemade_mine,survival_instinct-1.0.2-forge-1.20.1.jar,False
survival_instinct,survival_instinct:propane,propane,survival_instinct-1.0.2-forge-1.20.1.jar,False
survival_instinct,survival_instinct:raw_steellium_block,raw_steellium_block,survival_instinct-1.0.2-forge-1.20.1.jar,False
survival_instinct,survival_instinct:refrigerator,refrigerator,survival_instinct-1.0.2-forge-1.20.1.jar,False
survival_instinct,survival_instinct:rope_trap,rope_trap,survival_instinct-1.0.2-forge-1.20.1.jar,False
survival_instinct,survival_instinct:steellium_block,steellium_block,survival_instinct-1.0.2-forge-1.20.1.jar,False
survival_instinct,survival_instinct:steellium_ore,steellium_ore,survival_instinct-1.0.2-forge-1.20.1.jar,False
survival_instinct,survival_instinct:stop_sing,stop_sing,survival_instinct-1.0.2-forge-1.20.1.jar,False
survival_instinct,survival_instinct:sulfur_ore,sulfur_ore,survival_instinct-1.0.2-forge-1.20.1.jar,False
survival_instinct,survival_instinct:trash_can,trash_can,survival_instinct-1.0.2-forge-1.20.1.jar,False
survival_instinct,survival_instinct:wire,wire,survival_instinct-1.0.2-forge-1.20.1.jar,False
survival_instinct,survival_instinct:wire_trap,wire_trap,survival_instinct-1.0.2-forge-1.20.1.jar,False
tacz,tacz:gun_smith_table,gun_smith_table,tacz-1.20.1-1.1.8-hotfix.jar,True
tacz,tacz:statue,statue,tacz-1.20.1-1.1.8-hotfix.jar,False
tacz,tacz:target,target,tacz-1.20.1-1.1.8-hotfix.jar,False
tacz,tacz:workbench_a,workbench_a,tacz-1.20.1-1.1.8-hotfix.jar,False
tacz,tacz:workbench_b,workbench_b,tacz-1.20.1-1.1.8-hotfix.jar,False
tacz,tacz:workbench_c,workbench_c,tacz-1.20.1-1.1.8-hotfix.jar,False
thirst,thirst:sand_filter,sand_filter,ThirstWasTaken-1.20.1-1.4.0.jar,False
tobacconistmod,tobacconistmod:burley_tobacco_crate,burley_tobacco_crate,tobacconistmod-3.0.0-forge-1.20.1.jar,True
tobacconistmod,tobacconistmod:dokha_tobacco_crate,dokha_tobacco_crate,tobacconistmod-3.0.0-forge-1.20.1.jar,True
tobacconistmod,tobacconistmod:flue_firebox,flue_firebox,tobacconistmod-3.0.0-forge-1.20.1.jar,False
tobacconistmod,tobacconistmod:hookah_block,hookah_block,tobacconistmod-3.0.0-forge-1.20.1.jar,False
tobacconistmod,tobacconistmod:oriental_tobacco_crate,oriental_tobacco_crate,tobacconistmod-3.0.0-forge-1.20.1.jar,True
tobacconistmod,tobacconistmod:ornate_amethyst_hookah_block,ornate_amethyst_hookah_block,tobacconistmod-3.0.0-forge-1.20.1.jar,False
tobacconistmod,tobacconistmod:ornate_copper_hookah_block,ornate_copper_hookah_block,tobacconistmod-3.0.0-forge-1.20.1.jar,False
tobacconistmod,tobacconistmod:ornate_diamond_hookah_block,ornate_diamond_hookah_block,tobacconistmod-3.0.0-forge-1.20.1.jar,False
tobacconistmod,tobacconistmod:ornate_gold_hookah_block,ornate_gold_hookah_block,tobacconistmod-3.0.0-forge-1.20.1.jar,False
tobacconistmod,tobacconistmod:ornate_iron_hookah_block,ornate_iron_hookah_block,tobacconistmod-3.0.0-forge-1.20.1.jar,False
tobacconistmod,tobacconistmod:shade_tobacco_crate,shade_tobacco_crate,tobacconistmod-3.0.0-forge-1.20.1.jar,True
tobacconistmod,tobacconistmod:tobacco_barrel,tobacco_barrel,tobacconistmod-3.0.0-forge-1.20.1.jar,True
tobacconistmod,tobacconistmod:tobacco_crop_burley,tobacco_crop_burley,tobacconistmod-3.0.0-forge-1.20.1.jar,False
tobacconistmod,tobacconistmod:tobacco_crop_dokha,tobacco_crop_dokha,tobacconistmod-3.0.0-forge-1.20.1.jar,False
tobacconistmod,tobacconistmod:tobacco_crop_oriental,tobacco_crop_oriental,tobacconistmod-3.0.0-forge-1.20.1.jar,False
tobacconistmod,tobacconistmod:tobacco_crop_shade,tobacco_crop_shade,tobacconistmod-3.0.0-forge-1.20.1.jar,False
tobacconistmod,tobacconistmod:tobacco_crop_virginia,tobacco_crop_virginia,tobacconistmod-3.0.0-forge-1.20.1.jar,False
tobacconistmod,tobacconistmod:tobacco_crop_wild,tobacco_crop_wild,tobacconistmod-3.0.0-forge-1.20.1.jar,False
tobacconistmod,tobacconistmod:tobacco_drying_rack_block,tobacco_drying_rack_block,tobacconistmod-3.0.0-forge-1.20.1.jar,False
tobacconistmod,tobacconistmod:virginia_tobacco_crate,virginia_tobacco_crate,tobacconistmod-3.0.0-forge-1.20.1.jar,True
tobacconistmod,tobacconistmod:wild_flowering_tobacco_block,wild_flowering_tobacco_block,tobacconistmod-3.0.0-forge-1.20.1.jar,False
tobacconistmod,tobacconistmod:wild_tobacco_crate,wild_tobacco_crate,tobacconistmod-3.0.0-forge-1.20.1.jar,True
toms_storage,toms_storage:ts.crafting_terminal,ts.crafting_terminal,toms_storage-1.20-1.7.1.jar,False
toms_storage,toms_storage:ts.inventory_cable,ts.inventory_cable,toms_storage-1.20-1.7.1.jar,False
toms_storage,toms_storage:ts.inventory_cable_connector,ts.inventory_cable_connector,toms_storage-1.20-1.7.1.jar,False
toms_storage,toms_storage:ts.inventory_cable_connector_filtered,ts.inventory_cable_connector_filtered,toms_storage-1.20-1.7.1.jar,False
toms_storage,toms_storage:ts.inventory_cable_connector_framed,ts.inventory_cable_connector_framed,toms_storage-1.20-1.7.1.jar,False
toms_storage,toms_storage:ts.inventory_cable_framed,ts.inventory_cable_framed,toms_storage-1.20-1.7.1.jar,False
toms_storage,toms_storage:ts.inventory_connector,ts.inventory_connector,toms_storage-1.20-1.7.1.jar,False
toms_storage,toms_storage:ts.inventory_hopper_basic,ts.inventory_hopper_basic,toms_storage-1.20-1.7.1.jar,False
toms_storage,toms_storage:ts.inventory_proxy,ts.inventory_proxy,toms_storage-1.20-1.7.1.jar,False
toms_storage,toms_storage:ts.level_emitter,ts.level_emitter,toms_storage-1.20-1.7.1.jar,False
toms_storage,toms_storage:ts.open_crate,ts.open_crate,toms_storage-1.20-1.7.1.jar,True
toms_storage,toms_storage:ts.painted_trim,ts.painted_trim,toms_storage-1.20-1.7.1.jar,False
toms_storage,toms_storage:ts.storage_terminal,ts.storage_terminal,toms_storage-1.20-1.7.1.jar,True
toms_storage,toms_storage:ts.trim,ts.trim,toms_storage-1.20-1.7.1.jar,False
vehicle,vehicle:blaze_juice,blaze_juice,vehicle-mod-26w30b.jar,False
vehicle,vehicle:boost_pad,boost_pad,vehicle-mod-26w30b.jar,False
vehicle,vehicle:ender_sap,ender_sap,vehicle-mod-26w30b.jar,False
vehicle,vehicle:fluid_extractor,fluid_extractor,vehicle-mod-26w30b.jar,False
vehicle,vehicle:fluid_mixer,fluid_mixer,vehicle-mod-26w30b.jar,False
vehicle,vehicle:fluid_pipe,fluid_pipe,vehicle-mod-26w30b.jar,False
vehicle,vehicle:fluid_pump,fluid_pump,vehicle-mod-26w30b.jar,False
vehicle,vehicle:fuel_drum,fuel_drum,vehicle-mod-26w30b.jar,False
vehicle,vehicle:fuelium,fuelium,vehicle-mod-26w30b.jar,False
vehicle,vehicle:gas_pump,gas_pump,vehicle-mod-26w30b.jar,False
vehicle,vehicle:industrial_fuel_drum,industrial_fuel_drum,vehicle-mod-26w30b.jar,False
vehicle,vehicle:jack,jack,vehicle-mod-26w30b.jar,False
vehicle,vehicle:jack_head,jack_head,vehicle-mod-26w30b.jar,False
vehicle,vehicle:traffic_cone,traffic_cone,vehicle-mod-26w30b.jar,False
vehicle,vehicle:vehicle_crate,vehicle_crate,vehicle-mod-26w30b.jar,True
vehicle,vehicle:workstation,workstation,vehicle-mod-26w30b.jar,False
vslab_compat,vslab_compat:checker_vertical_slab,checker_vertical_slab,supplementaries-1.20-3.1.43-forge.jar,False
